transaction_id,payment_format,source_is_laundering
IBMAML-00000004,Reinvestment,0
IBMAML-00000007,Reinvestment,0
IBMAML-00000050,Cheque,0
IBMAML-00000051,ACH,0
IBMAML-00000052,ACH,0
IBMAML-00000054,Reinvestment,0
IBMAML-00000103,Reinvestment,0
IBMAML-00000104,Reinvestment,0
IBMAML-00000108,Reinvestment,0
IBMAML-00000117,Reinvestment,0
IBMAML-00000126,Reinvestment,0
IBMAML-00000128,Cheque,0
IBMAML-00000130,Reinvestment,0
IBMAML-00000133,Reinvestment,0
IBMAML-00000140,Reinvestment,0
IBMAML-00000144,Reinvestment,0
IBMAML-00000153,Reinvestment,0
IBMAML-00000155,Reinvestment,0
IBMAML-00000161,Reinvestment,0
IBMAML-00000163,Cheque,0
IBMAML-00000164,ACH,0
IBMAML-00000181,Reinvestment,0
IBMAML-00000182,Reinvestment,0
IBMAML-00000184,Reinvestment,0
IBMAML-00000190,Cheque,0
IBMAML-00000191,ACH,0
IBMAML-00000193,Reinvestment,0
IBMAML-00000220,Cheque,0
IBMAML-00000221,Credit Card,0
IBMAML-00000222,Reinvestment,0
IBMAML-00000224,Reinvestment,0
IBMAML-00000226,Reinvestment,0
IBMAML-00000242,Reinvestment,0
IBMAML-00000259,Cheque,0
IBMAML-00000260,Cash,0
IBMAML-00000261,Reinvestment,0
IBMAML-00000282,Reinvestment,0
IBMAML-00000285,Reinvestment,0
IBMAML-00000287,Reinvestment,0
IBMAML-00000288,Reinvestment,0
IBMAML-00000302,Cheque,0
IBMAML-00000303,Credit Card,0
IBMAML-00000304,Cash,0
IBMAML-00000433,Reinvestment,0
IBMAML-00000435,Reinvestment,0
IBMAML-00000436,Reinvestment,0
IBMAML-00000467,Cheque,0
IBMAML-00000468,Credit Card,0
IBMAML-00000474,Cheque,0
IBMAML-00000475,Credit Card,0
IBMAML-00000476,Cash,0
IBMAML-00000503,Cheque,0
IBMAML-00000504,Cash,0
IBMAML-00000570,Reinvestment,0
IBMAML-00000579,Cheque,0
IBMAML-00000580,Credit Card,0
IBMAML-00000581,Cash,0
IBMAML-00000600,Reinvestment,0
IBMAML-00000601,Reinvestment,0
IBMAML-00000630,Cheque,0
IBMAML-00000631,Credit Card,0
IBMAML-00000632,Cash,0
IBMAML-00000633,ACH,0
IBMAML-00000674,Cheque,0
IBMAML-00000675,Cash,0
IBMAML-00000686,Reinvestment,0
IBMAML-00000700,Reinvestment,0
IBMAML-00000755,Cheque,0
IBMAML-00000756,Credit Card,0
IBMAML-00000757,Cash,0
IBMAML-00000758,Wire,0
IBMAML-00000874,Cheque,0
IBMAML-00000875,Credit Card,0
IBMAML-00000876,Cash,0
IBMAML-00000883,Cheque,0
IBMAML-00000884,Cash,0
IBMAML-00000887,Cheque,0
IBMAML-00000888,Credit Card,0
IBMAML-00000911,Cheque,0
IBMAML-00000912,Credit Card,0
IBMAML-00000942,Credit Card,0
IBMAML-00000974,Credit Card,0
IBMAML-00000978,Reinvestment,0
IBMAML-00001000,Cheque,0
IBMAML-00001042,Reinvestment,0
IBMAML-00001073,Cheque,0
IBMAML-00001074,Credit Card,0
IBMAML-00001075,Reinvestment,0
IBMAML-00001089,Cheque,0
IBMAML-00001090,Credit Card,0
IBMAML-00001101,Cheque,0
IBMAML-00001102,Credit Card,0
IBMAML-00001103,Cash,0
IBMAML-00001104,Wire,0
IBMAML-00001107,Cheque,0
IBMAML-00001108,Credit Card,0
IBMAML-00001109,Cash,0
IBMAML-00001177,Reinvestment,0
IBMAML-00001178,Reinvestment,0
IBMAML-00001225,Reinvestment,0
IBMAML-00001243,Reinvestment,0
IBMAML-00001244,Wire,0
IBMAML-00001246,Cheque,0
IBMAML-00001280,Credit Card,0
IBMAML-00001281,Cash,0
IBMAML-00001304,Cheque,0
IBMAML-00001305,Credit Card,0
IBMAML-00001306,Cash,0
IBMAML-00001381,Reinvestment,0
IBMAML-00001516,Cheque,0
IBMAML-00001517,Credit Card,0
IBMAML-00001552,Cheque,0
IBMAML-00001553,Credit Card,0
IBMAML-00001554,Cash,0
IBMAML-00001555,ACH,0
IBMAML-00001556,Wire,0
IBMAML-00001557,Reinvestment,0
IBMAML-00001572,Cheque,0
IBMAML-00001573,Credit Card,0
IBMAML-00001574,Cash,0
IBMAML-00001583,Cheque,0
IBMAML-00001595,Reinvestment,0
IBMAML-00001633,Cheque,0
IBMAML-00001634,Credit Card,0
IBMAML-00001643,Reinvestment,0
IBMAML-00001647,Reinvestment,0
IBMAML-00001648,Cheque,0
IBMAML-00001649,Credit Card,0
IBMAML-00001668,Reinvestment,0
IBMAML-00001709,Cheque,0
IBMAML-00001710,Credit Card,0
IBMAML-00001765,Cash,0
IBMAML-00001766,Reinvestment,0
IBMAML-00001827,Cheque,0
IBMAML-00001828,Credit Card,0
IBMAML-00001829,Cash,0
IBMAML-00001858,Cheque,0
IBMAML-00001859,Cash,0
IBMAML-00001863,Reinvestment,0
IBMAML-00001925,Reinvestment,0
IBMAML-00001929,Cheque,0
IBMAML-00001930,Credit Card,0
IBMAML-00001933,Cheque,0
IBMAML-00001934,Credit Card,0
IBMAML-00001935,Cash,0
IBMAML-00001946,Reinvestment,0
IBMAML-00001977,Reinvestment,0
IBMAML-00001994,Cheque,0
IBMAML-00001995,Credit Card,0
IBMAML-00001996,Cash,0
IBMAML-00001997,ACH,0
IBMAML-00002010,Reinvestment,0
IBMAML-00002034,Cheque,0
IBMAML-00002035,Credit Card,0
IBMAML-00002036,Cash,0
IBMAML-00002037,ACH,0
IBMAML-00002038,Wire,0
IBMAML-00002041,Reinvestment,0
IBMAML-00002157,Reinvestment,0
IBMAML-00002176,Reinvestment,0
IBMAML-00002189,Cheque,0
IBMAML-00002190,Credit Card,0
IBMAML-00002191,Cash,0
IBMAML-00002193,Reinvestment,0
IBMAML-00002197,Reinvestment,0
IBMAML-00002207,Reinvestment,0
IBMAML-00002211,Reinvestment,0
IBMAML-00002299,Cheque,0
IBMAML-00002300,Credit Card,0
IBMAML-00002301,Cash,0
IBMAML-00002312,Reinvestment,0
IBMAML-00002441,Reinvestment,0
IBMAML-00002463,Reinvestment,0
IBMAML-00002515,Reinvestment,0
IBMAML-00002561,Reinvestment,0
IBMAML-00002562,Reinvestment,0
IBMAML-00002572,Credit Card,0
IBMAML-00002576,Credit Card,0
IBMAML-00002642,Reinvestment,0
IBMAML-00002682,Credit Card,0
IBMAML-00002728,Reinvestment,0
IBMAML-00002742,Reinvestment,0
IBMAML-00002745,Reinvestment,0
IBMAML-00002772,Reinvestment,0
IBMAML-00002818,Reinvestment,0
IBMAML-00002824,Reinvestment,0
IBMAML-00002825,Cheque,0
IBMAML-00002828,Reinvestment,0
IBMAML-00002883,Cheque,0
IBMAML-00002884,Cash,0
IBMAML-00002909,Cheque,0
IBMAML-00002910,Credit Card,0
IBMAML-00002922,Reinvestment,0
IBMAML-00002925,Reinvestment,0
IBMAML-00002930,Reinvestment,0
IBMAML-00002945,Cheque,0
IBMAML-00002946,Credit Card,0
IBMAML-00002947,Cash,0
IBMAML-00002969,Reinvestment,0
IBMAML-00002973,Reinvestment,0
IBMAML-00002974,Reinvestment,0
IBMAML-00002998,Reinvestment,0
IBMAML-00003041,Cheque,0
IBMAML-00003042,Credit Card,0
IBMAML-00003043,Cash,0
IBMAML-00003068,Reinvestment,0
IBMAML-00003070,Wire,0
IBMAML-00003103,Cheque,0
IBMAML-00003133,Reinvestment,0
IBMAML-00003135,Cheque,0
IBMAML-00003136,Credit Card,0
IBMAML-00003197,Reinvestment,0
IBMAML-00003205,Reinvestment,0
IBMAML-00003222,Reinvestment,0
IBMAML-00003227,Reinvestment,0
IBMAML-00003287,Reinvestment,0
IBMAML-00003365,Cheque,0
IBMAML-00003366,Credit Card,0
IBMAML-00003367,Cash,0
IBMAML-00003404,Cheque,0
IBMAML-00003405,Credit Card,0
IBMAML-00003406,Cash,0
IBMAML-00003438,Cheque,0
IBMAML-00003450,Reinvestment,0
IBMAML-00003465,Reinvestment,0
IBMAML-00003466,Reinvestment,0
IBMAML-00003524,Cheque,0
IBMAML-00003525,Credit Card,0
IBMAML-00003526,Cash,0
IBMAML-00003593,Reinvestment,0
IBMAML-00003597,Cheque,0
IBMAML-00003598,Credit Card,0
IBMAML-00003695,Reinvestment,0
IBMAML-00003765,Cheque,0
IBMAML-00003766,Cash,0
IBMAML-00003773,Reinvestment,0
IBMAML-00003774,Cheque,0
IBMAML-00003775,Cheque,0
IBMAML-00003823,Reinvestment,0
IBMAML-00003824,Cheque,0
IBMAML-00003825,Credit Card,0
IBMAML-00003826,Cash,0
IBMAML-00003877,Cheque,0
IBMAML-00003878,Credit Card,0
IBMAML-00003879,Cash,0
IBMAML-00003911,Reinvestment,0
IBMAML-00003912,Reinvestment,0
IBMAML-00003917,Reinvestment,0
IBMAML-00003974,Reinvestment,0
IBMAML-00004030,Cheque,0
IBMAML-00004036,Reinvestment,0
IBMAML-00004040,Reinvestment,0
IBMAML-00004042,Reinvestment,0
IBMAML-00004044,Reinvestment,0
IBMAML-00004047,ACH,0
IBMAML-00004050,Reinvestment,0
IBMAML-00004052,Reinvestment,0
IBMAML-00004069,Cheque,0
IBMAML-00004070,Credit Card,0
IBMAML-00004071,Cash,0
IBMAML-00004085,Reinvestment,0
IBMAML-00004118,Cheque,0
IBMAML-00004119,Credit Card,0
IBMAML-00004120,Cash,0
IBMAML-00004168,Reinvestment,0
IBMAML-00004179,Reinvestment,0
IBMAML-00004321,Reinvestment,0
IBMAML-00004349,Reinvestment,0
IBMAML-00004362,Credit Card,0
IBMAML-00004396,ACH,0
IBMAML-00004413,Reinvestment,0
IBMAML-00004458,Reinvestment,0
IBMAML-00004483,Reinvestment,0
IBMAML-00004523,Cheque,0
IBMAML-00004524,Credit Card,0
IBMAML-00004525,Cash,0
IBMAML-00004527,Reinvestment,0
IBMAML-00004532,Cheque,0
IBMAML-00004533,Credit Card,0
IBMAML-00004534,Cash,0
IBMAML-00004544,Cheque,0
IBMAML-00004545,Credit Card,0
IBMAML-00004548,Reinvestment,0
IBMAML-00004742,Reinvestment,0
IBMAML-00004743,Cheque,1
IBMAML-00004744,Credit Card,0
IBMAML-00004745,Cash,0
IBMAML-00004746,Reinvestment,0
IBMAML-00004760,Reinvestment,0
IBMAML-00004764,Reinvestment,0
IBMAML-00004765,Reinvestment,0
IBMAML-00004768,Reinvestment,0
IBMAML-00004770,Reinvestment,0
IBMAML-00004807,Reinvestment,0
IBMAML-00004894,Reinvestment,0
IBMAML-00004905,Cheque,0
IBMAML-00004907,Reinvestment,0
IBMAML-00004954,Cheque,0
IBMAML-00004955,Credit Card,0
IBMAML-00004997,Reinvestment,0
IBMAML-00005066,Cash,0
IBMAML-00005084,Cheque,0
IBMAML-00005085,Credit Card,0
IBMAML-00005103,Cheque,0
IBMAML-00005104,Cash,0
IBMAML-00005109,Cheque,0
IBMAML-00005110,Credit Card,0
IBMAML-00005132,Reinvestment,0
IBMAML-00005169,Reinvestment,0
IBMAML-00005252,Cheque,0
IBMAML-00005253,Credit Card,0
IBMAML-00005254,Cash,0
IBMAML-00005271,Reinvestment,0
IBMAML-00005272,Reinvestment,0
IBMAML-00005273,Cheque,0
IBMAML-00005275,Reinvestment,0
IBMAML-00005395,Cheque,0
IBMAML-00005396,Credit Card,0
IBMAML-00005455,Cheque,0
IBMAML-00005456,Wire,0
IBMAML-00005461,Reinvestment,0
IBMAML-00005518,ACH,0
IBMAML-00005578,Cheque,0
IBMAML-00005590,Cheque,0
IBMAML-00005591,Credit Card,0
IBMAML-00005592,ACH,0
IBMAML-00005593,Wire,0
IBMAML-00005594,Cheque,0
IBMAML-00005595,Credit Card,0
IBMAML-00005597,Reinvestment,0
IBMAML-00005610,Reinvestment,0
IBMAML-00005612,Cheque,0
IBMAML-00005613,Credit Card,0
IBMAML-00005614,Cash,0
IBMAML-00005728,Cheque,0
IBMAML-00005729,Credit Card,0
IBMAML-00005730,Cheque,0
IBMAML-00005731,Credit Card,0
IBMAML-00005733,Reinvestment,0
IBMAML-00005767,Cheque,0
IBMAML-00005768,Cash,0
IBMAML-00005789,Cheque,0
IBMAML-00005830,Credit Card,0
IBMAML-00005853,Reinvestment,0
IBMAML-00005880,Cheque,0
IBMAML-00005881,Credit Card,0
IBMAML-00005903,Reinvestment,0
IBMAML-00005972,Reinvestment,0
IBMAML-00005976,Reinvestment,0
IBMAML-00006018,Cheque,0
IBMAML-00006019,Cash,0
IBMAML-00006048,Reinvestment,0
IBMAML-00006051,Reinvestment,0
IBMAML-00006098,Reinvestment,0
IBMAML-00006099,Cheque,0
IBMAML-00006100,Credit Card,0
IBMAML-00006101,Wire,0
IBMAML-00006105,Cheque,0
IBMAML-00006109,Reinvestment,0
IBMAML-00006168,Cheque,0
IBMAML-00006169,Credit Card,0
IBMAML-00006242,Reinvestment,0
IBMAML-00006262,Cheque,0
IBMAML-00006263,Credit Card,0
IBMAML-00006264,ACH,0
IBMAML-00006266,Cheque,0
IBMAML-00006267,Credit Card,0
IBMAML-00006268,Cash,0
IBMAML-00006331,Cheque,0
IBMAML-00006332,Credit Card,0
IBMAML-00006333,Cash,0
IBMAML-00006355,Cheque,0
IBMAML-00006356,Credit Card,0
IBMAML-00006379,Reinvestment,0
IBMAML-00006388,Cheque,0
IBMAML-00006389,Cash,0
IBMAML-00006540,Reinvestment,0
IBMAML-00006620,Reinvestment,0
IBMAML-00006629,Cheque,0
IBMAML-00006630,Credit Card,0
IBMAML-00006631,Cash,0
IBMAML-00006638,Cheque,0
IBMAML-00006639,Credit Card,0
IBMAML-00006666,Cheque,0
IBMAML-00006667,Credit Card,0
IBMAML-00006668,Cash,0
IBMAML-00006669,ACH,0
IBMAML-00006670,Reinvestment,0
IBMAML-00006686,Cheque,0
IBMAML-00006687,Credit Card,0
IBMAML-00006744,Credit Card,0
IBMAML-00006862,Reinvestment,0
IBMAML-00006891,Reinvestment,0
IBMAML-00006911,Cheque,0
IBMAML-00006912,Cash,0
IBMAML-00006924,Reinvestment,0
IBMAML-00006933,Reinvestment,0
IBMAML-00006987,ACH,0
IBMAML-00007045,Cheque,0
IBMAML-00007062,Cheque,0
IBMAML-00007063,Credit Card,0
IBMAML-00007064,Cash,0
IBMAML-00007150,Reinvestment,0
IBMAML-00007168,Reinvestment,0
IBMAML-00007169,Reinvestment,0
IBMAML-00007193,Cheque,0
IBMAML-00007194,Credit Card,0
IBMAML-00007195,Cash,0
IBMAML-00007219,Reinvestment,0
IBMAML-00007221,Reinvestment,0
IBMAML-00007253,Cheque,0
IBMAML-00007254,Credit Card,0
IBMAML-00007255,Reinvestment,0
IBMAML-00007258,Cheque,0
IBMAML-00007259,Credit Card,0
IBMAML-00007268,Reinvestment,0
IBMAML-00007269,Reinvestment,0
IBMAML-00007271,Reinvestment,0
IBMAML-00007291,Cheque,0
IBMAML-00007292,Credit Card,0
IBMAML-00007293,Cash,0
IBMAML-00007449,Reinvestment,0
IBMAML-00007450,Reinvestment,0
IBMAML-00007451,Cheque,0
IBMAML-00007452,Credit Card,0
IBMAML-00007453,Cash,0
IBMAML-00007454,Reinvestment,0
IBMAML-00007485,Reinvestment,0
IBMAML-00007486,Cheque,0
IBMAML-00007487,Cash,0
IBMAML-00007591,Reinvestment,0
IBMAML-00007592,Cheque,0
IBMAML-00007593,Credit Card,0
IBMAML-00007594,ACH,0
IBMAML-00007595,Reinvestment,0
IBMAML-00007668,Reinvestment,0
IBMAML-00007746,Reinvestment,0
IBMAML-00007749,Reinvestment,0
IBMAML-00007751,Reinvestment,0
IBMAML-00007787,Cheque,0
IBMAML-00007788,Credit Card,0
IBMAML-00007789,Cash,0
IBMAML-00007831,Cheque,0
IBMAML-00007899,Reinvestment,0
IBMAML-00007947,Reinvestment,0
IBMAML-00008055,Cheque,0
IBMAML-00008056,Cash,0
IBMAML-00008065,Reinvestment,0
IBMAML-00008066,Reinvestment,0
IBMAML-00008086,Reinvestment,0
IBMAML-00008108,Cheque,0
IBMAML-00008109,Credit Card,0
IBMAML-00008110,Cash,0
IBMAML-00008111,ACH,0
IBMAML-00008193,Reinvestment,0
IBMAML-00008196,Reinvestment,0
IBMAML-00008223,Reinvestment,0
IBMAML-00008225,Reinvestment,0
IBMAML-00008231,Reinvestment,0
IBMAML-00008232,Reinvestment,0
IBMAML-00008258,Reinvestment,0
IBMAML-00008278,ACH,0
IBMAML-00008352,Cheque,0
IBMAML-00008353,Credit Card,0
IBMAML-00008354,Cash,0
IBMAML-00008412,Cheque,0
IBMAML-00008413,Credit Card,0
IBMAML-00008419,Reinvestment,0
IBMAML-00008420,Cheque,0
IBMAML-00008450,Reinvestment,0
IBMAML-00008637,ACH,0
IBMAML-00008641,Reinvestment,0
IBMAML-00008655,Reinvestment,0
IBMAML-00008657,Cheque,0
IBMAML-00008773,Reinvestment,0
IBMAML-00008826,ACH,0
IBMAML-00008830,Reinvestment,0
IBMAML-00008973,Reinvestment,0
IBMAML-00009218,Reinvestment,0
IBMAML-00009285,Cheque,0
IBMAML-00009286,Credit Card,0
IBMAML-00009287,Cash,0
IBMAML-00009307,Credit Card,0
IBMAML-00009308,Reinvestment,0
IBMAML-00009429,Reinvestment,0
IBMAML-00009541,Reinvestment,0
IBMAML-00009547,Reinvestment,0
IBMAML-00009553,Cheque,0
IBMAML-00009559,Cheque,0
IBMAML-00009560,Cash,0
IBMAML-00009568,Reinvestment,0
IBMAML-00009618,Reinvestment,0
IBMAML-00009672,Reinvestment,0
IBMAML-00009673,Cheque,0
IBMAML-00009685,Reinvestment,0
IBMAML-00009686,Cheque,0
IBMAML-00009687,Credit Card,0
IBMAML-00009688,Reinvestment,0
IBMAML-00009702,Cheque,0
IBMAML-00009703,ACH,0
IBMAML-00009723,Reinvestment,0
IBMAML-00009734,Cheque,0
IBMAML-00009735,Cash,0
IBMAML-00009754,Reinvestment,0
IBMAML-00009877,Cheque,0
IBMAML-00009878,Credit Card,0
IBMAML-00009879,Cash,0
IBMAML-00009904,Reinvestment,0
IBMAML-00010059,Reinvestment,0
IBMAML-00010060,Reinvestment,0
IBMAML-00010147,Cheque,0
IBMAML-00010148,Credit Card,0
IBMAML-00010157,Reinvestment,0
IBMAML-00010189,Cheque,0
IBMAML-00010190,Credit Card,0
IBMAML-00010282,Cheque,0
IBMAML-00010283,Credit Card,0
IBMAML-00010313,Cheque,0
IBMAML-00010314,Credit Card,0
IBMAML-00010343,Reinvestment,0
IBMAML-00010431,Reinvestment,0
IBMAML-00010458,Cheque,0
IBMAML-00010459,Credit Card,0
IBMAML-00010462,Cheque,0
IBMAML-00010463,Credit Card,0
IBMAML-00010467,Reinvestment,0
IBMAML-00010500,Credit Card,0
IBMAML-00010569,Cheque,0
IBMAML-00010570,Credit Card,0
IBMAML-00010571,Reinvestment,0
IBMAML-00010573,Reinvestment,0
IBMAML-00010638,Reinvestment,0
IBMAML-00010673,Reinvestment,0
IBMAML-00010677,Reinvestment,0
IBMAML-00010689,Reinvestment,0
IBMAML-00010725,Cheque,0
IBMAML-00010726,Cash,0
IBMAML-00010759,Reinvestment,0
IBMAML-00010773,Cheque,0
IBMAML-00010793,Reinvestment,0
IBMAML-00010794,Reinvestment,0
IBMAML-00010805,Reinvestment,0
IBMAML-00010820,Reinvestment,0
IBMAML-00010883,Reinvestment,0
IBMAML-00010898,Cheque,0
IBMAML-00010899,Credit Card,0
IBMAML-00010909,Reinvestment,0
IBMAML-00010910,Cheque,0
IBMAML-00010911,Credit Card,0
IBMAML-00010912,Reinvestment,0
IBMAML-00010975,Reinvestment,0
IBMAML-00011041,Cheque,0
IBMAML-00011042,Credit Card,0
IBMAML-00011080,Cheque,0
IBMAML-00011081,Credit Card,0
IBMAML-00011082,Cash,0
IBMAML-00011096,Cheque,0
IBMAML-00011097,Cash,0
IBMAML-00011148,Reinvestment,0
IBMAML-00011167,Reinvestment,0
IBMAML-00011186,Cheque,0
IBMAML-00011187,Credit Card,0
IBMAML-00011188,Cash,0
IBMAML-00011190,Cheque,0
IBMAML-00011191,Credit Card,0
IBMAML-00011192,Cash,0
IBMAML-00011198,Cheque,0
IBMAML-00011199,Credit Card,0
IBMAML-00011200,Cash,0
IBMAML-00011215,Cheque,0
IBMAML-00011216,Cash,0
IBMAML-00011240,Cheque,0
IBMAML-00011241,Credit Card,0
IBMAML-00011242,Cash,0
IBMAML-00011327,Credit Card,0
IBMAML-00011347,Cheque,0
IBMAML-00011348,Credit Card,0
IBMAML-00011349,Cash,0
IBMAML-00011350,ACH,0
IBMAML-00011363,Cheque,0
IBMAML-00011364,Credit Card,0
IBMAML-00011365,ACH,0
IBMAML-00011470,Reinvestment,0
IBMAML-00011479,Reinvestment,0
IBMAML-00011480,Reinvestment,0
IBMAML-00011512,Cheque,0
IBMAML-00011513,Cash,0
IBMAML-00011542,Reinvestment,0
IBMAML-00011582,Cheque,0
IBMAML-00011658,Reinvestment,0
IBMAML-00011734,Cheque,0
IBMAML-00011735,Credit Card,0
IBMAML-00011736,Cash,0
IBMAML-00011774,Reinvestment,0
IBMAML-00011775,Reinvestment,0
IBMAML-00011776,Cheque,0
IBMAML-00011777,Cash,0
IBMAML-00011778,Wire,0
IBMAML-00011810,Reinvestment,0
IBMAML-00011875,Credit Card,0
IBMAML-00011876,Wire,0
IBMAML-00011993,Reinvestment,0
IBMAML-00012089,Reinvestment,0
IBMAML-00012090,Cheque,0
IBMAML-00012091,Cash,0
IBMAML-00012092,Reinvestment,0
IBMAML-00012125,Reinvestment,0
IBMAML-00012150,Reinvestment,0
IBMAML-00012155,Reinvestment,0
IBMAML-00012160,Cheque,0
IBMAML-00012161,Credit Card,0
IBMAML-00012192,Cheque,0
IBMAML-00012193,Credit Card,0
IBMAML-00012266,Cheque,0
IBMAML-00012267,Credit Card,0
IBMAML-00012268,Cash,0
IBMAML-00012274,Reinvestment,0
IBMAML-00012347,Reinvestment,0
IBMAML-00012361,Cheque,0
IBMAML-00012362,Credit Card,0
IBMAML-00012363,Cash,0
IBMAML-00012395,Reinvestment,0
IBMAML-00012396,Reinvestment,0
IBMAML-00012425,Reinvestment,0
IBMAML-00012426,ACH,0
IBMAML-00012455,Cheque,0
IBMAML-00012456,Cash,0
IBMAML-00012481,Reinvestment,0
IBMAML-00012486,Reinvestment,0
IBMAML-00012513,Reinvestment,0
IBMAML-00012533,Reinvestment,0
IBMAML-00012535,Reinvestment,0
IBMAML-00012615,Cheque,0
IBMAML-00012631,Reinvestment,0
IBMAML-00012646,Reinvestment,0
IBMAML-00012683,Cheque,0
IBMAML-00012684,Cash,0
IBMAML-00012709,Cheque,0
IBMAML-00012710,Credit Card,0
IBMAML-00012711,Wire,0
IBMAML-00012729,Cheque,0
IBMAML-00012730,Credit Card,0
IBMAML-00012744,Cheque,0
IBMAML-00012745,Credit Card,0
IBMAML-00012746,Cash,0
IBMAML-00012749,Reinvestment,0
IBMAML-00012784,Cheque,0
IBMAML-00012785,Cash,0
IBMAML-00012800,Cheque,0
IBMAML-00012850,Cheque,0
IBMAML-00012851,Credit Card,0
IBMAML-00012977,Reinvestment,0
IBMAML-00012989,Reinvestment,0
IBMAML-00012992,Reinvestment,0
IBMAML-00013057,Reinvestment,0
IBMAML-00013071,ACH,0
IBMAML-00013124,Cheque,0
IBMAML-00013125,Cash,0
IBMAML-00013126,ACH,0
IBMAML-00013133,Cheque,0
IBMAML-00013134,Credit Card,0
IBMAML-00013152,Reinvestment,0
IBMAML-00013236,Reinvestment,0
IBMAML-00013287,Cheque,0
IBMAML-00013288,Credit Card,0
IBMAML-00013289,Cash,0
IBMAML-00013290,Cheque,0
IBMAML-00013291,Credit Card,0
IBMAML-00013310,Reinvestment,0
IBMAML-00013311,Reinvestment,0
IBMAML-00013320,Reinvestment,0
IBMAML-00013355,Cheque,0
IBMAML-00013356,Credit Card,0
IBMAML-00013357,Cash,0
IBMAML-00013390,Cheque,0
IBMAML-00013391,Cash,0
IBMAML-00013447,Reinvestment,0
IBMAML-00013468,Reinvestment,0
IBMAML-00013619,Cheque,0
IBMAML-00013620,Cash,0
IBMAML-00013661,Cheque,0
IBMAML-00013662,Credit Card,0
IBMAML-00013713,Reinvestment,0
IBMAML-00013718,Reinvestment,0
IBMAML-00013719,Reinvestment,0
IBMAML-00013720,Reinvestment,0
IBMAML-00013781,Reinvestment,0
IBMAML-00013796,Reinvestment,0
IBMAML-00013802,Reinvestment,0
IBMAML-00013836,Reinvestment,0
IBMAML-00013899,Cheque,0
IBMAML-00013900,Credit Card,0
IBMAML-00013901,ACH,0
IBMAML-00013910,Cheque,0
IBMAML-00013911,Credit Card,0
IBMAML-00013912,Cash,0
IBMAML-00013938,Reinvestment,0
IBMAML-00013941,Reinvestment,0
IBMAML-00013982,Reinvestment,0
IBMAML-00013994,Credit Card,0
IBMAML-00013995,Cash,0
IBMAML-00014017,Cheque,0
IBMAML-00014018,ACH,0
IBMAML-00014035,Cheque,0
IBMAML-00014036,Credit Card,0
IBMAML-00014088,Reinvestment,0
IBMAML-00014089,Reinvestment,0
IBMAML-00014105,Reinvestment,0
IBMAML-00014123,Credit Card,0
IBMAML-00014161,Cheque,0
IBMAML-00014162,Credit Card,0
IBMAML-00014163,Cheque,0
IBMAML-00014164,Cash,0
IBMAML-00014188,Reinvestment,0
IBMAML-00014206,Reinvestment,0
IBMAML-00014223,Reinvestment,0
IBMAML-00014224,Reinvestment,0
IBMAML-00014301,Credit Card,0
IBMAML-00014318,Cheque,0
IBMAML-00014394,Cheque,0
IBMAML-00014395,Cash,0
IBMAML-00014399,Reinvestment,0
IBMAML-00014419,Cheque,0
IBMAML-00014420,Cash,0
IBMAML-00014450,Cheque,0
IBMAML-00014451,Credit Card,0
IBMAML-00014452,Cash,0
IBMAML-00014480,Cheque,0
IBMAML-00014481,Cash,0
IBMAML-00014552,Reinvestment,0
IBMAML-00014558,Reinvestment,0
IBMAML-00014575,Cheque,0
IBMAML-00014576,Credit Card,0
IBMAML-00014577,Cash,0
IBMAML-00014604,Reinvestment,0
IBMAML-00014607,Reinvestment,0
IBMAML-00014621,Reinvestment,0
IBMAML-00014639,Cheque,0
IBMAML-00014640,Credit Card,0
IBMAML-00014641,Reinvestment,0
IBMAML-00014651,Reinvestment,0
IBMAML-00014688,Reinvestment,0
IBMAML-00014768,Cheque,0
IBMAML-00014769,Credit Card,0
IBMAML-00014789,Cheque,0
IBMAML-00014790,Cash,0
IBMAML-00014795,Cheque,0
IBMAML-00014796,Credit Card,0
IBMAML-00014797,Cash,0
IBMAML-00014861,Reinvestment,0
IBMAML-00014874,Cheque,0
IBMAML-00014875,Credit Card,0
IBMAML-00014881,Reinvestment,0
IBMAML-00015001,Reinvestment,0
IBMAML-00015002,Reinvestment,0
IBMAML-00015076,Reinvestment,0
IBMAML-00015095,Cheque,0
IBMAML-00015096,Credit Card,0
IBMAML-00015097,Cash,0
IBMAML-00015098,Cheque,0
IBMAML-00015099,Credit Card,0
IBMAML-00015115,Reinvestment,0
IBMAML-00015116,Reinvestment,0
IBMAML-00015126,Reinvestment,0
IBMAML-00015141,Reinvestment,0
IBMAML-00015179,Reinvestment,0
IBMAML-00015182,Reinvestment,0
IBMAML-00015192,Cheque,0
IBMAML-00015193,Credit Card,0
IBMAML-00015205,Reinvestment,0
IBMAML-00015206,Reinvestment,0
IBMAML-00015213,Reinvestment,0
IBMAML-00015217,Reinvestment,0
IBMAML-00015218,Cheque,0
IBMAML-00015219,Reinvestment,0
IBMAML-00015220,Reinvestment,0
IBMAML-00015257,Cash,0
IBMAML-00015258,ACH,0
IBMAML-00015391,Cheque,0
IBMAML-00015392,Credit Card,0
IBMAML-00015403,Reinvestment,0
IBMAML-00015407,Cheque,0
IBMAML-00015408,Credit Card,0
IBMAML-00015443,Cheque,0
IBMAML-00015444,Credit Card,0
IBMAML-00015445,Cash,0
IBMAML-00015470,Reinvestment,0
IBMAML-00015471,Reinvestment,0
IBMAML-00015510,Reinvestment,0
IBMAML-00015512,Reinvestment,0
IBMAML-00015525,Reinvestment,0
IBMAML-00015562,Reinvestment,0
IBMAML-00015712,Cheque,0
IBMAML-00015713,Credit Card,0
IBMAML-00015714,Cash,0
IBMAML-00015745,Cheque,0
IBMAML-00015803,Reinvestment,0
IBMAML-00015868,Cheque,0
IBMAML-00015869,Credit Card,0
IBMAML-00015870,Cash,0
IBMAML-00015894,Cheque,0
IBMAML-00015895,Credit Card,0
IBMAML-00015896,Cash,0
IBMAML-00016007,Cheque,0
IBMAML-00016008,Credit Card,0
IBMAML-00016034,Cheque,0
IBMAML-00016167,Reinvestment,0
IBMAML-00016215,Reinvestment,0
IBMAML-00016226,Reinvestment,0
IBMAML-00016229,Reinvestment,0
IBMAML-00016267,Cheque,0
IBMAML-00016268,Credit Card,0
IBMAML-00016311,Reinvestment,0
IBMAML-00016312,Reinvestment,0
IBMAML-00016315,Reinvestment,0
IBMAML-00016320,Cheque,0
IBMAML-00016321,Cash,0
IBMAML-00016337,Reinvestment,0
IBMAML-00016341,Cheque,0
IBMAML-00016342,Credit Card,0
IBMAML-00016343,Cash,0
IBMAML-00016344,ACH,0
IBMAML-00016382,Reinvestment,0
IBMAML-00016473,Reinvestment,0
IBMAML-00016555,Cheque,0
IBMAML-00016556,Credit Card,0
IBMAML-00016577,Cheque,0
IBMAML-00016578,Cash,0
IBMAML-00016601,Cheque,0
IBMAML-00016602,Credit Card,0
IBMAML-00016603,Cash,0
IBMAML-00016605,Reinvestment,0
IBMAML-00016615,Reinvestment,0
IBMAML-00016760,Credit Card,0
IBMAML-00016779,Credit Card,0
IBMAML-00016782,Cheque,0
IBMAML-00016870,Reinvestment,0
IBMAML-00016877,Cheque,0
IBMAML-00016884,Cheque,0
IBMAML-00016885,Credit Card,0
IBMAML-00016886,Cash,0
IBMAML-00016923,Cheque,0
IBMAML-00016957,Reinvestment,0
IBMAML-00017161,Reinvestment,0
IBMAML-00017166,Reinvestment,0
IBMAML-00017169,Reinvestment,0
IBMAML-00017178,Reinvestment,0
IBMAML-00017192,Reinvestment,0
IBMAML-00017215,Cheque,0
IBMAML-00017216,Credit Card,0
IBMAML-00017217,Cash,0
IBMAML-00017237,Reinvestment,0
IBMAML-00017261,Cheque,0
IBMAML-00017385,Cheque,0
IBMAML-00017386,Cash,0
IBMAML-00017461,Reinvestment,0
IBMAML-00017464,Cheque,0
IBMAML-00017632,Reinvestment,0
IBMAML-00017669,Cheque,0
IBMAML-00017670,Credit Card,0
IBMAML-00017671,Cash,0
IBMAML-00017672,ACH,0
IBMAML-00017673,Wire,0
IBMAML-00017685,Credit Card,0
IBMAML-00017692,Cheque,0
IBMAML-00017693,Credit Card,0
IBMAML-00017713,Cheque,0
IBMAML-00017733,Reinvestment,0
IBMAML-00017784,Reinvestment,0
IBMAML-00017825,Cheque,0
IBMAML-00017826,Credit Card,0
IBMAML-00017829,Cheque,0
IBMAML-00017830,Credit Card,0
IBMAML-00017907,Cheque,0
IBMAML-00017933,Reinvestment,0
IBMAML-00017971,Reinvestment,0
IBMAML-00017992,Reinvestment,0
IBMAML-00018050,Reinvestment,0
IBMAML-00018071,Cheque,0
IBMAML-00018072,Cash,0
IBMAML-00018083,Cheque,0
IBMAML-00018084,Credit Card,0
IBMAML-00018085,Cash,0
IBMAML-00018111,Reinvestment,0
IBMAML-00018126,Reinvestment,0
IBMAML-00018151,Cheque,0
IBMAML-00018152,Credit Card,0
IBMAML-00018172,Cheque,0
IBMAML-00018173,Credit Card,0
IBMAML-00018174,Cash,0
IBMAML-00018304,Reinvestment,0
IBMAML-00018305,ACH,0
IBMAML-00018524,Cheque,0
IBMAML-00018525,Cash,0
IBMAML-00018557,Cheque,0
IBMAML-00018707,Reinvestment,0
IBMAML-00018799,Cheque,0
IBMAML-00018800,Credit Card,0
IBMAML-00018801,Cash,0
IBMAML-00018858,Reinvestment,0
IBMAML-00018862,Cheque,0
IBMAML-00018863,Credit Card,0
IBMAML-00018864,Cash,0
IBMAML-00019001,Reinvestment,0
IBMAML-00019033,Reinvestment,0
IBMAML-00019046,ACH,0
IBMAML-00019086,Cheque,0
IBMAML-00019087,Cash,0
IBMAML-00019122,Reinvestment,0
IBMAML-00019154,Reinvestment,0
IBMAML-00019156,Reinvestment,0
IBMAML-00019158,Cheque,0
IBMAML-00019170,Cheque,0
IBMAML-00019171,Cash,0
IBMAML-00019188,Cheque,0
IBMAML-00019189,Credit Card,0
IBMAML-00019190,Cash,0
IBMAML-00019192,Cheque,0
IBMAML-00019193,Credit Card,0
IBMAML-00019211,Reinvestment,0
IBMAML-00019267,Reinvestment,0
IBMAML-00019315,Cheque,0
IBMAML-00019316,Cash,0
IBMAML-00019328,Cheque,0
IBMAML-00019329,Credit Card,0
IBMAML-00019343,Reinvestment,0
IBMAML-00019359,Reinvestment,0
IBMAML-00019412,Cheque,0
IBMAML-00019413,Credit Card,0
IBMAML-00019414,Cash,0
IBMAML-00019495,Cheque,0
IBMAML-00019496,Credit Card,0
IBMAML-00019497,Cash,0
IBMAML-00019599,Cash,0
IBMAML-00019681,Cheque,0
IBMAML-00019682,Credit Card,0
IBMAML-00019683,Cash,0
IBMAML-00019806,Cheque,0
IBMAML-00019807,Cash,0
IBMAML-00019877,Credit Card,0
IBMAML-00019879,Credit Card,0
IBMAML-00020038,Cheque,0
IBMAML-00020039,Reinvestment,0
IBMAML-00020125,Reinvestment,0
IBMAML-00020134,Reinvestment,0
IBMAML-00020202,Cheque,0
IBMAML-00020203,Credit Card,0
IBMAML-00020204,Cash,0
IBMAML-00020225,Reinvestment,0
IBMAML-00020227,Cheque,0
IBMAML-00020261,Reinvestment,0
IBMAML-00020269,Cheque,0
IBMAML-00020270,Credit Card,0
IBMAML-00020304,Cheque,0
IBMAML-00020305,Credit Card,0
IBMAML-00020314,Reinvestment,0
IBMAML-00020324,Reinvestment,0
IBMAML-00020327,Cheque,0
IBMAML-00020328,Credit Card,0
IBMAML-00020393,Cheque,0
IBMAML-00020394,Credit Card,0
IBMAML-00020395,Cash,0
IBMAML-00020399,Cheque,0
IBMAML-00020418,Cheque,0
IBMAML-00020419,Cash,0
IBMAML-00020492,Reinvestment,0
IBMAML-00020495,Reinvestment,0
IBMAML-00020535,Reinvestment,0
IBMAML-00020536,Reinvestment,0
IBMAML-00020537,Reinvestment,0
IBMAML-00020607,Reinvestment,0
IBMAML-00020612,Cheque,0
IBMAML-00020613,Credit Card,0
IBMAML-00020656,Reinvestment,0
IBMAML-00020691,Reinvestment,0
IBMAML-00020702,Cheque,0
IBMAML-00020703,Cash,0
IBMAML-00020768,ACH,0
IBMAML-00020771,Reinvestment,0
IBMAML-00020806,Cheque,0
IBMAML-00020807,Credit Card,0
IBMAML-00020836,Reinvestment,0
IBMAML-00020905,Cheque,0
IBMAML-00020906,Credit Card,0
IBMAML-00020907,Cash,0
IBMAML-00020960,Cheque,0
IBMAML-00021014,Reinvestment,0
IBMAML-00021064,Reinvestment,0
IBMAML-00021096,Credit Card,0
IBMAML-00021128,Reinvestment,0
IBMAML-00021130,Cheque,0
IBMAML-00021131,Cash,0
IBMAML-00021153,Cheque,0
IBMAML-00021154,Reinvestment,0
IBMAML-00021199,Reinvestment,0
IBMAML-00021200,Reinvestment,0
IBMAML-00021222,Cheque,0
IBMAML-00021223,Credit Card,0
IBMAML-00021224,Cash,0
IBMAML-00021268,Credit Card,0
IBMAML-00021269,Cash,0
IBMAML-00021386,Reinvestment,0
IBMAML-00021388,Reinvestment,0
IBMAML-00021391,Cheque,0
IBMAML-00021392,Credit Card,0
IBMAML-00021421,Reinvestment,0
IBMAML-00021422,Cheque,0
IBMAML-00021423,Credit Card,0
IBMAML-00021424,ACH,0
IBMAML-00021425,Wire,0
IBMAML-00021426,Reinvestment,0
IBMAML-00021446,Cheque,0
IBMAML-00021463,Cheque,0
IBMAML-00021464,Credit Card,0
IBMAML-00021465,Cash,0
IBMAML-00021466,Reinvestment,0
IBMAML-00021467,Reinvestment,0
IBMAML-00021468,Reinvestment,0
IBMAML-00021523,ACH,0
IBMAML-00021535,Reinvestment,0
IBMAML-00021567,Reinvestment,0
IBMAML-00021575,Cheque,0
IBMAML-00021576,Credit Card,0
IBMAML-00021577,ACH,0
IBMAML-00021578,Wire,0
IBMAML-00021700,Reinvestment,0
IBMAML-00021706,Reinvestment,0
IBMAML-00021725,Cheque,0
IBMAML-00021726,Credit Card,0
IBMAML-00021727,ACH,0
IBMAML-00021765,Reinvestment,0
IBMAML-00021869,Credit Card,0
IBMAML-00021873,Reinvestment,0
IBMAML-00021928,Reinvestment,0
IBMAML-00021962,Cheque,0
IBMAML-00021963,Credit Card,0
IBMAML-00021964,Cash,0
IBMAML-00021972,Cheque,0
IBMAML-00021973,Credit Card,0
IBMAML-00021974,Cash,0
IBMAML-00022050,Reinvestment,0
IBMAML-00022051,Cheque,0
IBMAML-00022052,Credit Card,0
IBMAML-00022067,Cheque,0
IBMAML-00022070,Reinvestment,0
IBMAML-00022096,Cheque,0
IBMAML-00022097,Credit Card,0
IBMAML-00022098,Cash,0
IBMAML-00022117,Cheque,0
IBMAML-00022118,Cash,0
IBMAML-00022151,Reinvestment,0
IBMAML-00022193,Reinvestment,0
IBMAML-00022235,Cheque,0
IBMAML-00022236,Credit Card,0
IBMAML-00022237,Cash,0
IBMAML-00022238,ACH,0
IBMAML-00022244,Reinvestment,0
IBMAML-00022252,Cheque,0
IBMAML-00022253,Cash,0
IBMAML-00022289,Reinvestment,0
IBMAML-00022304,Cheque,0
IBMAML-00022305,Credit Card,0
IBMAML-00022306,Cash,0
IBMAML-00022308,Cheque,0
IBMAML-00022333,Cheque,0
IBMAML-00022334,Credit Card,0
IBMAML-00022335,Cash,0
IBMAML-00022424,Cheque,0
IBMAML-00022425,Cash,0
IBMAML-00022523,Reinvestment,0
IBMAML-00022534,Reinvestment,0
IBMAML-00022619,Reinvestment,0
IBMAML-00022620,Reinvestment,0
IBMAML-00022621,Reinvestment,0
IBMAML-00022703,Reinvestment,0
IBMAML-00022711,Reinvestment,0
IBMAML-00022769,Credit Card,0
IBMAML-00022808,Reinvestment,0
IBMAML-00022809,Reinvestment,0
IBMAML-00022874,Reinvestment,0
IBMAML-00023101,Cheque,0
IBMAML-00023102,Cash,0
IBMAML-00023163,Cheque,0
IBMAML-00023164,Credit Card,0
IBMAML-00023165,Cash,0
IBMAML-00023198,Cheque,0
IBMAML-00023199,Credit Card,0
IBMAML-00023214,Reinvestment,0
IBMAML-00023219,Reinvestment,0
IBMAML-00023220,Reinvestment,0
IBMAML-00023227,Reinvestment,0
IBMAML-00023434,Cheque,0
IBMAML-00023441,Reinvestment,0
IBMAML-00023475,Reinvestment,0
IBMAML-00023477,Reinvestment,0
IBMAML-00023478,Reinvestment,0
IBMAML-00023484,ACH,0
IBMAML-00023513,Reinvestment,0
IBMAML-00023561,Cheque,0
IBMAML-00023562,Credit Card,0
IBMAML-00023563,Cash,0
IBMAML-00023622,Credit Card,0
IBMAML-00023639,Cheque,0
IBMAML-00023640,Credit Card,0
IBMAML-00023641,ACH,0
IBMAML-00023677,Reinvestment,0
IBMAML-00023682,Reinvestment,0
IBMAML-00023769,Reinvestment,0
IBMAML-00023992,Cheque,0
IBMAML-00024070,Cheque,0
IBMAML-00024071,Cash,0
IBMAML-00024146,Cheque,0
IBMAML-00024147,Credit Card,0
IBMAML-00024225,Reinvestment,0
IBMAML-00024271,Cheque,0
IBMAML-00024272,Credit Card,0
IBMAML-00024281,Cheque,0
IBMAML-00024282,Credit Card,0
IBMAML-00024283,Cash,0
IBMAML-00024343,Cheque,0
IBMAML-00024344,ACH,0
IBMAML-00024524,Reinvestment,0
IBMAML-00024579,Cheque,0
IBMAML-00024580,Cash,0
IBMAML-00024587,Cheque,0
IBMAML-00024588,Cash,0
IBMAML-00024689,Cheque,0
IBMAML-00024690,Credit Card,0
IBMAML-00024709,Cheque,0
IBMAML-00024710,Credit Card,0
IBMAML-00024711,ACH,0
IBMAML-00024749,Cheque,0
IBMAML-00024750,Credit Card,0
IBMAML-00024890,Cheque,0
IBMAML-00024891,Cash,0
IBMAML-00024965,Cheque,0
IBMAML-00024966,Cash,0
IBMAML-00025036,Reinvestment,0
IBMAML-00025055,Reinvestment,0
IBMAML-00025056,Cheque,0
IBMAML-00025057,Credit Card,0
IBMAML-00025058,Wire,0
IBMAML-00025066,Reinvestment,0
IBMAML-00025089,Cash,0
IBMAML-00025129,Cheque,0
IBMAML-00025130,Cash,0
IBMAML-00025179,Cheque,0
IBMAML-00025332,Cheque,0
IBMAML-00025333,Credit Card,0
IBMAML-00025334,Cash,0
IBMAML-00025352,Reinvestment,0
IBMAML-00025490,Reinvestment,0
IBMAML-00025491,Reinvestment,0
IBMAML-00025570,Cheque,0
IBMAML-00025571,Credit Card,0
IBMAML-00025572,Cash,0
IBMAML-00025587,Cheque,0
IBMAML-00025588,Cash,0
IBMAML-00025668,Reinvestment,0
IBMAML-00025763,Cheque,0
IBMAML-00025764,Credit Card,0
IBMAML-00025765,ACH,0
IBMAML-00025824,Reinvestment,0
IBMAML-00025900,Cheque,0
IBMAML-00025901,Credit Card,0
IBMAML-00025902,Cash,0
IBMAML-00025932,Cheque,0
IBMAML-00025963,Cheque,0
IBMAML-00025995,Reinvestment,0
IBMAML-00025996,Reinvestment,0
IBMAML-00026020,Cheque,0
IBMAML-00026021,Credit Card,0
IBMAML-00026022,Cash,0
IBMAML-00026048,Cash,0
IBMAML-00026120,Reinvestment,0
IBMAML-00026129,Reinvestment,0
IBMAML-00026132,Reinvestment,0
IBMAML-00026134,Cheque,0
IBMAML-00026135,Cash,0
IBMAML-00026136,Reinvestment,0
IBMAML-00026140,Credit Card,0
IBMAML-00026146,Reinvestment,0
IBMAML-00026147,Cheque,0
IBMAML-00026179,Reinvestment,0
IBMAML-00026234,Cheque,0
IBMAML-00026235,Credit Card,0
IBMAML-00026236,Cash,0
IBMAML-00026249,Reinvestment,0
IBMAML-00026308,Reinvestment,0
IBMAML-00026354,Reinvestment,0
IBMAML-00026381,Cheque,0
IBMAML-00026382,Cash,0
IBMAML-00026423,Reinvestment,0
IBMAML-00026424,Wire,0
IBMAML-00026437,Cheque,0
IBMAML-00026438,Credit Card,0
IBMAML-00026439,Cash,0
IBMAML-00026463,Cheque,0
IBMAML-00026464,Credit Card,0
IBMAML-00026465,Reinvestment,0
IBMAML-00026471,ACH,0
IBMAML-00026476,Reinvestment,0
IBMAML-00026541,Cheque,0
IBMAML-00026542,Credit Card,0
IBMAML-00026562,Cheque,0
IBMAML-00026563,Wire,0
IBMAML-00026661,Reinvestment,0
IBMAML-00026679,Reinvestment,0
IBMAML-00026732,Credit Card,0
IBMAML-00026768,Reinvestment,0
IBMAML-00026959,Cheque,0
IBMAML-00026960,Credit Card,0
IBMAML-00027181,Reinvestment,0
IBMAML-00027182,Reinvestment,0
IBMAML-00027204,Cheque,0
IBMAML-00027210,Cheque,0
IBMAML-00027211,Credit Card,0
IBMAML-00027255,Cheque,0
IBMAML-00027256,ACH,0
IBMAML-00027257,Wire,0
IBMAML-00027260,Cheque,0
IBMAML-00027261,Credit Card,0
IBMAML-00027264,Cheque,0
IBMAML-00027265,Credit Card,0
IBMAML-00027266,Cash,0
IBMAML-00027298,Reinvestment,0
IBMAML-00027301,Reinvestment,0
IBMAML-00027353,Reinvestment,0
IBMAML-00027382,Cheque,0
IBMAML-00027383,Credit Card,0
IBMAML-00027384,Cash,0
IBMAML-00027387,Reinvestment,0
IBMAML-00027402,Cheque,0
IBMAML-00027403,Credit Card,0
IBMAML-00027406,Cheque,0
IBMAML-00027407,Reinvestment,0
IBMAML-00027410,Cheque,0
IBMAML-00027411,Credit Card,0
IBMAML-00027417,Reinvestment,0
IBMAML-00027418,Reinvestment,0
IBMAML-00027420,Reinvestment,0
IBMAML-00027497,Reinvestment,0
IBMAML-00027500,Reinvestment,0
IBMAML-00027591,Reinvestment,0
IBMAML-00027610,Cheque,0
IBMAML-00027611,Credit Card,0
IBMAML-00027657,Reinvestment,0
IBMAML-00027734,Credit Card,0
IBMAML-00027771,Cheque,0
IBMAML-00027772,Credit Card,0
IBMAML-00027773,Cash,0
IBMAML-00027882,Cheque,0
IBMAML-00027883,Credit Card,0
IBMAML-00027884,Cash,0
IBMAML-00027904,Cheque,0
IBMAML-00027908,Cheque,0
IBMAML-00027920,Cheque,0
IBMAML-00027921,Credit Card,0
IBMAML-00027922,Cash,0
IBMAML-00027972,Reinvestment,0
IBMAML-00028014,Cheque,0
IBMAML-00028040,Cheque,0
IBMAML-00028044,Reinvestment,0
IBMAML-00028045,Cheque,0
IBMAML-00028046,Credit Card,0
IBMAML-00028047,Cash,0
IBMAML-00028058,Reinvestment,0
IBMAML-00028072,Reinvestment,0
IBMAML-00028073,Reinvestment,0
IBMAML-00028078,Reinvestment,0
IBMAML-00028079,Reinvestment,0
IBMAML-00028082,Reinvestment,0
IBMAML-00028122,Cheque,0
IBMAML-00028136,Reinvestment,0
IBMAML-00028147,Reinvestment,0
IBMAML-00028148,Cheque,0
IBMAML-00028218,Cheque,0
IBMAML-00028219,Cash,0
IBMAML-00028233,Cheque,0
IBMAML-00028234,Cash,0
IBMAML-00028245,Reinvestment,0
IBMAML-00028254,Reinvestment,0
IBMAML-00028265,Reinvestment,0
IBMAML-00028305,Cheque,0
IBMAML-00028306,Credit Card,0
IBMAML-00028364,Cheque,0
IBMAML-00028365,Credit Card,0
IBMAML-00028394,Reinvestment,0
IBMAML-00028397,Reinvestment,0
IBMAML-00028482,Cheque,0
IBMAML-00028483,Cash,0
IBMAML-00028491,Cheque,0
IBMAML-00028492,Credit Card,0
IBMAML-00028495,Cheque,0
IBMAML-00028496,Credit Card,0
IBMAML-00028497,Cash,0
IBMAML-00028648,Cheque,0
IBMAML-00028649,Cash,0
IBMAML-00028668,Cheque,0
IBMAML-00028669,Credit Card,0
IBMAML-00028670,Cash,0
IBMAML-00028673,Reinvestment,0
IBMAML-00028676,Cheque,0
IBMAML-00028677,Credit Card,0
IBMAML-00028730,Reinvestment,0
IBMAML-00028752,Reinvestment,0
IBMAML-00028977,Cheque,0
IBMAML-00028987,Reinvestment,0
IBMAML-00028997,Reinvestment,0
IBMAML-00029010,Cheque,0
IBMAML-00029011,Credit Card,0
IBMAML-00029012,Cash,0
IBMAML-00029019,Reinvestment,0
IBMAML-00029039,Wire,0
IBMAML-00029064,Cheque,0
IBMAML-00029065,Credit Card,0
IBMAML-00029066,Cash,0
IBMAML-00029070,Reinvestment,0
IBMAML-00029071,Reinvestment,0
IBMAML-00029079,Reinvestment,0
IBMAML-00029187,Cheque,0
IBMAML-00029188,Credit Card,0
IBMAML-00029194,Cheque,0
IBMAML-00029308,Cheque,0
IBMAML-00029309,Credit Card,0
IBMAML-00029483,Reinvestment,0
IBMAML-00029484,Reinvestment,0
IBMAML-00029485,Reinvestment,0
IBMAML-00029487,Reinvestment,0
IBMAML-00029567,Cheque,0
IBMAML-00029568,Credit Card,0
IBMAML-00029569,Cash,0
IBMAML-00029690,Reinvestment,0
IBMAML-00029925,Reinvestment,0
IBMAML-00029937,Credit Card,0
IBMAML-00029965,Reinvestment,0
IBMAML-00029971,Cheque,0
IBMAML-00029972,Credit Card,0
IBMAML-00029973,Cash,0
IBMAML-00030122,Reinvestment,0
IBMAML-00030123,ACH,0
IBMAML-00030133,Reinvestment,0
IBMAML-00030176,Reinvestment,0
IBMAML-00030298,Cheque,0
IBMAML-00030299,Credit Card,0
IBMAML-00030300,Cash,0
IBMAML-00030386,Reinvestment,0
IBMAML-00030398,Reinvestment,0
IBMAML-00030426,Cheque,0
IBMAML-00030427,Credit Card,0
IBMAML-00030491,Cheque,0
IBMAML-00030492,Cash,0
IBMAML-00030498,Reinvestment,0
IBMAML-00030574,Cheque,0
IBMAML-00030575,Credit Card,0
IBMAML-00030589,Reinvestment,0
IBMAML-00030590,Cheque,0
IBMAML-00030591,Credit Card,0
IBMAML-00030592,Cash,0
IBMAML-00030593,Reinvestment,0
IBMAML-00030653,Reinvestment,0
IBMAML-00030658,Reinvestment,0
IBMAML-00030724,Reinvestment,0
IBMAML-00030779,Cheque,0
IBMAML-00030780,Wire,0
IBMAML-00030821,Cheque,0
IBMAML-00030849,Reinvestment,0
IBMAML-00030858,Cheque,0
IBMAML-00030893,Cheque,0
IBMAML-00030894,Credit Card,0
IBMAML-00030950,Cheque,0
IBMAML-00030951,Credit Card,0
IBMAML-00030952,Cash,0
IBMAML-00030971,Reinvestment,0
IBMAML-00030972,Reinvestment,0
IBMAML-00030990,Cheque,0
IBMAML-00031008,Reinvestment,0
IBMAML-00031009,Reinvestment,0
IBMAML-00031010,Reinvestment,0
IBMAML-00031013,Reinvestment,0
IBMAML-00031056,Cheque,0
IBMAML-00031057,Credit Card,0
IBMAML-00031069,Cheque,0
IBMAML-00031070,Credit Card,0
IBMAML-00031071,Cash,0
IBMAML-00031138,Cheque,0
IBMAML-00031139,Cash,0
IBMAML-00031196,Reinvestment,0
IBMAML-00031218,Cheque,0
IBMAML-00031219,Credit Card,0
IBMAML-00031268,Reinvestment,0
IBMAML-00031269,Reinvestment,0
IBMAML-00031434,Cheque,0
IBMAML-00031435,Credit Card,0
IBMAML-00031455,Reinvestment,0
IBMAML-00031457,Reinvestment,0
IBMAML-00031519,Reinvestment,0
IBMAML-00031586,Reinvestment,0
IBMAML-00031699,Reinvestment,0
IBMAML-00031700,Reinvestment,0
IBMAML-00031754,Reinvestment,0
IBMAML-00031775,Cheque,0
IBMAML-00031776,Credit Card,0
IBMAML-00031823,Cheque,0
IBMAML-00031824,Credit Card,0
IBMAML-00031825,Cash,0
IBMAML-00031927,Cheque,0
IBMAML-00031928,Cash,0
IBMAML-00031980,Credit Card,0
IBMAML-00031984,Credit Card,0
IBMAML-00031990,Cheque,0
IBMAML-00031991,Credit Card,0
IBMAML-00031992,ACH,0
IBMAML-00032048,Cheque,0
IBMAML-00032049,Credit Card,0
IBMAML-00032050,Cash,0
IBMAML-00032089,Reinvestment,0
IBMAML-00032104,Reinvestment,0
IBMAML-00032112,Reinvestment,0
IBMAML-00032189,Reinvestment,0
IBMAML-00032209,Reinvestment,0
IBMAML-00032253,Reinvestment,0
IBMAML-00032257,Reinvestment,0
IBMAML-00032279,Reinvestment,0
IBMAML-00032280,Reinvestment,0
IBMAML-00032281,Reinvestment,0
IBMAML-00032282,Reinvestment,0
IBMAML-00032349,Cheque,0
IBMAML-00032350,Cash,0
IBMAML-00032389,Reinvestment,0
IBMAML-00032426,Reinvestment,0
IBMAML-00032432,Reinvestment,0
IBMAML-00032524,Cheque,0
IBMAML-00032525,Credit Card,0
IBMAML-00032526,ACH,0
IBMAML-00032552,Cheque,0
IBMAML-00032553,Cash,0
IBMAML-00032591,Reinvestment,0
IBMAML-00032698,Reinvestment,0
IBMAML-00032699,Cheque,0
IBMAML-00032700,Credit Card,0
IBMAML-00032714,Cheque,0
IBMAML-00032715,Credit Card,0
IBMAML-00032716,Cash,0
IBMAML-00032717,ACH,0
IBMAML-00032736,Reinvestment,0
IBMAML-00032750,Reinvestment,0
IBMAML-00032759,Cheque,0
IBMAML-00032760,Credit Card,0
IBMAML-00032761,Cash,0
IBMAML-00032763,Cheque,0
IBMAML-00032764,Credit Card,0
IBMAML-00032765,Cash,0
IBMAML-00032833,Reinvestment,0
IBMAML-00032843,Cheque,0
IBMAML-00032844,ACH,0
IBMAML-00032974,Reinvestment,0
IBMAML-00033002,Cheque,0
IBMAML-00033003,Credit Card,0
IBMAML-00033022,Cheque,0
IBMAML-00033023,ACH,0
IBMAML-00033040,Reinvestment,0
IBMAML-00033081,Reinvestment,0
IBMAML-00033122,Reinvestment,0
IBMAML-00033134,Reinvestment,0
IBMAML-00033220,Cheque,0
IBMAML-00033221,Cash,0
IBMAML-00033244,Reinvestment,0
IBMAML-00033263,Cheque,0
IBMAML-00033264,Credit Card,0
IBMAML-00033265,Cheque,0
IBMAML-00033266,Cash,0
IBMAML-00033328,Reinvestment,0
IBMAML-00033352,Reinvestment,0
IBMAML-00033362,Reinvestment,0
IBMAML-00033446,Reinvestment,0
IBMAML-00033450,Reinvestment,0
IBMAML-00033452,Reinvestment,0
IBMAML-00033464,Cheque,0
IBMAML-00033465,Credit Card,0
IBMAML-00033560,Reinvestment,0
IBMAML-00033613,Reinvestment,0
IBMAML-00033614,Reinvestment,0
IBMAML-00033616,Cheque,0
IBMAML-00033665,Reinvestment,0
IBMAML-00033666,Reinvestment,0
IBMAML-00033919,Cheque,0
IBMAML-00033920,Credit Card,0
IBMAML-00034026,Reinvestment,0
IBMAML-00034032,Reinvestment,0
IBMAML-00034037,Cheque,0
IBMAML-00034038,Credit Card,0
IBMAML-00034039,Cash,0
IBMAML-00034092,Reinvestment,0
IBMAML-00034098,Credit Card,0
IBMAML-00034253,Reinvestment,0
IBMAML-00034295,Cheque,0
IBMAML-00034296,Credit Card,0
IBMAML-00034297,ACH,0
IBMAML-00034316,Reinvestment,0
IBMAML-00034414,Reinvestment,0
IBMAML-00034428,Reinvestment,0
IBMAML-00034562,Cheque,0
IBMAML-00034563,Credit Card,0
IBMAML-00034575,Cheque,0
IBMAML-00034620,Cheque,0
IBMAML-00034621,Cash,0
IBMAML-00034655,Cheque,0
IBMAML-00034656,Credit Card,0
IBMAML-00034657,Cash,0
IBMAML-00034690,Credit Card,0
IBMAML-00034847,Credit Card,0
IBMAML-00034857,Cheque,0
IBMAML-00034858,Credit Card,0
IBMAML-00034860,Reinvestment,0
IBMAML-00034900,Cheque,0
IBMAML-00034901,Credit Card,0
IBMAML-00034902,Cash,0
IBMAML-00034984,Reinvestment,0
IBMAML-00035079,Credit Card,0
IBMAML-00035119,Cheque,0
IBMAML-00035120,Credit Card,0
IBMAML-00035121,Cash,0
IBMAML-00035206,Reinvestment,0
IBMAML-00035270,Reinvestment,0
IBMAML-00035319,Cheque,0
IBMAML-00035320,Credit Card,0
IBMAML-00035473,Cash,0
IBMAML-00035518,Cheque,0
IBMAML-00035522,Cheque,0
IBMAML-00035523,Cash,0
IBMAML-00035579,Cheque,0
IBMAML-00035580,Cash,0
IBMAML-00035598,Cheque,0
IBMAML-00035599,Cash,0
IBMAML-00035639,Cheque,0
IBMAML-00035640,Cash,0
IBMAML-00035679,Reinvestment,0
IBMAML-00035713,Cheque,0
IBMAML-00035714,Credit Card,0
IBMAML-00035715,Cash,0
IBMAML-00035737,Cheque,0
IBMAML-00035774,Cheque,0
IBMAML-00035858,Reinvestment,0
IBMAML-00035879,Reinvestment,0
IBMAML-00035988,Reinvestment,0
IBMAML-00036025,Reinvestment,0
IBMAML-00036075,Reinvestment,0
IBMAML-00036076,Cheque,0
IBMAML-00036077,Credit Card,0
IBMAML-00036138,Reinvestment,0
IBMAML-00036176,Cheque,0
IBMAML-00036177,Credit Card,0
IBMAML-00036201,Cheque,0
IBMAML-00036202,Credit Card,0
IBMAML-00036206,Cheque,0
IBMAML-00036253,Cheque,0
IBMAML-00036254,Credit Card,0
IBMAML-00036255,Cash,0
IBMAML-00036300,Cheque,0
IBMAML-00036317,Cheque,0
IBMAML-00036331,Reinvestment,0
IBMAML-00036334,Reinvestment,0
IBMAML-00036342,Cheque,0
IBMAML-00036343,Credit Card,0
IBMAML-00036394,Cheque,0
IBMAML-00036395,Credit Card,0
IBMAML-00036414,Reinvestment,0
IBMAML-00036447,Reinvestment,0
IBMAML-00036502,Cheque,0
IBMAML-00036503,Credit Card,0
IBMAML-00036542,Cheque,0
IBMAML-00036543,Credit Card,0
IBMAML-00036565,Cheque,0
IBMAML-00036566,Credit Card,0
IBMAML-00036567,Cash,0
IBMAML-00036570,Cheque,0
IBMAML-00036571,Cash,0
IBMAML-00036617,Reinvestment,0
IBMAML-00036684,Cheque,0
IBMAML-00036685,Credit Card,0
IBMAML-00036696,Cheque,0
IBMAML-00036697,Credit Card,0
IBMAML-00036700,Reinvestment,0
IBMAML-00036701,Cheque,0
IBMAML-00036725,Reinvestment,0
IBMAML-00036783,Cheque,0
IBMAML-00036784,Credit Card,0
IBMAML-00036785,Cash,0
IBMAML-00036858,Cheque,0
IBMAML-00036859,Credit Card,0
IBMAML-00036860,Cash,0
IBMAML-00036872,Cheque,0
IBMAML-00036873,Credit Card,0
IBMAML-00036874,Cash,0
IBMAML-00036882,Reinvestment,0
IBMAML-00036902,Reinvestment,0
IBMAML-00036907,Reinvestment,0
IBMAML-00036908,Cheque,0
IBMAML-00036909,Credit Card,0
IBMAML-00036910,Cash,0
IBMAML-00036911,Reinvestment,0
IBMAML-00036969,Reinvestment,0
IBMAML-00036970,Reinvestment,0
IBMAML-00036973,Cheque,0
IBMAML-00036974,Credit Card,0
IBMAML-00036975,Cash,0
IBMAML-00036977,Reinvestment,0
IBMAML-00036978,Cheque,0
IBMAML-00036979,Reinvestment,0
IBMAML-00036980,Cheque,0
IBMAML-00036981,Credit Card,0
IBMAML-00036983,Reinvestment,0
IBMAML-00037006,Reinvestment,0
IBMAML-00037035,Cheque,0
IBMAML-00037036,Cash,0
IBMAML-00037116,Reinvestment,0
IBMAML-00037131,Reinvestment,0
IBMAML-00037145,Cheque,0
IBMAML-00037146,Credit Card,0
IBMAML-00037147,Cash,0
IBMAML-00037166,Reinvestment,0
IBMAML-00037212,Reinvestment,0
IBMAML-00037213,Reinvestment,0
IBMAML-00037214,Reinvestment,0
IBMAML-00037222,Cheque,0
IBMAML-00037223,Credit Card,0
IBMAML-00037224,Cash,0
IBMAML-00037242,Reinvestment,0
IBMAML-00037331,Cheque,0
IBMAML-00037332,Cash,0
IBMAML-00037334,Cheque,0
IBMAML-00037335,Credit Card,0
IBMAML-00037547,Cheque,0
IBMAML-00037548,Cash,0
IBMAML-00037550,Cheque,0
IBMAML-00037596,Reinvestment,0
IBMAML-00037615,Reinvestment,0
IBMAML-00037621,Reinvestment,0
IBMAML-00037651,Reinvestment,0
IBMAML-00037667,Reinvestment,0
IBMAML-00037683,Cheque,0
IBMAML-00037684,Credit Card,0
IBMAML-00037866,Reinvestment,0
IBMAML-00037882,Cheque,0
IBMAML-00037922,Credit Card,0
IBMAML-00037946,Cheque,0
IBMAML-00037947,ACH,0
IBMAML-00037948,Wire,0
IBMAML-00038088,Reinvestment,0
IBMAML-00038089,Cheque,0
IBMAML-00038121,Reinvestment,0
IBMAML-00038132,Reinvestment,0
IBMAML-00038141,Reinvestment,0
IBMAML-00038220,Cheque,0
IBMAML-00038221,Credit Card,0
IBMAML-00038239,Cheque,0
IBMAML-00038240,ACH,0
IBMAML-00038313,Reinvestment,0
IBMAML-00038314,Cheque,0
IBMAML-00038315,Credit Card,0
IBMAML-00038316,Cash,0
IBMAML-00038317,ACH,0
IBMAML-00038326,Cheque,0
IBMAML-00038330,Reinvestment,0
IBMAML-00038333,Reinvestment,0
IBMAML-00038363,Cheque,0
IBMAML-00038364,Cash,0
IBMAML-00038375,Reinvestment,0
IBMAML-00038378,Reinvestment,0
IBMAML-00038443,Reinvestment,0
IBMAML-00038452,Reinvestment,0
IBMAML-00038454,Reinvestment,0
IBMAML-00038531,Reinvestment,0
IBMAML-00038561,Reinvestment,0
IBMAML-00038579,Reinvestment,0
IBMAML-00038592,Cheque,0
IBMAML-00038593,Credit Card,0
IBMAML-00038601,Reinvestment,0
IBMAML-00038649,Reinvestment,0
IBMAML-00038679,Reinvestment,0
IBMAML-00038951,Credit Card,0
IBMAML-00038974,Cheque,0
IBMAML-00038975,Credit Card,0
IBMAML-00039003,Cheque,0
IBMAML-00039004,Credit Card,0
IBMAML-00039069,Reinvestment,0
IBMAML-00039070,Reinvestment,0
IBMAML-00039078,Reinvestment,0
IBMAML-00039167,Cheque,0
IBMAML-00039168,Cash,0
IBMAML-00039178,Cheque,0
IBMAML-00039179,Cash,0
IBMAML-00039180,Cheque,0
IBMAML-00039217,Reinvestment,0
IBMAML-00039218,Reinvestment,0
IBMAML-00039223,Reinvestment,0
IBMAML-00039261,Cheque,0
IBMAML-00039262,Credit Card,0
IBMAML-00039559,ACH,0
IBMAML-00039596,Cheque,0
IBMAML-00039597,Cash,0
IBMAML-00039614,Cheque,0
IBMAML-00039615,Credit Card,0
IBMAML-00039616,Cash,0
IBMAML-00039686,Reinvestment,0
IBMAML-00039692,Reinvestment,0
IBMAML-00039693,Reinvestment,0
IBMAML-00039698,Cheque,0
IBMAML-00039699,Cash,0
IBMAML-00039762,Reinvestment,0
IBMAML-00039780,Cheque,0
IBMAML-00039781,Cash,0
IBMAML-00039937,Reinvestment,0
IBMAML-00039939,Reinvestment,0
IBMAML-00039993,Reinvestment,0
IBMAML-00039994,Reinvestment,0
IBMAML-00039995,Reinvestment,0
IBMAML-00040045,Cheque,0
IBMAML-00040046,Credit Card,0
IBMAML-00040058,Reinvestment,0
IBMAML-00040066,Cheque,0
IBMAML-00040093,Cheque,0
IBMAML-00040094,Cheque,0
IBMAML-00040095,Credit Card,0
IBMAML-00040096,Cash,0
IBMAML-00040114,Cheque,0
IBMAML-00040125,Cheque,0
IBMAML-00040126,Credit Card,0
IBMAML-00040127,Cash,0
IBMAML-00040185,Reinvestment,0
IBMAML-00040190,Cheque,0
IBMAML-00040191,Credit Card,0
IBMAML-00040192,Cash,0
IBMAML-00040229,Reinvestment,0
IBMAML-00040230,Reinvestment,0
IBMAML-00040231,Reinvestment,0
IBMAML-00040260,Cheque,0
IBMAML-00040361,Cheque,0
IBMAML-00040362,Credit Card,0
IBMAML-00040363,Cash,0
IBMAML-00040430,Reinvestment,0
IBMAML-00040442,Cheque,0
IBMAML-00040443,Credit Card,0
IBMAML-00040444,Cash,0
IBMAML-00040454,Cheque,0
IBMAML-00040455,Credit Card,0
IBMAML-00040499,Reinvestment,0
IBMAML-00040523,Cheque,0
IBMAML-00040524,Cash,0
IBMAML-00040538,Reinvestment,0
IBMAML-00040542,Reinvestment,0
IBMAML-00040545,Cheque,0
IBMAML-00040550,Cheque,0
IBMAML-00040551,Credit Card,0
IBMAML-00040552,Cash,0
IBMAML-00040579,Reinvestment,0
IBMAML-00040609,Reinvestment,0
IBMAML-00040610,ACH,0
IBMAML-00040611,Reinvestment,0
IBMAML-00040621,Cheque,0
IBMAML-00040622,Credit Card,1
IBMAML-00040623,Cash,0
IBMAML-00040669,Cheque,0
IBMAML-00040670,Credit Card,0
IBMAML-00040671,Cash,0
IBMAML-00040751,Reinvestment,0
IBMAML-00040758,Credit Card,0
IBMAML-00040759,Cash,0
IBMAML-00040821,Reinvestment,0
IBMAML-00040854,Credit Card,0
IBMAML-00040855,Cash,0
IBMAML-00040988,Reinvestment,0
IBMAML-00041060,Reinvestment,0
IBMAML-00041124,Credit Card,0
IBMAML-00041125,Cash,0
IBMAML-00041151,Cheque,0
IBMAML-00041152,Cash,0
IBMAML-00041244,Cheque,0
IBMAML-00041245,Cash,0
IBMAML-00041333,Credit Card,0
IBMAML-00041348,Credit Card,0
IBMAML-00041411,Cheque,0
IBMAML-00041412,Wire,0
IBMAML-00041448,Cheque,0
IBMAML-00041449,Credit Card,0
IBMAML-00041450,ACH,0
IBMAML-00041472,Cheque,0
IBMAML-00041473,Credit Card,0
IBMAML-00041474,Cash,0
IBMAML-00041553,Cheque,0
IBMAML-00041554,Credit Card,0
IBMAML-00041581,Cheque,0
IBMAML-00041582,Credit Card,0
IBMAML-00041590,Cheque,0
IBMAML-00041591,Credit Card,0
IBMAML-00041592,Cash,0
IBMAML-00041645,Reinvestment,0
IBMAML-00041740,Cheque,0
IBMAML-00041741,Credit Card,0
IBMAML-00041742,Cash,0
IBMAML-00041744,Cheque,0
IBMAML-00041745,Credit Card,0
IBMAML-00041746,Cash,0
IBMAML-00041760,Cheque,0
IBMAML-00041761,Cash,0
IBMAML-00041971,Cheque,0
IBMAML-00041987,Cheque,0
IBMAML-00041988,Credit Card,0
IBMAML-00041996,Cheque,0
IBMAML-00041997,ACH,0
IBMAML-00042096,Reinvestment,0
IBMAML-00042139,Cheque,0
IBMAML-00042140,Cash,0
IBMAML-00042144,Cheque,0
IBMAML-00042145,Credit Card,0
IBMAML-00042263,Cheque,0
IBMAML-00042264,Credit Card,0
IBMAML-00042265,Cash,0
IBMAML-00042279,Reinvestment,0
IBMAML-00042305,Cheque,0
IBMAML-00042306,Credit Card,0
IBMAML-00042307,Cash,0
IBMAML-00042346,Cheque,0
IBMAML-00042373,Cheque,0
IBMAML-00042374,Cash,0
IBMAML-00042425,Cheque,0
IBMAML-00042426,Credit Card,0
IBMAML-00042427,Cash,0
IBMAML-00042499,Reinvestment,0
IBMAML-00042500,Cheque,0
IBMAML-00042501,Cheque,0
IBMAML-00042502,Credit Card,0
IBMAML-00042503,ACH,0
IBMAML-00042505,Cheque,0
IBMAML-00042547,Reinvestment,0
IBMAML-00042559,Cheque,0
IBMAML-00042755,Credit Card,0
IBMAML-00042882,Reinvestment,0
IBMAML-00042896,Cheque,0
IBMAML-00042952,Cheque,0
IBMAML-00042953,Credit Card,0
IBMAML-00042963,Cheque,0
IBMAML-00042964,Credit Card,0
IBMAML-00042965,Cash,0
IBMAML-00043059,Cheque,0
IBMAML-00043112,Credit Card,0
IBMAML-00043113,Cash,0
IBMAML-00043131,Cheque,0
IBMAML-00043132,Cash,0
IBMAML-00043158,Cheque,0
IBMAML-00043159,Credit Card,0
IBMAML-00043160,Cash,0
IBMAML-00043199,Reinvestment,0
IBMAML-00043202,Cheque,0
IBMAML-00043207,Reinvestment,0
IBMAML-00043246,Cheque,0
IBMAML-00043247,Credit Card,0
IBMAML-00043288,ACH,0
IBMAML-00043291,Reinvestment,0
IBMAML-00043299,Reinvestment,0
IBMAML-00043322,Cheque,0
IBMAML-00043323,Credit Card,0
IBMAML-00043324,Cash,0
IBMAML-00043368,Cheque,0
IBMAML-00043369,Credit Card,0
IBMAML-00043370,Cash,0
IBMAML-00043391,Reinvestment,0
IBMAML-00043472,Cheque,0
IBMAML-00043473,Credit Card,0
IBMAML-00043486,Reinvestment,0
IBMAML-00043493,Reinvestment,0
IBMAML-00043540,Credit Card,0
IBMAML-00043569,Cheque,0
IBMAML-00043570,Credit Card,0
IBMAML-00043571,Cash,0
IBMAML-00043572,Reinvestment,0
IBMAML-00043632,Reinvestment,0
IBMAML-00043948,Cheque,0
IBMAML-00043949,Credit Card,0
IBMAML-00043950,Cash,0
IBMAML-00043986,Cheque,0
IBMAML-00043987,Credit Card,0
IBMAML-00043988,ACH,0
IBMAML-00043989,Reinvestment,0
IBMAML-00044011,Reinvestment,0
IBMAML-00044036,Reinvestment,0
IBMAML-00044118,Cheque,0
IBMAML-00044132,Cheque,0
IBMAML-00044136,Reinvestment,0
IBMAML-00044188,Cheque,0
IBMAML-00044189,Credit Card,0
IBMAML-00044190,Cash,0
IBMAML-00044270,Reinvestment,0
IBMAML-00044275,Reinvestment,0
IBMAML-00044277,Reinvestment,0
IBMAML-00044316,Reinvestment,0
IBMAML-00044317,Reinvestment,0
IBMAML-00044320,Cheque,0
IBMAML-00044321,Cash,0
IBMAML-00044359,Cheque,0
IBMAML-00044549,Reinvestment,0
IBMAML-00044583,Cheque,0
IBMAML-00044584,Cash,0
IBMAML-00044610,Cheque,0
IBMAML-00044611,Cash,0
IBMAML-00044618,Cheque,0
IBMAML-00044619,Cash,0
IBMAML-00044666,Reinvestment,0
IBMAML-00044696,Cheque,0
IBMAML-00044697,Credit Card,0
IBMAML-00044698,Cash,0
IBMAML-00044699,ACH,0
IBMAML-00044700,Wire,0
IBMAML-00044717,Reinvestment,0
IBMAML-00044872,Reinvestment,0
IBMAML-00044952,Cheque,0
IBMAML-00045105,Cheque,0
IBMAML-00045106,Credit Card,0
IBMAML-00045136,Reinvestment,0
IBMAML-00045181,Credit Card,0
IBMAML-00045240,Cheque,0
IBMAML-00045241,Credit Card,0
IBMAML-00045242,Cash,0
IBMAML-00045272,Reinvestment,0
IBMAML-00045324,Cheque,0
IBMAML-00045325,Credit Card,0
IBMAML-00045326,Cash,0
IBMAML-00045343,Cheque,0
IBMAML-00045344,Credit Card,0
IBMAML-00045345,Cash,0
IBMAML-00045404,Cheque,0
IBMAML-00045405,Credit Card,0
IBMAML-00045412,Reinvestment,0
IBMAML-00045413,Reinvestment,0
IBMAML-00045414,Cheque,0
IBMAML-00045415,Credit Card,0
IBMAML-00045417,Credit Card,0
IBMAML-00045419,Wire,0
IBMAML-00045428,Cheque,0
IBMAML-00045429,Credit Card,0
IBMAML-00045466,Cheque,0
IBMAML-00045467,Credit Card,0
IBMAML-00045468,Cash,0
IBMAML-00045574,Reinvestment,0
IBMAML-00045575,Cheque,0
IBMAML-00045576,Credit Card,0
IBMAML-00045577,Cash,0
IBMAML-00045582,Cheque,0
IBMAML-00045583,Credit Card,0
IBMAML-00045594,Reinvestment,0
IBMAML-00045595,Cheque,0
IBMAML-00045596,Credit Card,0
IBMAML-00045597,Cash,0
IBMAML-00045603,Reinvestment,0
IBMAML-00045619,Cheque,0
IBMAML-00045620,Credit Card,0
IBMAML-00045621,Cash,0
IBMAML-00045836,Cheque,0
IBMAML-00045837,Cash,0
IBMAML-00045939,Cheque,0
IBMAML-00045940,Cash,0
IBMAML-00045942,Reinvestment,0
IBMAML-00045943,Cheque,0
IBMAML-00045944,Credit Card,0
IBMAML-00045945,Cash,0
IBMAML-00045946,Reinvestment,0
IBMAML-00045966,Reinvestment,0
IBMAML-00045995,Cheque,0
IBMAML-00045996,Credit Card,0
IBMAML-00045997,Cash,0
IBMAML-00046052,Cheque,0
IBMAML-00046053,Cash,0
IBMAML-00046062,Reinvestment,0
IBMAML-00046323,Reinvestment,0
IBMAML-00046324,Reinvestment,0
IBMAML-00046327,Reinvestment,0
IBMAML-00046344,Cheque,0
IBMAML-00046345,Credit Card,0
IBMAML-00046372,Cheque,0
IBMAML-00046373,Credit Card,0
IBMAML-00046396,Cheque,0
IBMAML-00046397,Cash,0
IBMAML-00046403,ACH,0
IBMAML-00046405,Cheque,0
IBMAML-00046411,Reinvestment,0
IBMAML-00046417,Reinvestment,0
IBMAML-00046513,Reinvestment,0
IBMAML-00046592,Reinvestment,0
IBMAML-00046646,Cheque,0
IBMAML-00046647,Credit Card,0
IBMAML-00046648,Cash,0
IBMAML-00046705,Credit Card,0
IBMAML-00046706,Cash,0
IBMAML-00046750,Reinvestment,0
IBMAML-00046792,Reinvestment,0
IBMAML-00046805,Reinvestment,0
IBMAML-00046859,Reinvestment,0
IBMAML-00046861,Reinvestment,0
IBMAML-00046877,Reinvestment,0
IBMAML-00046885,Cheque,0
IBMAML-00046947,Reinvestment,0
IBMAML-00046948,Reinvestment,0
IBMAML-00046998,Cheque,0
IBMAML-00046999,Credit Card,0
IBMAML-00047000,Cash,0
IBMAML-00047025,Credit Card,0
IBMAML-00047057,Reinvestment,0
IBMAML-00047067,Cheque,0
IBMAML-00047068,Credit Card,0
IBMAML-00047069,Cash,0
IBMAML-00047075,Reinvestment,0
IBMAML-00047076,Reinvestment,0
IBMAML-00047078,Cheque,0
IBMAML-00047079,Cash,0
IBMAML-00047080,Reinvestment,0
IBMAML-00047085,Reinvestment,0
IBMAML-00047095,Cheque,0
IBMAML-00047101,Cheque,0
IBMAML-00047102,Cash,0
IBMAML-00047103,ACH,0
IBMAML-00047104,Wire,0
IBMAML-00047105,Reinvestment,0
IBMAML-00047173,Credit Card,0
IBMAML-00047215,Reinvestment,0
IBMAML-00047277,Cheque,0
IBMAML-00047278,Cash,0
IBMAML-00047371,Reinvestment,0
IBMAML-00047395,Reinvestment,0
IBMAML-00047396,Cheque,0
IBMAML-00047397,ACH,0
IBMAML-00047398,Reinvestment,0
IBMAML-00047470,Reinvestment,0
IBMAML-00047480,Reinvestment,0
IBMAML-00047497,Reinvestment,0
IBMAML-00047498,Reinvestment,0
IBMAML-00047515,Cheque,0
IBMAML-00047516,Credit Card,0
IBMAML-00047517,Cash,0
IBMAML-00047518,Reinvestment,0
IBMAML-00047571,Cheque,0
IBMAML-00047572,Credit Card,0
IBMAML-00047631,Cheque,0
IBMAML-00047632,Credit Card,0
IBMAML-00047633,Cash,0
IBMAML-00047716,Cheque,0
IBMAML-00047717,Credit Card,0
IBMAML-00047765,Reinvestment,0
IBMAML-00047767,Reinvestment,0
IBMAML-00047769,Cheque,0
IBMAML-00047823,Cheque,0
IBMAML-00047824,ACH,0
IBMAML-00047825,Wire,0
IBMAML-00047859,Reinvestment,0
IBMAML-00047863,Reinvestment,0
IBMAML-00047899,Reinvestment,0
IBMAML-00047916,Cheque,0
IBMAML-00047917,Credit Card,0
IBMAML-00047940,Cheque,0
IBMAML-00047962,Cheque,0
IBMAML-00048007,Cheque,0
IBMAML-00048008,Credit Card,0
IBMAML-00048009,Cash,0
IBMAML-00048022,Cheque,0
IBMAML-00048023,Credit Card,0
IBMAML-00048024,Cash,0
IBMAML-00048026,Cheque,0
IBMAML-00048027,Credit Card,0
IBMAML-00048110,Reinvestment,0
IBMAML-00048111,Cheque,0
IBMAML-00048203,Credit Card,0
IBMAML-00048207,Credit Card,0
IBMAML-00048220,Reinvestment,0
IBMAML-00048229,Reinvestment,0
IBMAML-00048231,Reinvestment,0
IBMAML-00048272,Cheque,0
IBMAML-00048273,Cash,0
IBMAML-00048274,ACH,0
IBMAML-00048341,Reinvestment,0
IBMAML-00048343,Cheque,0
IBMAML-00048344,Credit Card,0
IBMAML-00048345,Cash,0
IBMAML-00048346,Reinvestment,0
IBMAML-00048360,Cheque,0
IBMAML-00048361,Credit Card,0
IBMAML-00048362,Cash,0
IBMAML-00048427,Cheque,0
IBMAML-00048428,Credit Card,0
IBMAML-00048430,Reinvestment,0
IBMAML-00048431,Reinvestment,0
IBMAML-00048432,Cheque,0
IBMAML-00048433,Credit Card,0
IBMAML-00048434,Cash,0
IBMAML-00048474,Cheque,0
IBMAML-00048475,Credit Card,0
IBMAML-00048476,Cash,0
IBMAML-00048481,Cheque,0
IBMAML-00048482,Credit Card,0
IBMAML-00048483,Cash,0
IBMAML-00048576,Cheque,0
IBMAML-00048577,Cash,0
IBMAML-00048586,Reinvestment,0
IBMAML-00048593,Reinvestment,0
IBMAML-00048638,Reinvestment,0
IBMAML-00048649,Reinvestment,0
IBMAML-00048678,Cheque,0
IBMAML-00048679,Credit Card,0
IBMAML-00048704,Cheque,0
IBMAML-00048705,Credit Card,0
IBMAML-00048706,Cash,0
IBMAML-00048707,Reinvestment,0
IBMAML-00048708,Reinvestment,0
IBMAML-00048711,Cheque,0
IBMAML-00048712,Credit Card,0
IBMAML-00048713,Cash,0
IBMAML-00048756,Reinvestment,0
IBMAML-00048806,Reinvestment,0
IBMAML-00049072,Credit Card,0
IBMAML-00049167,Reinvestment,0
IBMAML-00049169,Reinvestment,0
IBMAML-00049360,Reinvestment,0
IBMAML-00049361,Reinvestment,0
IBMAML-00049459,Cheque,0
IBMAML-00049460,ACH,0
IBMAML-00049484,Cheque,0
IBMAML-00049485,Credit Card,0
IBMAML-00049526,Reinvestment,0
IBMAML-00049528,Cheque,0
IBMAML-00049529,Credit Card,0
IBMAML-00049649,Cheque,0
IBMAML-00049650,Credit Card,0
IBMAML-00049651,Cash,0
IBMAML-00049675,Cheque,0
IBMAML-00049676,Cash,0
IBMAML-00049688,Reinvestment,0
IBMAML-00049752,Cheque,0
IBMAML-00049753,Credit Card,0
IBMAML-00049754,Cheque,0
IBMAML-00049790,Reinvestment,0
IBMAML-00049792,Reinvestment,0
IBMAML-00049793,Reinvestment,0
IBMAML-00049805,Reinvestment,0
IBMAML-00049969,Cheque,0
IBMAML-00049970,Credit Card,0
IBMAML-00049971,ACH,0
IBMAML-00049975,Reinvestment,0
IBMAML-00049976,ACH,0
IBMAML-00049977,Reinvestment,0
IBMAML-00049979,Reinvestment,0
IBMAML-00050005,Cheque,0
IBMAML-00050006,Credit Card,0
IBMAML-00050007,Cash,0
IBMAML-00050070,Reinvestment,0
IBMAML-00050072,Wire,0
IBMAML-00050074,ACH,0
IBMAML-00050098,Reinvestment,0
IBMAML-00050137,Cheque,0
IBMAML-00050138,Cash,0
IBMAML-00050151,Cheque,0
IBMAML-00050165,Cheque,0
IBMAML-00050166,Cash,0
IBMAML-00050238,Reinvestment,0
IBMAML-00050246,Reinvestment,0
IBMAML-00050259,Cheque,0
IBMAML-00050389,Reinvestment,0
IBMAML-00050442,Cheque,0
IBMAML-00050448,Reinvestment,0
IBMAML-00050496,Reinvestment,0
IBMAML-00050609,Credit Card,0
IBMAML-00050694,Cheque,0
IBMAML-00050695,Credit Card,0
IBMAML-00050736,ACH,0
IBMAML-00050740,Reinvestment,0
IBMAML-00050805,Reinvestment,0
IBMAML-00050840,Reinvestment,0
IBMAML-00050841,Reinvestment,0
IBMAML-00050850,Cheque,0
IBMAML-00050851,Credit Card,0
IBMAML-00050852,Reinvestment,0
IBMAML-00050932,Cheque,0
IBMAML-00050933,Cash,0
IBMAML-00050945,Reinvestment,0
IBMAML-00051042,Reinvestment,0
IBMAML-00051159,Credit Card,0
IBMAML-00051169,Cheque,0
IBMAML-00051170,Credit Card,0
IBMAML-00051171,Cash,0
IBMAML-00051205,Reinvestment,0
IBMAML-00051254,Cheque,0
IBMAML-00051255,Credit Card,0
IBMAML-00051256,Cash,0
IBMAML-00051302,Cheque,0
IBMAML-00051357,Reinvestment,0
IBMAML-00051514,Reinvestment,0
IBMAML-00051515,Reinvestment,0
IBMAML-00051568,Cheque,0
IBMAML-00051569,Credit Card,0
IBMAML-00051597,Reinvestment,0
IBMAML-00051610,Cheque,0
IBMAML-00051611,Cash,0
IBMAML-00051659,Reinvestment,0
IBMAML-00051711,Reinvestment,0
IBMAML-00051717,Reinvestment,0
IBMAML-00051718,Reinvestment,0
IBMAML-00051773,Reinvestment,0
IBMAML-00051858,Cheque,0
IBMAML-00051859,Credit Card,0
IBMAML-00051905,Cheque,0
IBMAML-00051906,Credit Card,0
IBMAML-00051907,Cash,0
IBMAML-00051943,Cheque,0
IBMAML-00051944,Credit Card,0
IBMAML-00051963,Reinvestment,0
IBMAML-00051989,Cheque,0
IBMAML-00051990,Credit Card,0
IBMAML-00052006,Cheque,0
IBMAML-00052007,Cash,0
IBMAML-00052042,Cheque,0
IBMAML-00052043,Credit Card,0
IBMAML-00052044,Cash,0
IBMAML-00052060,Reinvestment,0
IBMAML-00052160,Reinvestment,0
IBMAML-00052161,Reinvestment,0
IBMAML-00052163,Reinvestment,0
IBMAML-00052171,Reinvestment,0
IBMAML-00052172,Cheque,0
IBMAML-00052173,Cash,0
IBMAML-00052174,ACH,0
IBMAML-00052177,Cheque,0
IBMAML-00052178,Cash,0
IBMAML-00052205,Reinvestment,0
IBMAML-00052207,Cheque,0
IBMAML-00052286,ACH,0
IBMAML-00052349,Credit Card,0
IBMAML-00052484,Cheque,0
IBMAML-00052485,Credit Card,0
IBMAML-00052619,Reinvestment,0
IBMAML-00052624,Cheque,0
IBMAML-00052625,Credit Card,0
IBMAML-00052648,Cheque,0
IBMAML-00052649,Cash,0
IBMAML-00052692,Cheque,0
IBMAML-00052715,Reinvestment,0
IBMAML-00052742,Cheque,0
IBMAML-00052743,Credit Card,0
IBMAML-00052744,Cash,0
IBMAML-00052777,Cheque,0
IBMAML-00052779,Cheque,0
IBMAML-00052780,Credit Card,0
IBMAML-00052781,Cash,0
IBMAML-00052792,Cheque,0
IBMAML-00052793,Credit Card,0
IBMAML-00052794,Cash,0
IBMAML-00052909,Reinvestment,0
IBMAML-00052917,Reinvestment,0
IBMAML-00052968,Reinvestment,0
IBMAML-00053011,Reinvestment,0
IBMAML-00053123,Cheque,0
IBMAML-00053217,Cheque,0
IBMAML-00053218,Cash,0
IBMAML-00053220,Cheque,0
IBMAML-00053221,Cash,0
IBMAML-00053305,Reinvestment,0
IBMAML-00053308,Cheque,0
IBMAML-00053309,Credit Card,0
IBMAML-00053310,Cash,0
IBMAML-00053358,Cheque,0
IBMAML-00053359,Cash,0
IBMAML-00053362,Reinvestment,0
IBMAML-00053363,Cheque,0
IBMAML-00053364,Credit Card,0
IBMAML-00053365,Wire,0
IBMAML-00053366,Reinvestment,0
IBMAML-00053367,Reinvestment,0
IBMAML-00053415,Cheque,0
IBMAML-00053416,Credit Card,0
IBMAML-00053417,Cash,0
IBMAML-00053563,Cheque,0
IBMAML-00053564,Credit Card,0
IBMAML-00053565,Cash,0
IBMAML-00053609,Reinvestment,0
IBMAML-00053613,Cheque,0
IBMAML-00053614,Credit Card,0
IBMAML-00053615,Cash,0
IBMAML-00053695,Reinvestment,0
IBMAML-00053763,Reinvestment,0
IBMAML-00053846,Cheque,0
IBMAML-00053847,Credit Card,0
IBMAML-00053848,Cash,0
IBMAML-00053938,Credit Card,0
IBMAML-00053939,Cash,0
IBMAML-00053952,Reinvestment,0
IBMAML-00053953,Reinvestment,0
IBMAML-00053957,Cheque,0
IBMAML-00053958,Cash,0
IBMAML-00054105,Cheque,0
IBMAML-00054106,Credit Card,0
IBMAML-00054107,Cash,0
IBMAML-00054148,Cheque,0
IBMAML-00054149,Cash,0
IBMAML-00054150,Wire,0
IBMAML-00054171,Reinvestment,0
IBMAML-00054188,Cheque,0
IBMAML-00054255,Reinvestment,0
IBMAML-00054329,Reinvestment,0
IBMAML-00054335,Cheque,0
IBMAML-00054336,Credit Card,0
IBMAML-00054337,Cash,0
IBMAML-00054349,Cheque,0
IBMAML-00054355,Reinvestment,0
IBMAML-00054356,Reinvestment,0
IBMAML-00054408,Reinvestment,0
IBMAML-00054409,Reinvestment,0
IBMAML-00054411,Reinvestment,0
IBMAML-00054506,Cheque,0
IBMAML-00054507,Cash,0
IBMAML-00054619,Cheque,0
IBMAML-00054620,Credit Card,0
IBMAML-00054621,Cash,0
IBMAML-00054629,Reinvestment,0
IBMAML-00054702,Cheque,0
IBMAML-00054703,Cash,0
IBMAML-00054743,Reinvestment,0
IBMAML-00054756,Reinvestment,0
IBMAML-00054792,Cheque,0
IBMAML-00054967,Cheque,0
IBMAML-00054968,Credit Card,0
IBMAML-00054969,Cash,0
IBMAML-00054996,Credit Card,0
IBMAML-00054998,Cheque,0
IBMAML-00054999,Credit Card,0
IBMAML-00055039,Cheque,0
IBMAML-00055040,Credit Card,0
IBMAML-00055063,Cheque,0
IBMAML-00055064,Credit Card,0
IBMAML-00055065,Cash,0
IBMAML-00055106,Cheque,0
IBMAML-00055107,Credit Card,0
IBMAML-00055108,Cash,0
IBMAML-00055109,ACH,0
IBMAML-00055200,Reinvestment,0
IBMAML-00055201,Reinvestment,0
IBMAML-00055208,Reinvestment,0
IBMAML-00055230,Cheque,0
IBMAML-00055231,Credit Card,0
IBMAML-00055241,Reinvestment,0
IBMAML-00055272,Reinvestment,0
IBMAML-00055275,Reinvestment,0
IBMAML-00055362,Cheque,0
IBMAML-00055524,Reinvestment,0
IBMAML-00055527,ACH,0
IBMAML-00055599,Reinvestment,0
IBMAML-00055600,ACH,0
IBMAML-00055617,Reinvestment,0
IBMAML-00055750,Cheque,0
IBMAML-00055751,Credit Card,0
IBMAML-00055752,Cash,0
IBMAML-00055794,Reinvestment,0
IBMAML-00055817,Credit Card,0
IBMAML-00055824,Cheque,0
IBMAML-00055825,Cash,0
IBMAML-00055896,Cheque,0
IBMAML-00055897,Credit Card,0
IBMAML-00055898,Cash,0
IBMAML-00056018,Cheque,0
IBMAML-00056019,Cash,0
IBMAML-00056052,Cheque,0
IBMAML-00056053,Cash,0
IBMAML-00056068,Cheque,0
IBMAML-00056069,Credit Card,0
IBMAML-00056070,Cash,0
IBMAML-00056072,Cheque,0
IBMAML-00056073,Credit Card,0
IBMAML-00056074,Cash,0
IBMAML-00056117,Reinvestment,0
IBMAML-00056127,Reinvestment,0
IBMAML-00056207,Cheque,0
IBMAML-00056208,Cash,0
IBMAML-00056311,Cheque,0
IBMAML-00056312,Credit Card,0
IBMAML-00056313,Reinvestment,0
IBMAML-00056316,Reinvestment,0
IBMAML-00056317,Reinvestment,0
IBMAML-00056353,Cheque,0
IBMAML-00056354,Credit Card,0
IBMAML-00056357,Cheque,0
IBMAML-00056358,Credit Card,0
IBMAML-00056359,Cash,0
IBMAML-00056441,Cheque,0
IBMAML-00056520,Reinvestment,0
IBMAML-00056550,Reinvestment,0
IBMAML-00056609,Cheque,0
IBMAML-00056610,Credit Card,0
IBMAML-00056632,Reinvestment,0
IBMAML-00056659,Reinvestment,0
IBMAML-00056662,Cheque,0
IBMAML-00056663,ACH,0
IBMAML-00056664,Reinvestment,0
IBMAML-00056667,Reinvestment,0
IBMAML-00056668,Reinvestment,0
IBMAML-00056691,Cheque,0
IBMAML-00056692,Credit Card,0
IBMAML-00056693,Cash,0
IBMAML-00056736,ACH,0
IBMAML-00056738,Reinvestment,0
IBMAML-00056746,Reinvestment,0
IBMAML-00056980,Cheque,0
IBMAML-00056981,Cash,0
IBMAML-00056997,Cheque,0
IBMAML-00056998,Credit Card,0
IBMAML-00056999,Cash,0
IBMAML-00057029,Cheque,0
IBMAML-00057030,Credit Card,0
IBMAML-00057031,Cash,0
IBMAML-00057109,Cheque,0
IBMAML-00057190,Cheque,0
IBMAML-00057191,Cheque,0
IBMAML-00057192,Credit Card,0
IBMAML-00057193,Cash,0
IBMAML-00057278,Reinvestment,0
IBMAML-00057282,Cheque,0
IBMAML-00057283,Credit Card,0
IBMAML-00057284,ACH,0
IBMAML-00057285,Wire,0
IBMAML-00057296,Credit Card,0
IBMAML-00057317,Reinvestment,0
IBMAML-00057326,Cheque,0
IBMAML-00057327,Cash,0
IBMAML-00057328,ACH,0
IBMAML-00057329,Wire,0
IBMAML-00057472,Reinvestment,0
IBMAML-00057507,Cheque,0
IBMAML-00057508,Credit Card,0
IBMAML-00057509,Cash,0
IBMAML-00057510,Reinvestment,0
IBMAML-00057547,Reinvestment,0
IBMAML-00057662,Cheque,0
IBMAML-00057663,Credit Card,0
IBMAML-00057664,Cash,0
IBMAML-00057665,ACH,0
IBMAML-00057773,Cheque,0
IBMAML-00057774,Credit Card,0
IBMAML-00057812,Cheque,0
IBMAML-00057813,Credit Card,0
IBMAML-00057814,Reinvestment,0
IBMAML-00057856,Cheque,0
IBMAML-00057857,Cash,0
IBMAML-00057870,Reinvestment,0
IBMAML-00057871,Reinvestment,0
IBMAML-00058010,Cheque,0
IBMAML-00058011,Credit Card,0
IBMAML-00058012,Cash,0
IBMAML-00058026,ACH,0
IBMAML-00058110,Reinvestment,0
IBMAML-00058114,Reinvestment,0
IBMAML-00058160,Cheque,0
IBMAML-00058161,Credit Card,0
IBMAML-00058162,Cash,0
IBMAML-00058281,Cheque,0
IBMAML-00058282,Cash,0
IBMAML-00058408,Reinvestment,0
IBMAML-00058438,ACH,0
IBMAML-00058439,Cheque,0
IBMAML-00058440,Cash,0
IBMAML-00058458,Cheque,0
IBMAML-00058459,Credit Card,0
IBMAML-00058460,Cash,0
IBMAML-00058465,Cheque,0
IBMAML-00058531,Reinvestment,0
IBMAML-00058533,Reinvestment,0
IBMAML-00058571,ACH,0
IBMAML-00058572,Reinvestment,0
IBMAML-00058597,Cheque,0
IBMAML-00058617,Reinvestment,0
IBMAML-00058626,Cheque,0
IBMAML-00058678,Reinvestment,0
IBMAML-00058684,Reinvestment,0
IBMAML-00058694,Reinvestment,0
IBMAML-00058726,Reinvestment,0
IBMAML-00058832,Credit Card,0
IBMAML-00058851,Cheque,0
IBMAML-00058852,Credit Card,0
IBMAML-00058853,Cash,0
IBMAML-00058926,Cheque,0
IBMAML-00058927,Cash,0
IBMAML-00059031,Cheque,0
IBMAML-00059032,Credit Card,0
IBMAML-00059123,Credit Card,0
IBMAML-00059274,ACH,0
IBMAML-00059286,Reinvestment,0
IBMAML-00059288,Reinvestment,0
IBMAML-00059409,Cheque,0
IBMAML-00059410,Credit Card,0
IBMAML-00059411,Cash,0
IBMAML-00059435,Reinvestment,0
IBMAML-00059436,Reinvestment,0
IBMAML-00059481,Reinvestment,0
IBMAML-00059482,Reinvestment,0
IBMAML-00059536,Reinvestment,0
IBMAML-00059650,Reinvestment,0
IBMAML-00059664,Cheque,0
IBMAML-00059667,Cheque,0
IBMAML-00059672,Reinvestment,0
IBMAML-00059684,Cheque,0
IBMAML-00059685,Cash,0
IBMAML-00059688,Reinvestment,0
IBMAML-00059693,Reinvestment,0
IBMAML-00059762,Reinvestment,0
IBMAML-00059997,Reinvestment,0
IBMAML-00060025,Reinvestment,0
IBMAML-00060035,Cheque,0
IBMAML-00060036,Credit Card,0
IBMAML-00060077,Reinvestment,0
IBMAML-00060078,Reinvestment,0
IBMAML-00060089,Cheque,0
IBMAML-00060090,Credit Card,0
IBMAML-00060091,Cash,0
IBMAML-00060104,Reinvestment,0
IBMAML-00060105,Reinvestment,0
IBMAML-00060155,Cheque,0
IBMAML-00060169,Cheque,0
IBMAML-00060170,Credit Card,0
IBMAML-00060209,Reinvestment,0
IBMAML-00060285,Cheque,0
IBMAML-00060373,Reinvestment,0
IBMAML-00060381,Reinvestment,0
IBMAML-00060544,Cheque,0
IBMAML-00060545,Credit Card,0
IBMAML-00060546,Cash,0
IBMAML-00060584,Reinvestment,0
IBMAML-00060585,Reinvestment,0
IBMAML-00060661,Cheque,0
IBMAML-00060662,Cash,0
IBMAML-00060794,Reinvestment,0
IBMAML-00060807,Cheque,0
IBMAML-00060808,Credit Card,0
IBMAML-00060809,Cash,0
IBMAML-00060943,Cheque,0
IBMAML-00060944,Credit Card,0
IBMAML-00060945,Cash,0
IBMAML-00060946,Reinvestment,0
IBMAML-00060986,Reinvestment,0
IBMAML-00061014,Reinvestment,0
IBMAML-00061143,Reinvestment,0
IBMAML-00061249,Cheque,0
IBMAML-00061250,Credit Card,0
IBMAML-00061261,Cheque,0
IBMAML-00061262,Cash,0
IBMAML-00061269,Reinvestment,0
IBMAML-00061366,Cheque,0
IBMAML-00061367,Credit Card,0
IBMAML-00061368,Cash,0
IBMAML-00061447,Cheque,0
IBMAML-00061448,Cash,0
IBMAML-00061449,ACH,0
IBMAML-00061497,Reinvestment,0
IBMAML-00061549,Reinvestment,0
IBMAML-00061550,Reinvestment,0
IBMAML-00061576,Reinvestment,0
IBMAML-00061607,Reinvestment,0
IBMAML-00061628,Cheque,0
IBMAML-00061655,Reinvestment,0
IBMAML-00061711,Cheque,0
IBMAML-00061712,Cash,0
IBMAML-00061715,Cheque,0
IBMAML-00061738,Cheque,0
IBMAML-00061739,Credit Card,0
IBMAML-00061761,Cheque,0
IBMAML-00061762,Cash,0
IBMAML-00061798,Credit Card,0
IBMAML-00061799,Cash,0
IBMAML-00061905,Reinvestment,0
IBMAML-00061906,Cheque,0
IBMAML-00061907,Reinvestment,0
IBMAML-00061922,Reinvestment,0
IBMAML-00062021,Reinvestment,0
IBMAML-00062034,Reinvestment,0
IBMAML-00062037,Reinvestment,0
IBMAML-00062044,Reinvestment,0
IBMAML-00062109,Credit Card,0
IBMAML-00062154,Cheque,0
IBMAML-00062155,Credit Card,0
IBMAML-00062156,Cash,0
IBMAML-00062176,Cheque,0
IBMAML-00062177,Credit Card,0
IBMAML-00062178,Cash,0
IBMAML-00062202,Reinvestment,0
IBMAML-00062290,Cheque,0
IBMAML-00062291,Credit Card,0
IBMAML-00062292,Cash,0
IBMAML-00062306,Cheque,0
IBMAML-00062307,Credit Card,0
IBMAML-00062443,Cheque,0
IBMAML-00062444,Credit Card,0
IBMAML-00062500,Reinvestment,0
IBMAML-00062602,Reinvestment,0
IBMAML-00062699,Reinvestment,0
IBMAML-00062824,Reinvestment,0
IBMAML-00062826,Reinvestment,0
IBMAML-00062827,Reinvestment,0
IBMAML-00062843,Cheque,0
IBMAML-00062844,Credit Card,0
IBMAML-00062845,Cash,0
IBMAML-00062879,Reinvestment,0
IBMAML-00062880,Reinvestment,0
IBMAML-00062891,Cheque,0
IBMAML-00062892,Cash,0
IBMAML-00062895,Cheque,0
IBMAML-00062896,Cash,0
IBMAML-00062938,Cheque,0
IBMAML-00062939,Cash,0
IBMAML-00063041,Credit Card,0
IBMAML-00063050,Credit Card,0
IBMAML-00063120,Reinvestment,0
IBMAML-00063181,Cheque,0
IBMAML-00063182,Credit Card,0
IBMAML-00063183,Cash,0
IBMAML-00063184,Cheque,0
IBMAML-00063185,Cash,0
IBMAML-00063260,Reinvestment,0
IBMAML-00063261,Reinvestment,0
IBMAML-00063332,Reinvestment,0
IBMAML-00063408,Reinvestment,0
IBMAML-00063445,Reinvestment,0
IBMAML-00063446,Reinvestment,0
IBMAML-00063490,Cheque,0
IBMAML-00063491,Credit Card,0
IBMAML-00063513,Reinvestment,0
IBMAML-00063532,Cheque,0
IBMAML-00063533,Cash,0
IBMAML-00063568,Reinvestment,0
IBMAML-00063570,Reinvestment,0
IBMAML-00063653,Cheque,0
IBMAML-00063654,Credit Card,0
IBMAML-00063655,Cash,0
IBMAML-00063660,Cheque,0
IBMAML-00063680,Reinvestment,0
IBMAML-00063731,Cheque,0
IBMAML-00063732,Credit Card,0
IBMAML-00063735,Cheque,0
IBMAML-00063774,Cheque,0
IBMAML-00063775,Wire,0
IBMAML-00063776,Reinvestment,0
IBMAML-00063798,Reinvestment,0
IBMAML-00063846,Cheque,0
IBMAML-00064033,Cheque,0
IBMAML-00064034,Credit Card,0
IBMAML-00064035,Cash,0
IBMAML-00064097,Reinvestment,0
IBMAML-00064098,Cheque,0
IBMAML-00064099,Credit Card,0
IBMAML-00064100,Reinvestment,0
IBMAML-00064135,Reinvestment,0
IBMAML-00064237,Reinvestment,0
IBMAML-00064238,Reinvestment,0
IBMAML-00064357,Cheque,0
IBMAML-00064358,Credit Card,0
IBMAML-00064359,Cash,0
IBMAML-00064394,Reinvestment,0
IBMAML-00064396,Reinvestment,0
IBMAML-00064399,Reinvestment,0
IBMAML-00064404,Reinvestment,0
IBMAML-00064421,Credit Card,0
IBMAML-00064476,Cheque,0
IBMAML-00064477,Credit Card,0
IBMAML-00064478,Cash,0
IBMAML-00064514,Reinvestment,0
IBMAML-00064637,Cheque,0
IBMAML-00064638,Credit Card,0
IBMAML-00064639,Cash,0
IBMAML-00064723,Reinvestment,0
IBMAML-00064743,Reinvestment,0
IBMAML-00064750,Cheque,0
IBMAML-00064751,Credit Card,0
IBMAML-00064813,Reinvestment,0
IBMAML-00064956,Reinvestment,0
IBMAML-00064957,Cheque,0
IBMAML-00064958,Credit Card,0
IBMAML-00064959,Cash,0
IBMAML-00064960,ACH,0
IBMAML-00064961,Wire,0
IBMAML-00064981,Reinvestment,0
IBMAML-00064986,Cheque,0
IBMAML-00064987,Credit Card,0
IBMAML-00064988,Cash,0
IBMAML-00065030,Cheque,0
IBMAML-00065031,Credit Card,0
IBMAML-00065042,Reinvestment,0
IBMAML-00065045,Cheque,0
IBMAML-00065046,Credit Card,0
IBMAML-00065047,Cash,0
IBMAML-00065076,Credit Card,0
IBMAML-00065077,Cash,0
IBMAML-00065100,Cheque,0
IBMAML-00065101,Cash,0
IBMAML-00065103,Cheque,0
IBMAML-00065143,Cheque,0
IBMAML-00065144,Credit Card,0
IBMAML-00065170,Cheque,0
IBMAML-00065171,Credit Card,0
IBMAML-00065172,Cash,0
IBMAML-00065186,Cheque,0
IBMAML-00065187,Cash,0
IBMAML-00065234,Credit Card,0
IBMAML-00065251,Credit Card,0
IBMAML-00065256,Cheque,0
IBMAML-00065257,Credit Card,0
IBMAML-00065278,Cheque,0
IBMAML-00065358,Credit Card,0
IBMAML-00065411,Cheque,0
IBMAML-00065412,Credit Card,0
IBMAML-00065495,Reinvestment,0
IBMAML-00065590,Reinvestment,0
IBMAML-00065603,Cheque,0
IBMAML-00065604,Credit Card,0
IBMAML-00065607,Cheque,0
IBMAML-00065608,Cash,0
IBMAML-00065633,Reinvestment,0
IBMAML-00065639,Reinvestment,0
IBMAML-00065644,Reinvestment,0
IBMAML-00065700,Cheque,0
IBMAML-00065701,Cash,0
IBMAML-00065702,Reinvestment,0
IBMAML-00065833,Cheque,0
IBMAML-00065925,Cheque,0
IBMAML-00065926,Credit Card,0
IBMAML-00065927,Cash,0
IBMAML-00065950,Cheque,0
IBMAML-00065951,Credit Card,0
IBMAML-00066077,Reinvestment,0
IBMAML-00066079,Cheque,0
IBMAML-00066080,Credit Card,0
IBMAML-00066081,Cash,0
IBMAML-00066101,Reinvestment,0
IBMAML-00066105,Reinvestment,0
IBMAML-00066385,Reinvestment,0
IBMAML-00066399,Reinvestment,0
IBMAML-00066401,Reinvestment,0
IBMAML-00066402,Cheque,0
IBMAML-00066474,Cheque,0
IBMAML-00066475,Credit Card,0
IBMAML-00066476,Cash,0
IBMAML-00066477,ACH,0
IBMAML-00066655,Cheque,0
IBMAML-00066656,Wire,0
IBMAML-00066658,Cheque,0
IBMAML-00066659,Credit Card,0
IBMAML-00066660,Cash,0
IBMAML-00066678,Reinvestment,0
IBMAML-00066692,Cheque,0
IBMAML-00066693,Credit Card,0
IBMAML-00066694,Cash,0
IBMAML-00066735,Cheque,0
IBMAML-00066736,Credit Card,0
IBMAML-00066737,ACH,0
IBMAML-00066837,Cheque,0
IBMAML-00066923,Reinvestment,0
IBMAML-00066937,Cheque,0
IBMAML-00066938,Cash,0
IBMAML-00066984,Reinvestment,0
IBMAML-00067002,Reinvestment,0
IBMAML-00067003,Cheque,0
IBMAML-00067004,Credit Card,0
IBMAML-00067005,ACH,0
IBMAML-00067015,Cheque,0
IBMAML-00067016,Cash,0
IBMAML-00067017,Wire,0
IBMAML-00067064,Cheque,0
IBMAML-00067065,Credit Card,0
IBMAML-00067072,Cheque,0
IBMAML-00067073,Cash,0
IBMAML-00067091,Cheque,0
IBMAML-00067092,ACH,0
IBMAML-00067206,Reinvestment,0
IBMAML-00067207,Reinvestment,0
IBMAML-00067348,Cheque,0
IBMAML-00067349,Credit Card,0
IBMAML-00067350,Cash,0
IBMAML-00067366,Cheque,0
IBMAML-00067367,Credit Card,0
IBMAML-00067493,Cheque,0
IBMAML-00067494,Credit Card,0
IBMAML-00067495,Cash,0
IBMAML-00067528,Cheque,0
IBMAML-00067529,Cash,0
IBMAML-00067530,Cheque,0
IBMAML-00067531,Cash,0
IBMAML-00067537,Cheque,0
IBMAML-00067538,Credit Card,0
IBMAML-00067539,Cash,0
IBMAML-00067588,Reinvestment,0
IBMAML-00067634,Reinvestment,0
IBMAML-00067778,Reinvestment,0
IBMAML-00067796,Reinvestment,0
IBMAML-00067896,Cheque,0
IBMAML-00067946,Cheque,0
IBMAML-00067947,Reinvestment,0
IBMAML-00067954,Cheque,0
IBMAML-00068040,Reinvestment,0
IBMAML-00068043,Reinvestment,0
IBMAML-00068083,Reinvestment,0
IBMAML-00068147,Cheque,0
IBMAML-00068148,Credit Card,0
IBMAML-00068152,Cheque,0
IBMAML-00068153,Credit Card,0
IBMAML-00068154,Cash,0
IBMAML-00068175,Cheque,0
IBMAML-00068176,Credit Card,0
IBMAML-00068177,Cash,0
IBMAML-00068179,Cheque,0
IBMAML-00068180,Credit Card,0
IBMAML-00068181,Cash,0
IBMAML-00068195,Reinvestment,0
IBMAML-00068212,Cheque,0
IBMAML-00068213,Cash,0
IBMAML-00068214,ACH,0
IBMAML-00068244,Cheque,0
IBMAML-00068245,Credit Card,0
IBMAML-00068246,Reinvestment,0
IBMAML-00068272,Reinvestment,0
IBMAML-00068273,Cheque,0
IBMAML-00068274,Credit Card,0
IBMAML-00068275,Cash,0
IBMAML-00068357,Cheque,0
IBMAML-00068358,Credit Card,0
IBMAML-00068359,Cash,0
IBMAML-00068420,Cheque,0
IBMAML-00068429,Cheque,0
IBMAML-00068440,Cheque,0
IBMAML-00068441,Credit Card,0
IBMAML-00068442,Cash,0
IBMAML-00068454,Reinvestment,0
IBMAML-00068581,Reinvestment,0
IBMAML-00068582,Reinvestment,0
IBMAML-00068696,Cheque,0
IBMAML-00068697,Credit Card,0
IBMAML-00068698,Cash,0
IBMAML-00068765,Cheque,0
IBMAML-00068806,Reinvestment,0
IBMAML-00068820,Cheque,0
IBMAML-00068821,Credit Card,0
IBMAML-00068836,Cheque,0
IBMAML-00068837,Cash,0
IBMAML-00068964,Cheque,0
IBMAML-00068982,Cheque,0
IBMAML-00068983,Credit Card,0
IBMAML-00068984,Cash,0
IBMAML-00069071,Cheque,0
IBMAML-00069072,Cash,0
IBMAML-00069101,Cheque,0
IBMAML-00069102,Credit Card,0
IBMAML-00069129,Cheque,0
IBMAML-00069151,Reinvestment,0
IBMAML-00069152,Cheque,0
IBMAML-00069153,Credit Card,1
IBMAML-00069199,Cheque,0
IBMAML-00069200,Cash,0
IBMAML-00069201,Reinvestment,0
IBMAML-00069280,Cheque,0
IBMAML-00069281,Credit Card,0
IBMAML-00069282,Cash,0
IBMAML-00069382,Credit Card,0
IBMAML-00069383,ACH,0
IBMAML-00069384,Wire,0
IBMAML-00069403,Reinvestment,0
IBMAML-00069415,Cheque,0
IBMAML-00069431,Cheque,0
IBMAML-00069432,Cash,0
IBMAML-00069573,Cheque,0
IBMAML-00069574,Cash,0
IBMAML-00069592,Cheque,0
IBMAML-00069605,Reinvestment,0
IBMAML-00069620,Reinvestment,0
IBMAML-00069654,Reinvestment,0
IBMAML-00069753,Cheque,0
IBMAML-00069754,Cash,0
IBMAML-00069831,Reinvestment,0
IBMAML-00069876,Reinvestment,0
IBMAML-00069987,Reinvestment,0
IBMAML-00070025,Reinvestment,0
IBMAML-00070027,Reinvestment,0
IBMAML-00070051,Cheque,0
IBMAML-00070052,Credit Card,0
IBMAML-00070053,Cash,0
IBMAML-00070153,Cheque,0
IBMAML-00070154,Cash,0
IBMAML-00070174,Reinvestment,0
IBMAML-00070199,Cheque,0
IBMAML-00070200,Cash,0
IBMAML-00070205,Cheque,0
IBMAML-00070206,Credit Card,0
IBMAML-00070207,Cash,0
IBMAML-00070425,Reinvestment,0
IBMAML-00070432,Cheque,0
IBMAML-00070445,Reinvestment,0
IBMAML-00070446,Reinvestment,0
IBMAML-00070461,Cheque,0
IBMAML-00070462,Cheque,0
IBMAML-00070463,Credit Card,0
IBMAML-00070476,Cheque,0
IBMAML-00070477,Credit Card,0
IBMAML-00070478,Cash,0
IBMAML-00070481,Cheque,0
IBMAML-00070482,Credit Card,0
IBMAML-00070519,Cheque,0
IBMAML-00070520,Cash,0
IBMAML-00070557,Cheque,0
IBMAML-00070558,Credit Card,0
IBMAML-00070842,Cheque,0
IBMAML-00070843,Cash,0
IBMAML-00070996,Reinvestment,0
IBMAML-00071178,Reinvestment,0
IBMAML-00071179,Reinvestment,0
IBMAML-00071192,Reinvestment,0
IBMAML-00071193,Reinvestment,0
IBMAML-00071346,Cheque,0
IBMAML-00071347,Credit Card,0
IBMAML-00071348,Cash,0
IBMAML-00071433,Cheque,0
IBMAML-00071434,Credit Card,0
IBMAML-00071435,Cash,0
IBMAML-00071494,Cheque,0
IBMAML-00071495,Cash,0
IBMAML-00071505,Reinvestment,0
IBMAML-00071534,Reinvestment,0
IBMAML-00071599,Reinvestment,0
IBMAML-00071678,Cheque,0
IBMAML-00071714,Cheque,0
IBMAML-00071755,Reinvestment,0
IBMAML-00071757,Reinvestment,0
IBMAML-00071805,Cheque,0
IBMAML-00071806,Cash,0
IBMAML-00071889,Reinvestment,0
IBMAML-00071900,Cheque,0
IBMAML-00071901,Credit Card,0
IBMAML-00071986,Cheque,0
IBMAML-00071987,Credit Card,0
IBMAML-00071988,Cash,0
IBMAML-00071998,Cheque,0
IBMAML-00071999,Credit Card,0
IBMAML-00072000,Cash,0
IBMAML-00072033,Cheque,0
IBMAML-00072034,Credit Card,0
IBMAML-00072098,Cheque,0
IBMAML-00072099,Cash,0
IBMAML-00072106,Cheque,0
IBMAML-00072141,Reinvestment,0
IBMAML-00072163,Cheque,0
IBMAML-00072164,Credit Card,0
IBMAML-00072165,Cash,0
IBMAML-00072185,Reinvestment,0
IBMAML-00072191,Cheque,0
IBMAML-00072192,Credit Card,0
IBMAML-00072314,Cheque,0
IBMAML-00072351,Cheque,0
IBMAML-00072352,Credit Card,0
IBMAML-00072353,Cash,0
IBMAML-00072354,ACH,0
IBMAML-00072355,Wire,0
IBMAML-00072373,Reinvestment,0
IBMAML-00072374,Cheque,0
IBMAML-00072375,Credit Card,0
IBMAML-00072394,Cheque,0
IBMAML-00072395,Credit Card,0
IBMAML-00072492,Reinvestment,0
IBMAML-00072514,Cheque,0
IBMAML-00072515,Credit Card,0
IBMAML-00072516,Cash,0
IBMAML-00072517,Cheque,0
IBMAML-00072518,Credit Card,0
IBMAML-00072579,Cheque,0
IBMAML-00072580,Credit Card,0
IBMAML-00072604,ACH,0
IBMAML-00072657,Cheque,0
IBMAML-00072658,Credit Card,0
IBMAML-00072659,Cash,0
IBMAML-00072660,Cheque,0
IBMAML-00072661,Cash,0
IBMAML-00072663,Cheque,0
IBMAML-00072664,Reinvestment,0
IBMAML-00072676,Cheque,0
IBMAML-00072677,Cash,0
IBMAML-00072684,Cash,0
IBMAML-00072792,Reinvestment,0
IBMAML-00072901,Cheque,0
IBMAML-00072902,Credit Card,0
IBMAML-00073031,Cheque,0
IBMAML-00073032,Credit Card,0
IBMAML-00073122,Cheque,0
IBMAML-00073172,Cheque,0
IBMAML-00073196,Reinvestment,0
IBMAML-00073197,Cheque,0
IBMAML-00073198,Cash,0
IBMAML-00073199,Cheque,0
IBMAML-00073372,Cheque,0
IBMAML-00073373,Credit Card,0
IBMAML-00073397,Cheque,0
IBMAML-00073398,Credit Card,0
IBMAML-00073399,ACH,0
IBMAML-00073436,Cheque,0
IBMAML-00073437,Cash,0
IBMAML-00073481,Reinvestment,0
IBMAML-00073508,Reinvestment,0
IBMAML-00073577,Cheque,0
IBMAML-00073582,Cheque,0
IBMAML-00073624,Reinvestment,0
IBMAML-00073625,Cheque,0
IBMAML-00073626,Credit Card,0
IBMAML-00073627,ACH,0
IBMAML-00073745,Reinvestment,0
IBMAML-00073782,Cheque,0
IBMAML-00073783,Credit Card,0
IBMAML-00073786,Reinvestment,0
IBMAML-00073787,Reinvestment,0
IBMAML-00073813,Cheque,0
IBMAML-00073814,Cash,0
IBMAML-00073860,Cheque,0
IBMAML-00073861,Cash,0
IBMAML-00073865,Cheque,0
IBMAML-00073937,Credit Card,0
IBMAML-00074024,Cheque,0
IBMAML-00074025,Credit Card,0
IBMAML-00074026,Cash,0
IBMAML-00074106,Cheque,0
IBMAML-00074107,Credit Card,0
IBMAML-00074212,Cheque,0
IBMAML-00074213,Credit Card,0
IBMAML-00074237,Reinvestment,0
IBMAML-00074277,Reinvestment,0
IBMAML-00074445,Reinvestment,0
IBMAML-00074552,Cheque,0
IBMAML-00074553,Credit Card,0
IBMAML-00074554,Cash,0
IBMAML-00074564,Cheque,0
IBMAML-00074565,Credit Card,0
IBMAML-00074566,Cash,0
IBMAML-00074623,Cheque,0
IBMAML-00074629,Reinvestment,0
IBMAML-00074671,Cheque,0
IBMAML-00074672,Cash,0
IBMAML-00074711,Reinvestment,0
IBMAML-00074712,Reinvestment,0
IBMAML-00074737,Cheque,0
IBMAML-00074738,Cash,0
IBMAML-00074759,Cheque,0
IBMAML-00074760,Cash,0
IBMAML-00074761,ACH,0
IBMAML-00074771,Cheque,0
IBMAML-00074772,Credit Card,0
IBMAML-00074779,Reinvestment,0
IBMAML-00074854,Credit Card,0
IBMAML-00074875,Cheque,0
IBMAML-00074876,Credit Card,0
IBMAML-00075041,Reinvestment,0
IBMAML-00075052,Reinvestment,0
IBMAML-00075053,Cheque,0
IBMAML-00075054,Credit Card,0
IBMAML-00075055,Cash,0
IBMAML-00075152,Cheque,0
IBMAML-00075153,Credit Card,0
IBMAML-00075154,Cash,0
IBMAML-00075166,Credit Card,0
IBMAML-00075184,Reinvestment,0
IBMAML-00075215,Reinvestment,0
IBMAML-00075314,Cheque,0
IBMAML-00075321,Credit Card,0
IBMAML-00075347,Credit Card,0
IBMAML-00075358,Reinvestment,0
IBMAML-00075360,Reinvestment,0
IBMAML-00075412,Cheque,0
IBMAML-00075413,ACH,0
IBMAML-00075425,Cash,0
IBMAML-00075473,Reinvestment,0
IBMAML-00075476,Reinvestment,0
IBMAML-00075548,Reinvestment,0
IBMAML-00075550,Reinvestment,0
IBMAML-00075679,Reinvestment,0
IBMAML-00075680,Reinvestment,0
IBMAML-00075739,Cheque,0
IBMAML-00075740,Credit Card,0
IBMAML-00075741,Cash,0
IBMAML-00076099,Reinvestment,0
IBMAML-00076122,Cheque,0
IBMAML-00076123,Credit Card,0
IBMAML-00076124,ACH,0
IBMAML-00076338,Cheque,0
IBMAML-00076343,Credit Card,0
IBMAML-00076391,Cheque,0
IBMAML-00076392,Cash,0
IBMAML-00076467,Reinvestment,0
IBMAML-00076468,Reinvestment,0
IBMAML-00076558,Reinvestment,0
IBMAML-00076587,Cheque,0
IBMAML-00076588,Credit Card,0
IBMAML-00076657,Cheque,0
IBMAML-00076658,Credit Card,0
IBMAML-00076679,Cheque,0
IBMAML-00076680,Credit Card,0
IBMAML-00076710,Cheque,0
IBMAML-00076711,Credit Card,0
IBMAML-00076712,Cash,0
IBMAML-00076728,Cheque,0
IBMAML-00076729,Credit Card,0
IBMAML-00076730,Cash,0
IBMAML-00076788,Reinvestment,0
IBMAML-00076795,Reinvestment,0
IBMAML-00077003,Cheque,0
IBMAML-00077004,Wire,0
IBMAML-00077024,Cheque,0
IBMAML-00077025,Credit Card,0
IBMAML-00077026,Cash,0
IBMAML-00077045,Cheque,0
IBMAML-00077046,Credit Card,0
IBMAML-00077047,Cash,0
IBMAML-00077067,Credit Card,0
IBMAML-00077069,Reinvestment,0
IBMAML-00077070,Reinvestment,0
IBMAML-00077115,Cheque,0
IBMAML-00077116,Credit Card,0
IBMAML-00077117,Cash,0
IBMAML-00077139,Reinvestment,0
IBMAML-00077162,Reinvestment,0
IBMAML-00077262,Reinvestment,0
IBMAML-00077299,Cheque,0
IBMAML-00077300,Cash,0
IBMAML-00077386,Cheque,0
IBMAML-00077387,Cash,0
IBMAML-00077411,Reinvestment,0
IBMAML-00077412,Reinvestment,0
IBMAML-00077442,Cheque,0
IBMAML-00077443,Credit Card,0
IBMAML-00077444,Cash,0
IBMAML-00077449,Cheque,0
IBMAML-00077471,Cheque,0
IBMAML-00077472,Credit Card,0
IBMAML-00077473,Cash,0
IBMAML-00077474,ACH,0
IBMAML-00077526,Reinvestment,0
IBMAML-00077528,Reinvestment,0
IBMAML-00077530,Reinvestment,0
IBMAML-00077540,Reinvestment,0
IBMAML-00077551,Reinvestment,0
IBMAML-00077556,Reinvestment,0
IBMAML-00077658,Reinvestment,0
IBMAML-00077663,Credit Card,0
IBMAML-00077728,Cheque,0
IBMAML-00077729,Credit Card,0
IBMAML-00077730,Cash,0
IBMAML-00077769,Cheque,0
IBMAML-00077770,Credit Card,0
IBMAML-00077909,Reinvestment,0
IBMAML-00077957,Cheque,0
IBMAML-00077958,Credit Card,0
IBMAML-00077959,Cash,0
IBMAML-00077969,Cheque,0
IBMAML-00077970,Credit Card,0
IBMAML-00077971,Cash,0
IBMAML-00077995,Cheque,0
IBMAML-00077996,Credit Card,0
IBMAML-00077997,Cash,0
IBMAML-00078060,Cheque,0
IBMAML-00078061,Cash,0
IBMAML-00078079,Cheque,0
IBMAML-00078080,Credit Card,0
IBMAML-00078083,Reinvestment,0
IBMAML-00078112,Reinvestment,0
IBMAML-00078119,Cheque,0
IBMAML-00078120,Credit Card,0
IBMAML-00078152,Cheque,0
IBMAML-00078153,Credit Card,0
IBMAML-00078154,Cash,0
IBMAML-00078166,Cheque,0
IBMAML-00078167,Cash,0
IBMAML-00078211,Cheque,0
IBMAML-00078212,Credit Card,0
IBMAML-00078274,Credit Card,0
IBMAML-00078299,Credit Card,0
IBMAML-00078388,Cheque,0
IBMAML-00078389,Credit Card,0
IBMAML-00078390,Cash,0
IBMAML-00078470,Reinvestment,0
IBMAML-00078525,Cheque,0
IBMAML-00078526,Credit Card,0
IBMAML-00078527,Cash,0
IBMAML-00078584,Reinvestment,0
IBMAML-00078585,Cheque,0
IBMAML-00078586,Credit Card,0
IBMAML-00078599,Cheque,0
IBMAML-00078600,Credit Card,0
IBMAML-00078601,Cash,0
IBMAML-00078629,Reinvestment,0
IBMAML-00078630,Reinvestment,0
IBMAML-00078631,Reinvestment,0
IBMAML-00078661,Cheque,0
IBMAML-00078662,Credit Card,0
IBMAML-00078675,Cheque,0
IBMAML-00078676,Credit Card,0
IBMAML-00078677,Cash,0
IBMAML-00078678,Wire,0
IBMAML-00078707,Cheque,0
IBMAML-00078710,Cheque,0
IBMAML-00078711,Cash,0
IBMAML-00078722,Reinvestment,0
IBMAML-00078725,Cheque,0
IBMAML-00078726,Credit Card,0
IBMAML-00078727,Cash,0
IBMAML-00078941,Cheque,0
IBMAML-00078975,Reinvestment,0
IBMAML-00079067,Cheque,0
IBMAML-00079068,Credit Card,0
IBMAML-00079069,Reinvestment,0
IBMAML-00079086,Credit Card,0
IBMAML-00079122,Cheque,0
IBMAML-00079123,Credit Card,0
IBMAML-00079206,Reinvestment,0
IBMAML-00079208,Reinvestment,0
IBMAML-00079335,Reinvestment,0
IBMAML-00079365,ACH,0
IBMAML-00079366,Cheque,0
IBMAML-00079367,Cash,0
IBMAML-00079369,Reinvestment,0
IBMAML-00079503,Cheque,0
IBMAML-00079504,Cheque,0
IBMAML-00079505,Credit Card,0
IBMAML-00079506,Cash,0
IBMAML-00079782,Cheque,0
IBMAML-00079783,Credit Card,0
IBMAML-00079784,Cash,0
IBMAML-00079785,ACH,0
IBMAML-00079853,Reinvestment,0
IBMAML-00079889,Reinvestment,0
IBMAML-00079915,Cheque,0
IBMAML-00079916,Credit Card,0
IBMAML-00079917,Cash,0
IBMAML-00079928,Cheque,0
IBMAML-00079929,Cash,0
IBMAML-00079955,Cheque,0
IBMAML-00079956,Cash,0
IBMAML-00079957,Cheque,0
IBMAML-00079958,Credit Card,0
IBMAML-00079962,Reinvestment,0
IBMAML-00079984,Reinvestment,0
IBMAML-00080017,Credit Card,0
IBMAML-00080052,Cheque,0
IBMAML-00080053,Cash,0
IBMAML-00080054,Reinvestment,0
IBMAML-00080059,Cheque,0
IBMAML-00080060,Credit Card,0
IBMAML-00080061,Cash,0
IBMAML-00080063,Reinvestment,0
IBMAML-00080064,Reinvestment,0
IBMAML-00080122,Cheque,0
IBMAML-00080123,Credit Card,0
IBMAML-00080124,Cash,0
IBMAML-00080180,Reinvestment,0
IBMAML-00080339,Reinvestment,0
IBMAML-00080341,Reinvestment,0
IBMAML-00080479,Reinvestment,0
IBMAML-00080515,Cheque,0
IBMAML-00080645,Cheque,0
IBMAML-00080646,Credit Card,0
IBMAML-00080647,Cash,0
IBMAML-00080682,Credit Card,0
IBMAML-00080689,Credit Card,0
IBMAML-00080695,Credit Card,0
IBMAML-00080696,Credit Card,0
IBMAML-00080717,Reinvestment,0
IBMAML-00080718,Reinvestment,0
IBMAML-00080745,Reinvestment,0
IBMAML-00080830,Reinvestment,0
IBMAML-00080855,Reinvestment,0
IBMAML-00080938,Cheque,0
IBMAML-00080962,Reinvestment,0
IBMAML-00080986,Cheque,0
IBMAML-00080987,Credit Card,0
IBMAML-00080988,Cash,0
IBMAML-00081047,Cheque,0
IBMAML-00081087,Cheque,0
IBMAML-00081088,Credit Card,0
IBMAML-00081089,Cash,0
IBMAML-00081122,Cheque,0
IBMAML-00081123,Credit Card,0
IBMAML-00081125,Cheque,0
IBMAML-00081126,Cash,0
IBMAML-00081176,Reinvestment,0
IBMAML-00081186,Reinvestment,0
IBMAML-00081207,Cheque,0
IBMAML-00081208,Credit Card,0
IBMAML-00081209,Cash,0
IBMAML-00081238,Reinvestment,0
IBMAML-00081286,Reinvestment,0
IBMAML-00081439,Reinvestment,0
IBMAML-00081451,Reinvestment,0
IBMAML-00081472,Cheque,0
IBMAML-00081486,Cheque,0
IBMAML-00081487,Credit Card,0
IBMAML-00081541,Cheque,0
IBMAML-00081542,Credit Card,0
IBMAML-00081607,Reinvestment,0
IBMAML-00081700,Reinvestment,0
IBMAML-00081701,Cheque,0
IBMAML-00081702,Credit Card,0
IBMAML-00081703,Reinvestment,0
IBMAML-00081704,Reinvestment,0
IBMAML-00081712,Cheque,0
IBMAML-00081713,Cash,0
IBMAML-00081716,Reinvestment,0
IBMAML-00081728,Reinvestment,0
IBMAML-00081739,Reinvestment,0
IBMAML-00081785,Reinvestment,0
IBMAML-00081787,Reinvestment,0
IBMAML-00081792,ACH,0
IBMAML-00081848,Reinvestment,0
IBMAML-00081906,Cheque,0
IBMAML-00081907,ACH,0
IBMAML-00082115,Cheque,0
IBMAML-00082116,Reinvestment,0
IBMAML-00082147,Cheque,0
IBMAML-00082148,Credit Card,0
IBMAML-00082195,Cheque,0
IBMAML-00082196,Credit Card,0
IBMAML-00082200,Cheque,0
IBMAML-00082201,Credit Card,0
IBMAML-00082211,Cheque,0
IBMAML-00082212,Credit Card,0
IBMAML-00082213,Cash,0
IBMAML-00082300,Reinvestment,0
IBMAML-00082346,Cheque,0
IBMAML-00082347,Cash,0
IBMAML-00082414,Cheque,0
IBMAML-00082415,Credit Card,0
IBMAML-00082416,Cash,0
IBMAML-00082418,Cheque,0
IBMAML-00082419,Credit Card,0
IBMAML-00082420,Cash,0
IBMAML-00082451,Cheque,0
IBMAML-00082452,Credit Card,0
IBMAML-00082456,Reinvestment,0
IBMAML-00082460,Reinvestment,0
IBMAML-00082488,Cheque,0
IBMAML-00082489,Cash,0
IBMAML-00082530,Cheque,0
IBMAML-00082531,Credit Card,0
IBMAML-00082532,Cash,0
IBMAML-00082570,Cheque,0
IBMAML-00082571,Credit Card,0
IBMAML-00082599,Cheque,0
IBMAML-00082600,Credit Card,0
IBMAML-00082612,Cheque,0
IBMAML-00082613,Credit Card,0
IBMAML-00082614,Cash,0
IBMAML-00082616,Cheque,0
IBMAML-00082617,Cash,0
IBMAML-00082650,Cheque,0
IBMAML-00082651,Credit Card,0
IBMAML-00082652,Wire,0
IBMAML-00082653,Cheque,0
IBMAML-00082654,Credit Card,0
IBMAML-00082661,Reinvestment,0
IBMAML-00082688,Credit Card,0
IBMAML-00082703,Reinvestment,0
IBMAML-00082744,Reinvestment,0
IBMAML-00082773,Cheque,0
IBMAML-00083036,Cheque,0
IBMAML-00083037,Credit Card,0
IBMAML-00083112,Cheque,0
IBMAML-00083113,Cash,0
IBMAML-00083175,Reinvestment,0
IBMAML-00083177,Cheque,0
IBMAML-00083178,Cash,0
IBMAML-00083179,ACH,0
IBMAML-00083212,Reinvestment,0
IBMAML-00083246,Reinvestment,0
IBMAML-00083299,Reinvestment,0
IBMAML-00083311,Reinvestment,0
IBMAML-00083346,Reinvestment,0
IBMAML-00083398,Reinvestment,0
IBMAML-00083406,Cheque,0
IBMAML-00083407,Credit Card,0
IBMAML-00083410,Cheque,0
IBMAML-00083411,Credit Card,0
IBMAML-00083412,Cash,0
IBMAML-00083413,Cheque,0
IBMAML-00083414,Credit Card,0
IBMAML-00083415,Cash,0
IBMAML-00083426,Cheque,0
IBMAML-00083434,ACH,0
IBMAML-00083459,Reinvestment,0
IBMAML-00083461,Reinvestment,0
IBMAML-00083491,Cheque,0
IBMAML-00083492,Cash,0
IBMAML-00083493,Credit Card,0
IBMAML-00083564,Cheque,0
IBMAML-00083565,Credit Card,0
IBMAML-00083640,Cheque,0
IBMAML-00083641,Credit Card,0
IBMAML-00083642,Cash,0
IBMAML-00083648,Reinvestment,0
IBMAML-00083649,Cheque,0
IBMAML-00083650,Credit Card,0
IBMAML-00083651,Reinvestment,0
IBMAML-00083683,Cheque,0
IBMAML-00083684,Credit Card,0
IBMAML-00083685,Cash,0
IBMAML-00083869,Reinvestment,0
IBMAML-00083874,Reinvestment,0
IBMAML-00083934,Reinvestment,0
IBMAML-00083980,Reinvestment,0
IBMAML-00083981,Cheque,0
IBMAML-00084004,Cheque,0
IBMAML-00084005,ACH,0
IBMAML-00084006,Reinvestment,0
IBMAML-00084016,Cheque,0
IBMAML-00084017,Cash,0
IBMAML-00084072,Reinvestment,0
IBMAML-00084075,Reinvestment,0
IBMAML-00084080,Credit Card,0
IBMAML-00084081,Cash,0
IBMAML-00084323,Reinvestment,0
IBMAML-00084344,Cheque,0
IBMAML-00084345,Credit Card,0
IBMAML-00084357,Cheque,0
IBMAML-00084436,Cheque,0
IBMAML-00084437,Credit Card,0
IBMAML-00084438,Cash,0
IBMAML-00084542,Cheque,0
IBMAML-00084543,Credit Card,0
IBMAML-00084626,Credit Card,0
IBMAML-00084735,Cheque,0
IBMAML-00084736,Cash,0
IBMAML-00084785,Reinvestment,0
IBMAML-00084786,Reinvestment,0
IBMAML-00084891,Cheque,0
IBMAML-00084893,ACH,0
IBMAML-00084939,Cheque,0
IBMAML-00084940,Credit Card,0
IBMAML-00085054,Reinvestment,0
IBMAML-00085082,Reinvestment,0
IBMAML-00085091,Credit Card,0
IBMAML-00085095,Reinvestment,0
IBMAML-00085100,Cheque,0
IBMAML-00085101,Cash,0
IBMAML-00085111,Cheque,0
IBMAML-00085175,Cheque,0
IBMAML-00085176,Credit Card,0
IBMAML-00085177,Cash,0
IBMAML-00085243,Reinvestment,0
IBMAML-00085258,Cheque,0
IBMAML-00085385,Reinvestment,0
IBMAML-00085387,Reinvestment,0
IBMAML-00085391,Reinvestment,0
IBMAML-00085400,Credit Card,0
IBMAML-00085401,Cash,0
IBMAML-00085402,ACH,0
IBMAML-00085414,Cheque,0
IBMAML-00085415,Cash,0
IBMAML-00085432,Cheque,0
IBMAML-00085584,Cheque,0
IBMAML-00085585,Credit Card,0
IBMAML-00085586,Cash,0
IBMAML-00085595,Cheque,0
IBMAML-00085596,Credit Card,0
IBMAML-00085597,Cash,0
IBMAML-00085598,Cheque,0
IBMAML-00085599,Credit Card,0
IBMAML-00085600,Cash,0
IBMAML-00085622,Cheque,0
IBMAML-00085623,Credit Card,0
IBMAML-00085624,Cash,0
IBMAML-00085762,Reinvestment,0
IBMAML-00085764,Cheque,1
IBMAML-00085765,Credit Card,0
IBMAML-00085766,Cash,0
IBMAML-00085805,Cheque,0
IBMAML-00085806,Credit Card,0
IBMAML-00085807,Cash,0
IBMAML-00085815,Cheque,0
IBMAML-00085816,Credit Card,0
IBMAML-00085817,Cash,0
IBMAML-00085855,Cheque,0
IBMAML-00085856,Cash,0
IBMAML-00085937,Reinvestment,0
IBMAML-00085976,Cheque,0
IBMAML-00085977,Credit Card,0
IBMAML-00085989,Cheque,0
IBMAML-00085990,Credit Card,0
IBMAML-00086008,Cheque,0
IBMAML-00086009,Credit Card,0
IBMAML-00086183,Cheque,0
IBMAML-00086184,Credit Card,0
IBMAML-00086185,Cash,0
IBMAML-00086190,Reinvestment,0
IBMAML-00086191,Cheque,0
IBMAML-00086192,Credit Card,0
IBMAML-00086299,Reinvestment,0
IBMAML-00086418,Reinvestment,0
IBMAML-00086482,Reinvestment,0
IBMAML-00086483,Reinvestment,0
IBMAML-00086490,Reinvestment,0
IBMAML-00086556,Reinvestment,0
IBMAML-00086558,Reinvestment,0
IBMAML-00086559,Reinvestment,0
IBMAML-00086611,Cheque,0
IBMAML-00086612,Credit Card,0
IBMAML-00086649,Reinvestment,0
IBMAML-00086676,Reinvestment,0
IBMAML-00086682,Reinvestment,0
IBMAML-00086692,Reinvestment,0
IBMAML-00086710,Cheque,0
IBMAML-00086748,Reinvestment,0
IBMAML-00086750,Reinvestment,0
IBMAML-00086755,Reinvestment,0
IBMAML-00086791,Reinvestment,0
IBMAML-00086836,Cheque,0
IBMAML-00086837,Credit Card,0
IBMAML-00086936,Cheque,0
IBMAML-00086937,Credit Card,0
IBMAML-00086938,Cash,0
IBMAML-00086952,Cheque,0
IBMAML-00086953,Credit Card,0
IBMAML-00086954,Cash,0
IBMAML-00087066,Reinvestment,0
IBMAML-00087068,Reinvestment,0
IBMAML-00087118,Cheque,0
IBMAML-00087119,Credit Card,0
IBMAML-00087120,Cash,0
IBMAML-00087151,Cheque,0
IBMAML-00087152,Credit Card,0
IBMAML-00087153,Cash,0
IBMAML-00087173,Cheque,0
IBMAML-00087182,Reinvestment,0
IBMAML-00087200,Cheque,0
IBMAML-00087201,Credit Card,0
IBMAML-00087217,Cheque,0
IBMAML-00087218,Credit Card,0
IBMAML-00087219,Cash,0
IBMAML-00087281,Reinvestment,0
IBMAML-00087375,Cheque,0
IBMAML-00087475,Cheque,0
IBMAML-00087476,Credit Card,0
IBMAML-00087500,Reinvestment,0
IBMAML-00087515,Cheque,0
IBMAML-00087516,Credit Card,0
IBMAML-00087517,Cash,0
IBMAML-00087553,Reinvestment,0
IBMAML-00087554,Reinvestment,0
IBMAML-00087586,Cheque,0
IBMAML-00087587,Cash,0
IBMAML-00087591,Cheque,0
IBMAML-00087592,Credit Card,0
IBMAML-00087593,Cash,0
IBMAML-00087595,Cheque,0
IBMAML-00087596,Credit Card,0
IBMAML-00087597,Cash,0
IBMAML-00087608,Cheque,0
IBMAML-00087635,Reinvestment,0
IBMAML-00087640,Reinvestment,0
IBMAML-00087643,Reinvestment,0
IBMAML-00087648,Cheque,0
IBMAML-00087649,Cash,0
IBMAML-00087681,Credit Card,0
IBMAML-00087803,Cheque,0
IBMAML-00087804,Credit Card,0
IBMAML-00087815,Cheque,0
IBMAML-00087816,Credit Card,0
IBMAML-00087817,ACH,0
IBMAML-00087823,Cheque,0
IBMAML-00087824,Credit Card,0
IBMAML-00087825,Cash,0
IBMAML-00087855,Reinvestment,0
IBMAML-00087857,Cheque,0
IBMAML-00087858,Credit Card,0
IBMAML-00087859,Reinvestment,0
IBMAML-00087901,Cheque,0
IBMAML-00087918,Reinvestment,0
IBMAML-00087948,Reinvestment,0
IBMAML-00087954,Credit Card,0
IBMAML-00087991,Cheque,0
IBMAML-00087992,Cash,0
IBMAML-00087993,ACH,0
IBMAML-00088047,Reinvestment,0
IBMAML-00088053,Reinvestment,0
IBMAML-00088078,Cheque,0
IBMAML-00088079,Credit Card,0
IBMAML-00088080,Reinvestment,0
IBMAML-00088255,Cheque,0
IBMAML-00088256,Credit Card,0
IBMAML-00088257,Cash,0
IBMAML-00088266,Cheque,0
IBMAML-00088269,Cheque,0
IBMAML-00088270,Credit Card,0
IBMAML-00088271,ACH,0
IBMAML-00088290,Reinvestment,0
IBMAML-00088481,Reinvestment,0
IBMAML-00088558,Cheque,0
IBMAML-00088559,Credit Card,0
IBMAML-00088560,Cash,0
IBMAML-00088651,Cheque,0
IBMAML-00088746,Cheque,0
IBMAML-00088747,Credit Card,0
IBMAML-00088808,Cash,0
IBMAML-00088870,Cheque,0
IBMAML-00088871,Credit Card,0
IBMAML-00088872,Cheque,0
IBMAML-00088873,Credit Card,0
IBMAML-00088874,Cash,0
IBMAML-00088876,Reinvestment,0
IBMAML-00088969,Cheque,0
IBMAML-00088970,Credit Card,0
IBMAML-00088971,Cash,0
IBMAML-00088974,Reinvestment,0
IBMAML-00088975,Reinvestment,0
IBMAML-00089055,Cheque,0
IBMAML-00089056,Credit Card,0
IBMAML-00089177,Reinvestment,0
IBMAML-00089178,Reinvestment,0
IBMAML-00089179,Reinvestment,0
IBMAML-00089300,Reinvestment,0
IBMAML-00089301,Cheque,0
IBMAML-00089302,Credit Card,0
IBMAML-00089303,ACH,0
IBMAML-00089309,Cheque,0
IBMAML-00089310,Credit Card,0
IBMAML-00089311,Cash,0
IBMAML-00089361,Reinvestment,0
IBMAML-00089386,Cheque,0
IBMAML-00089387,Cash,0
IBMAML-00089397,Credit Card,0
IBMAML-00089413,Reinvestment,0
IBMAML-00089415,Reinvestment,0
IBMAML-00089623,Cheque,0
IBMAML-00089624,Cash,0
IBMAML-00089668,Cheque,0
IBMAML-00089669,Cash,0
IBMAML-00089732,Credit Card,0
IBMAML-00089790,Reinvestment,0
IBMAML-00089791,Reinvestment,0
IBMAML-00089809,Reinvestment,0
IBMAML-00089816,Reinvestment,0
IBMAML-00089825,Reinvestment,0
IBMAML-00089826,Reinvestment,0
IBMAML-00089851,Cheque,0
IBMAML-00089970,Cheque,0
IBMAML-00089982,Credit Card,0
IBMAML-00089983,Cash,0
IBMAML-00090015,Cheque,0
IBMAML-00090016,Credit Card,0
IBMAML-00090141,Reinvestment,0
IBMAML-00090142,Reinvestment,0
IBMAML-00090405,Cheque,0
IBMAML-00090416,Credit Card,0
IBMAML-00090417,Reinvestment,0
IBMAML-00090470,Cheque,0
IBMAML-00090471,Credit Card,0
IBMAML-00090591,Reinvestment,0
IBMAML-00090592,Reinvestment,0
IBMAML-00090612,Reinvestment,0
IBMAML-00090665,Cheque,0
IBMAML-00090681,Cheque,0
IBMAML-00090682,Cash,0
IBMAML-00090684,Cheque,0
IBMAML-00090685,Cash,1
IBMAML-00090686,Reinvestment,0
IBMAML-00090755,ACH,0
IBMAML-00090756,Cheque,0
IBMAML-00090757,ACH,0
IBMAML-00090758,ACH,0
IBMAML-00090760,Reinvestment,0
IBMAML-00090787,Reinvestment,0
IBMAML-00090800,Cheque,0
IBMAML-00090842,Cheque,0
IBMAML-00090843,Cash,0
IBMAML-00090846,Cheque,0
IBMAML-00090847,Credit Card,0
IBMAML-00090848,Cash,0
IBMAML-00090851,Reinvestment,0
IBMAML-00091094,Cheque,0
IBMAML-00091095,Credit Card,0
IBMAML-00091133,Cheque,0
IBMAML-00091134,Credit Card,0
IBMAML-00091135,Cash,0
IBMAML-00091229,Reinvestment,0
IBMAML-00091263,Reinvestment,0
IBMAML-00091298,Reinvestment,0
IBMAML-00091368,Cheque,0
IBMAML-00091369,ACH,0
IBMAML-00091392,Cheque,0
IBMAML-00091393,Credit Card,0
IBMAML-00091394,Cash,0
IBMAML-00091412,Reinvestment,0
IBMAML-00091413,Reinvestment,0
IBMAML-00091422,Cheque,0
IBMAML-00091423,Credit Card,0
IBMAML-00091424,Cash,0
IBMAML-00091438,Reinvestment,0
IBMAML-00091494,Cheque,0
IBMAML-00091610,Cheque,0
IBMAML-00091611,Cash,0
IBMAML-00091616,Reinvestment,0
IBMAML-00091622,Reinvestment,0
IBMAML-00091627,Reinvestment,0
IBMAML-00091668,Reinvestment,0
IBMAML-00091693,Cheque,0
IBMAML-00091694,Credit Card,0
IBMAML-00091695,Cash,0
IBMAML-00091722,Reinvestment,0
IBMAML-00091723,Reinvestment,0
IBMAML-00091753,Cheque,0
IBMAML-00091808,Reinvestment,0
IBMAML-00091837,Reinvestment,0
IBMAML-00091838,ACH,0
IBMAML-00091876,Cheque,0
IBMAML-00091877,Credit Card,0
IBMAML-00091949,Cheque,0
IBMAML-00091950,Credit Card,0
IBMAML-00091951,Cash,0
IBMAML-00092009,Reinvestment,0
IBMAML-00092100,Reinvestment,0
IBMAML-00092102,Reinvestment,0
IBMAML-00092113,Cheque,0
IBMAML-00092114,Credit Card,0
IBMAML-00092115,Cash,0
IBMAML-00092191,Credit Card,0
IBMAML-00092208,Cheque,0
IBMAML-00092209,Credit Card,0
IBMAML-00092213,Reinvestment,0
IBMAML-00092214,Reinvestment,0
IBMAML-00092222,Reinvestment,0
IBMAML-00092260,Reinvestment,0
IBMAML-00092362,Reinvestment,0
IBMAML-00092381,Cheque,0
IBMAML-00092382,Credit Card,0
IBMAML-00092383,Cash,0
IBMAML-00092534,Reinvestment,0
IBMAML-00092541,Reinvestment,0
IBMAML-00092542,Cheque,0
IBMAML-00092543,Credit Card,0
IBMAML-00092580,Reinvestment,0
IBMAML-00092718,Cheque,0
IBMAML-00092773,Cheque,0
IBMAML-00092774,Credit Card,0
IBMAML-00092850,Reinvestment,0
IBMAML-00092851,Reinvestment,0
IBMAML-00092852,Reinvestment,0
IBMAML-00092859,Cheque,0
IBMAML-00092860,Credit Card,0
IBMAML-00092861,Cash,0
IBMAML-00092883,Reinvestment,0
IBMAML-00092884,Cheque,0
IBMAML-00092885,Credit Card,0
IBMAML-00092952,Cheque,0
IBMAML-00092953,Credit Card,0
IBMAML-00092954,Cash,0
IBMAML-00092968,Reinvestment,0
IBMAML-00092969,Reinvestment,0
IBMAML-00093140,Cheque,0
IBMAML-00093141,Cash,0
IBMAML-00093166,Cheque,0
IBMAML-00093167,Credit Card,0
IBMAML-00093168,Cash,0
IBMAML-00093295,Cheque,0
IBMAML-00093296,Credit Card,0
IBMAML-00093297,Cash,0
IBMAML-00093317,Cheque,0
IBMAML-00093318,Credit Card,0
IBMAML-00093319,Cash,0
IBMAML-00093377,Cheque,0
IBMAML-00093378,Credit Card,0
IBMAML-00093379,Cash,0
IBMAML-00093440,ACH,0
IBMAML-00093441,Reinvestment,0
IBMAML-00093455,Cheque,0
IBMAML-00093456,Credit Card,0
IBMAML-00093457,Cash,0
IBMAML-00093517,Cheque,0
IBMAML-00093524,Reinvestment,0
IBMAML-00093525,Reinvestment,0
IBMAML-00093551,Reinvestment,0
IBMAML-00093597,Reinvestment,0
IBMAML-00093640,Cheque,0
IBMAML-00093668,Cheque,0
IBMAML-00093669,Credit Card,0
IBMAML-00093670,Cash,0
IBMAML-00093683,Reinvestment,0
IBMAML-00093684,Reinvestment,0
IBMAML-00093685,Reinvestment,0
IBMAML-00093760,Cheque,0
IBMAML-00093761,Credit Card,0
IBMAML-00093762,Cash,0
IBMAML-00093893,Reinvestment,0
IBMAML-00093929,Cheque,0
IBMAML-00093930,Credit Card,0
IBMAML-00093931,ACH,0
IBMAML-00093932,Wire,0
IBMAML-00093934,Reinvestment,0
IBMAML-00093972,Cheque,0
IBMAML-00093973,Credit Card,0
IBMAML-00093974,Cash,0
IBMAML-00094126,Reinvestment,0
IBMAML-00094128,Reinvestment,0
IBMAML-00094211,Cheque,0
IBMAML-00094212,Credit Card,0
IBMAML-00094213,Cash,0
IBMAML-00094223,Cheque,0
IBMAML-00094224,Credit Card,0
IBMAML-00094234,Reinvestment,0
IBMAML-00094236,Reinvestment,0
IBMAML-00094240,Cheque,0
IBMAML-00094241,Credit Card,0
IBMAML-00094242,Cash,0
IBMAML-00094251,Reinvestment,0
IBMAML-00094252,Reinvestment,0
IBMAML-00094305,Cheque,0
IBMAML-00094340,Cheque,0
IBMAML-00094341,Credit Card,0
IBMAML-00094342,Cash,0
IBMAML-00094384,Credit Card,0
IBMAML-00094385,Cash,0
IBMAML-00094387,Cheque,0
IBMAML-00094388,Credit Card,0
IBMAML-00094488,Cheque,0
IBMAML-00094489,Cash,0
IBMAML-00094525,Reinvestment,0
IBMAML-00094555,Cheque,0
IBMAML-00094648,Cheque,0
IBMAML-00094649,Credit Card,0
IBMAML-00094652,Cheque,0
IBMAML-00094653,Credit Card,0
IBMAML-00094741,Cheque,0
IBMAML-00094742,Credit Card,0
IBMAML-00094856,Credit Card,0
IBMAML-00094861,Cheque,0
IBMAML-00094974,Cheque,0
IBMAML-00094975,Credit Card,0
IBMAML-00095069,ACH,0
IBMAML-00095070,Cheque,0
IBMAML-00095071,Credit Card,0
IBMAML-00095088,Cheque,0
IBMAML-00095089,Credit Card,0
IBMAML-00095090,Cash,0
IBMAML-00095097,Cheque,0
IBMAML-00095098,Cash,0
IBMAML-00095109,Reinvestment,0
IBMAML-00095110,Cheque,0
IBMAML-00095111,Cash,0
IBMAML-00095112,Reinvestment,0
IBMAML-00095309,Cheque,0
IBMAML-00095310,Credit Card,0
IBMAML-00095361,Reinvestment,0
IBMAML-00095522,Reinvestment,0
IBMAML-00095525,ACH,0
IBMAML-00095578,Reinvestment,0
IBMAML-00095586,Cheque,0
IBMAML-00095587,Credit Card,0
IBMAML-00095588,Cash,0
IBMAML-00095589,ACH,0
IBMAML-00095600,Reinvestment,0
IBMAML-00095601,Reinvestment,0
IBMAML-00095664,Reinvestment,0
IBMAML-00095720,Cheque,0
IBMAML-00095721,Credit Card,0
IBMAML-00095725,Reinvestment,0
IBMAML-00095816,Reinvestment,0
IBMAML-00095823,Cheque,0
IBMAML-00095824,Credit Card,0
IBMAML-00095825,Cash,0
IBMAML-00095889,Cheque,0
IBMAML-00095890,Credit Card,0
IBMAML-00095891,Cash,0
IBMAML-00095920,Cheque,0
IBMAML-00095976,Cheque,0
IBMAML-00095989,Reinvestment,0
IBMAML-00096003,Cheque,0
IBMAML-00096005,Reinvestment,0
IBMAML-00096062,Cheque,0
IBMAML-00096063,Credit Card,0
IBMAML-00096068,Cheque,0
IBMAML-00096069,Credit Card,0
IBMAML-00096108,Cheque,0
IBMAML-00096109,Credit Card,0
IBMAML-00096110,Cash,0
IBMAML-00096140,Cheque,0
IBMAML-00096141,Credit Card,0
IBMAML-00096225,Reinvestment,0
IBMAML-00096311,Credit Card,0
IBMAML-00096312,Cash,0
IBMAML-00096423,Reinvestment,0
IBMAML-00096500,Cheque,0
IBMAML-00096501,Credit Card,0
IBMAML-00096536,Reinvestment,0
IBMAML-00096790,Reinvestment,0
IBMAML-00096828,Credit Card,0
IBMAML-00096947,Cheque,0
IBMAML-00096948,Credit Card,0
IBMAML-00096949,Cash,0
IBMAML-00096990,Cheque,0
IBMAML-00096991,Credit Card,0
IBMAML-00096992,ACH,0
IBMAML-00096993,Wire,0
IBMAML-00097022,Reinvestment,0
IBMAML-00097212,Reinvestment,0
IBMAML-00097263,Cheque,0
IBMAML-00097264,Credit Card,0
IBMAML-00097265,Cash,0
IBMAML-00097318,Cheque,0
IBMAML-00097319,Credit Card,0
IBMAML-00097320,Cash,0
IBMAML-00097448,Reinvestment,0
IBMAML-00097455,Reinvestment,0
IBMAML-00097456,Reinvestment,0
IBMAML-00097463,Reinvestment,0
IBMAML-00097469,Reinvestment,0
IBMAML-00097603,Cheque,0
IBMAML-00097604,Credit Card,0
IBMAML-00097605,Cash,0
IBMAML-00097660,Cheque,0
IBMAML-00097661,Credit Card,0
IBMAML-00097662,Cash,0
IBMAML-00097890,Cheque,0
IBMAML-00097891,Credit Card,0
IBMAML-00097899,Reinvestment,0
IBMAML-00097924,Reinvestment,0
IBMAML-00097932,Reinvestment,0
IBMAML-00097939,Cheque,0
IBMAML-00098020,Reinvestment,0
IBMAML-00098028,Cheque,0
IBMAML-00098029,Credit Card,0
IBMAML-00098192,Cheque,0
IBMAML-00098275,Cheque,0
IBMAML-00098276,Cash,0
IBMAML-00098313,Cheque,0
IBMAML-00098314,Credit Card,0
IBMAML-00098315,Cash,0
IBMAML-00098317,Cheque,0
IBMAML-00098318,Credit Card,0
IBMAML-00098386,Cheque,0
IBMAML-00098498,Cheque,0
IBMAML-00098500,Cheque,0
IBMAML-00098501,Credit Card,0
IBMAML-00098502,Cash,0
IBMAML-00098515,Cheque,0
IBMAML-00098648,Reinvestment,0
IBMAML-00098655,Cheque,0
IBMAML-00098656,Cash,0
IBMAML-00098836,Reinvestment,0
IBMAML-00098848,Cheque,0
IBMAML-00098849,Credit Card,0
IBMAML-00098850,Cash,0
IBMAML-00098867,Cheque,0
IBMAML-00098894,Reinvestment,0
IBMAML-00098905,Cheque,0
IBMAML-00098906,Credit Card,0
IBMAML-00098907,Cash,0
IBMAML-00098914,Cheque,0
IBMAML-00099032,Credit Card,0
IBMAML-00099140,Cheque,0
IBMAML-00099141,Credit Card,0
IBMAML-00099165,Reinvestment,0
IBMAML-00099236,Reinvestment,0
IBMAML-00099250,Cheque,0
IBMAML-00099251,Credit Card,0
IBMAML-00099301,Cheque,0
IBMAML-00099302,Credit Card,0
IBMAML-00099303,Cash,0
IBMAML-00099309,Cheque,0
IBMAML-00099310,Credit Card,0
IBMAML-00099341,Credit Card,0
IBMAML-00099449,Reinvestment,0
IBMAML-00099522,Cheque,0
IBMAML-00099523,Credit Card,0
IBMAML-00099524,Cash,0
IBMAML-00099555,Cheque,0
IBMAML-00099556,Credit Card,0
IBMAML-00099589,Cheque,0
IBMAML-00099590,Credit Card,0
IBMAML-00099597,Cheque,0
IBMAML-00099598,Credit Card,0
IBMAML-00099599,Cash,0
IBMAML-00099601,Reinvestment,0
IBMAML-00099602,Reinvestment,0
IBMAML-00099790,Cheque,0
IBMAML-00099791,Credit Card,0
IBMAML-00099792,Cash,0
IBMAML-00099798,Cheque,0
IBMAML-00099873,Reinvestment,0
IBMAML-00099883,Cheque,0
IBMAML-00100025,Cheque,0
IBMAML-00100043,Reinvestment,0
IBMAML-00100048,Reinvestment,0
IBMAML-00100051,Cheque,0
IBMAML-00100052,Credit Card,0
IBMAML-00100236,Cheque,0
IBMAML-00100237,Credit Card,0
IBMAML-00100381,Cheque,0
IBMAML-00100382,Cash,0
IBMAML-00100513,Cheque,0
IBMAML-00100514,Credit Card,0
IBMAML-00100515,Cash,0
IBMAML-00100553,Cheque,0
IBMAML-00100554,Credit Card,0
IBMAML-00100555,Cash,0
IBMAML-00100584,Cheque,0
IBMAML-00100596,Cheque,0
IBMAML-00100597,Credit Card,0
IBMAML-00100598,Cash,0
IBMAML-00100668,Reinvestment,0
IBMAML-00100893,Reinvestment,0
IBMAML-00100894,Reinvestment,0
IBMAML-00100988,Cheque,0
IBMAML-00100989,Cash,0
IBMAML-00101011,Cheque,0
IBMAML-00101012,Credit Card,0
IBMAML-00101033,Cheque,0
IBMAML-00101034,Credit Card,0
IBMAML-00101035,Cash,0
IBMAML-00101160,Reinvestment,0
IBMAML-00101187,Reinvestment,0
IBMAML-00101188,Cheque,0
IBMAML-00101189,Credit Card,0
IBMAML-00101424,Reinvestment,0
IBMAML-00101429,Cheque,0
IBMAML-00101434,Reinvestment,0
IBMAML-00101508,Cheque,0
IBMAML-00101509,Credit Card,0
IBMAML-00101510,Cash,0
IBMAML-00101542,Cheque,0
IBMAML-00101543,Credit Card,0
IBMAML-00101564,Cheque,0
IBMAML-00101565,Credit Card,0
IBMAML-00101566,Cash,0
IBMAML-00101571,Credit Card,0
IBMAML-00101647,Cheque,0
IBMAML-00101648,Credit Card,0
IBMAML-00101649,ACH,0
IBMAML-00101719,Cheque,0
IBMAML-00101720,Credit Card,0
IBMAML-00101721,Cash,0
IBMAML-00101803,Reinvestment,0
IBMAML-00101817,Reinvestment,0
IBMAML-00101827,Cheque,0
IBMAML-00101828,Cash,0
IBMAML-00101867,Reinvestment,0
IBMAML-00101869,Reinvestment,0
IBMAML-00101992,Reinvestment,0
IBMAML-00101993,Reinvestment,0
IBMAML-00102012,Reinvestment,0
IBMAML-00102039,Cheque,0
IBMAML-00102040,Credit Card,0
IBMAML-00102055,Cheque,0
IBMAML-00102056,Cash,0
IBMAML-00102118,Reinvestment,0
IBMAML-00102132,Reinvestment,0
IBMAML-00102136,Cheque,0
IBMAML-00102137,Credit Card,0
IBMAML-00102138,Wire,0
IBMAML-00102155,Reinvestment,0
IBMAML-00102156,Reinvestment,0
IBMAML-00102167,Reinvestment,0
IBMAML-00102305,Cheque,0
IBMAML-00102306,Cash,0
IBMAML-00102307,Reinvestment,0
IBMAML-00102309,Reinvestment,0
IBMAML-00102311,Reinvestment,0
IBMAML-00102377,Cheque,0
IBMAML-00102378,Credit Card,0
IBMAML-00102379,ACH,0
IBMAML-00102380,Wire,0
IBMAML-00102510,Reinvestment,0
IBMAML-00102515,Reinvestment,0
IBMAML-00102520,Reinvestment,0
IBMAML-00102521,Reinvestment,0
IBMAML-00102564,Cheque,0
IBMAML-00102565,Credit Card,0
IBMAML-00102566,Cash,0
IBMAML-00102571,Reinvestment,0
IBMAML-00102576,Reinvestment,0
IBMAML-00102628,Cheque,0
IBMAML-00102701,Cheque,0
IBMAML-00102702,Credit Card,0
IBMAML-00102778,Reinvestment,0
IBMAML-00102779,Reinvestment,0
IBMAML-00102905,Reinvestment,0
IBMAML-00103115,Cheque,0
IBMAML-00103116,Credit Card,0
IBMAML-00103141,Cheque,0
IBMAML-00103171,Cheque,0
IBMAML-00103239,Cheque,0
IBMAML-00103240,Cash,0
IBMAML-00103241,Cheque,0
IBMAML-00103264,Reinvestment,0
IBMAML-00103449,Reinvestment,0
IBMAML-00103450,Reinvestment,0
IBMAML-00103479,Cheque,0
IBMAML-00103480,Credit Card,0
IBMAML-00103481,Cash,0
IBMAML-00103505,Cheque,0
IBMAML-00103577,Cheque,0
IBMAML-00103578,Cash,0
IBMAML-00103651,Reinvestment,0
IBMAML-00103695,Cheque,0
IBMAML-00103732,Cheque,0
IBMAML-00103733,Credit Card,0
IBMAML-00103734,Cash,0
IBMAML-00103758,Cheque,0
IBMAML-00103759,Credit Card,0
IBMAML-00103760,Cash,0
IBMAML-00103762,Cheque,0
IBMAML-00103763,Credit Card,0
IBMAML-00103764,Cash,0
IBMAML-00103771,Reinvestment,0
IBMAML-00103772,Cheque,0
IBMAML-00103773,Reinvestment,0
IBMAML-00103877,Cheque,0
IBMAML-00103878,Cash,0
IBMAML-00103951,Cheque,0
IBMAML-00103952,Credit Card,0
IBMAML-00103960,Cheque,0
IBMAML-00103961,Credit Card,0
IBMAML-00103962,Cheque,0
IBMAML-00103963,Cash,0
IBMAML-00103983,Cheque,0
IBMAML-00103984,Cash,0
IBMAML-00104050,Cheque,0
IBMAML-00104051,Cash,0
IBMAML-00104099,Reinvestment,0
IBMAML-00104185,Reinvestment,0
IBMAML-00104192,Cheque,0
IBMAML-00104193,Credit Card,0
IBMAML-00104194,Cash,0
IBMAML-00104231,Reinvestment,0
IBMAML-00104232,Reinvestment,0
IBMAML-00104352,Cheque,0
IBMAML-00104455,Cheque,0
IBMAML-00104494,Reinvestment,0
IBMAML-00104496,Cheque,0
IBMAML-00104497,Reinvestment,0
IBMAML-00104514,Cheque,0
IBMAML-00104515,Credit Card,0
IBMAML-00104516,Cash,0
IBMAML-00104574,Cheque,0
IBMAML-00104575,Cash,0
IBMAML-00104700,Reinvestment,0
IBMAML-00104702,Credit Card,0
IBMAML-00104703,Cash,0
IBMAML-00104704,Reinvestment,0
IBMAML-00104752,Cheque,0
IBMAML-00104813,Cheque,0
IBMAML-00104814,Credit Card,0
IBMAML-00104815,Cash,0
IBMAML-00104821,Reinvestment,0
IBMAML-00104844,Cheque,0
IBMAML-00104845,Credit Card,0
IBMAML-00104880,Cheque,0
IBMAML-00104881,Cash,0
IBMAML-00104918,Cheque,0
IBMAML-00104919,Credit Card,0
IBMAML-00104977,Cheque,0
IBMAML-00104978,Credit Card,0
IBMAML-00104979,Cash,0
IBMAML-00105051,Cheque,0
IBMAML-00105052,Credit Card,0
IBMAML-00105053,Cash,0
IBMAML-00105141,Cheque,0
IBMAML-00105142,Credit Card,0
IBMAML-00105337,Cheque,0
IBMAML-00105338,Credit Card,0
IBMAML-00105339,Cash,0
IBMAML-00105449,Cheque,0
IBMAML-00105450,Cash,0
IBMAML-00105510,Cheque,0
IBMAML-00105511,Credit Card,0
IBMAML-00105512,Cash,0
IBMAML-00105600,Cheque,0
IBMAML-00105601,Credit Card,0
IBMAML-00105602,Cash,0
IBMAML-00105853,Cheque,0
IBMAML-00105914,Cheque,0
IBMAML-00105938,Reinvestment,0
IBMAML-00105950,Cheque,0
IBMAML-00105994,Reinvestment,0
IBMAML-00106029,Reinvestment,0
IBMAML-00106197,Cheque,0
IBMAML-00106198,Cash,0
IBMAML-00106199,ACH,0
IBMAML-00106200,Wire,0
IBMAML-00106227,Cheque,0
IBMAML-00106228,Credit Card,0
IBMAML-00106274,Reinvestment,0
IBMAML-00106275,Reinvestment,0
IBMAML-00106284,Reinvestment,0
IBMAML-00106331,Reinvestment,0
IBMAML-00106338,Cheque,0
IBMAML-00106339,Credit Card,0
IBMAML-00106349,Cheque,0
IBMAML-00106350,Cash,0
IBMAML-00106394,Cheque,0
IBMAML-00106395,Credit Card,0
IBMAML-00106421,Reinvestment,0
IBMAML-00106489,Reinvestment,0
IBMAML-00106542,Cheque,0
IBMAML-00106543,Cash,0
IBMAML-00106546,Reinvestment,0
IBMAML-00106573,Cheque,0
IBMAML-00106574,Cash,0
IBMAML-00106706,Cheque,0
IBMAML-00106707,Credit Card,0
IBMAML-00106708,Cash,0
IBMAML-00106738,Cheque,0
IBMAML-00106739,Credit Card,0
IBMAML-00106838,Cheque,0
IBMAML-00106849,Cheque,0
IBMAML-00106856,Cheque,0
IBMAML-00106857,Credit Card,0
IBMAML-00106858,Cash,0
IBMAML-00106926,Cheque,0
IBMAML-00106931,Cheque,0
IBMAML-00106932,Credit Card,0
IBMAML-00106933,Cash,0
IBMAML-00106968,Reinvestment,0
IBMAML-00107002,Cheque,0
IBMAML-00107024,Cheque,0
IBMAML-00107025,Cash,0
IBMAML-00107070,Reinvestment,0
IBMAML-00107071,Reinvestment,0
IBMAML-00107166,Cheque,0
IBMAML-00107167,Credit Card,0
IBMAML-00107168,Cash,0
IBMAML-00107217,Cheque,0
IBMAML-00107218,Cash,0
IBMAML-00107266,Cheque,0
IBMAML-00107267,Credit Card,0
IBMAML-00107371,Reinvestment,0
IBMAML-00107394,Reinvestment,0
IBMAML-00107427,Cheque,0
IBMAML-00107428,Credit Card,0
IBMAML-00107429,Cash,0
IBMAML-00107464,Cheque,0
IBMAML-00107465,Credit Card,0
IBMAML-00107492,Cheque,0
IBMAML-00107493,Credit Card,0
IBMAML-00107506,Reinvestment,0
IBMAML-00107579,Cheque,0
IBMAML-00107580,Credit Card,0
IBMAML-00107726,Reinvestment,0
IBMAML-00107727,Cash,0
IBMAML-00107728,Reinvestment,0
IBMAML-00107807,Reinvestment,0
IBMAML-00107830,Reinvestment,0
IBMAML-00107854,Cheque,0
IBMAML-00107855,Reinvestment,0
IBMAML-00107870,Cheque,0
IBMAML-00107871,Credit Card,0
IBMAML-00107912,Cheque,0
IBMAML-00107913,Credit Card,0
IBMAML-00107914,Cash,0
IBMAML-00107933,Cheque,0
IBMAML-00107934,Credit Card,0
IBMAML-00107935,Cash,0
IBMAML-00107991,Reinvestment,0
IBMAML-00108006,Credit Card,0
IBMAML-00108008,Cheque,0
IBMAML-00108009,Cash,0
IBMAML-00108165,Cheque,0
IBMAML-00108166,Credit Card,0
IBMAML-00108167,Cash,0
IBMAML-00108276,Credit Card,0
IBMAML-00108315,Cheque,0
IBMAML-00108316,Credit Card,0
IBMAML-00108374,Cheque,0
IBMAML-00108375,Credit Card,0
IBMAML-00108376,Cash,0
IBMAML-00108389,Cheque,0
IBMAML-00108401,Cheque,0
IBMAML-00108402,Cash,0
IBMAML-00108473,Cheque,0
IBMAML-00108474,Credit Card,0
IBMAML-00108475,Cash,0
IBMAML-00108520,Cheque,0
IBMAML-00108521,Credit Card,0
IBMAML-00108555,Cheque,0
IBMAML-00108556,Credit Card,0
IBMAML-00108571,Credit Card,0
IBMAML-00108669,Reinvestment,0
IBMAML-00108680,Credit Card,0
IBMAML-00108681,Cash,0
IBMAML-00108819,Cheque,0
IBMAML-00108820,Credit Card,0
IBMAML-00108821,Cash,0
IBMAML-00108854,Reinvestment,0
IBMAML-00108855,Cheque,0
IBMAML-00109117,Cheque,0
IBMAML-00109142,Cheque,0
IBMAML-00109149,Cheque,0
IBMAML-00109150,Cash,0
IBMAML-00109200,Cheque,0
IBMAML-00109215,Cheque,0
IBMAML-00109216,Credit Card,0
IBMAML-00109299,Cheque,0
IBMAML-00109300,Credit Card,0
IBMAML-00109301,Cash,0
IBMAML-00109321,Cheque,0
IBMAML-00109322,Credit Card,0
IBMAML-00109374,Cheque,0
IBMAML-00109375,Credit Card,0
IBMAML-00109408,Reinvestment,0
IBMAML-00109644,Cheque,0
IBMAML-00109727,Credit Card,0
IBMAML-00109731,Credit Card,0
IBMAML-00109732,Credit Card,0
IBMAML-00109769,Cheque,0
IBMAML-00109770,Credit Card,0
IBMAML-00109828,Cheque,0
IBMAML-00109829,Credit Card,0
IBMAML-00109830,Cash,0
IBMAML-00109875,Credit Card,0
IBMAML-00109886,Credit Card,0
IBMAML-00109897,Credit Card,0
IBMAML-00110087,Cheque,0
IBMAML-00110088,Credit Card,0
IBMAML-00110089,Cash,0
IBMAML-00110109,Cheque,0
IBMAML-00110110,Credit Card,0
IBMAML-00110351,Cheque,0
IBMAML-00110352,Credit Card,0
IBMAML-00110404,Cheque,0
IBMAML-00110405,Credit Card,0
IBMAML-00110406,Cash,0
IBMAML-00110499,Cheque,0
IBMAML-00110500,Credit Card,0
IBMAML-00110501,Cash,0
IBMAML-00110538,Cheque,0
IBMAML-00110539,Credit Card,0
IBMAML-00110540,Cash,0
IBMAML-00110598,Cheque,0
IBMAML-00110599,Cash,0
IBMAML-00110674,Cheque,0
IBMAML-00110675,Credit Card,0
IBMAML-00110676,Cash,0
IBMAML-00110700,Cheque,0
IBMAML-00110701,Credit Card,0
IBMAML-00110702,Cash,0
IBMAML-00110752,Cheque,0
IBMAML-00110808,Cheque,0
IBMAML-00110809,Credit Card,0
IBMAML-00110847,Cheque,0
IBMAML-00110885,Cheque,0
IBMAML-00110897,Cheque,0
IBMAML-00110971,Credit Card,0
IBMAML-00111060,Reinvestment,0
IBMAML-00111163,Credit Card,0
IBMAML-00111193,Cheque,0
IBMAML-00111194,Credit Card,0
IBMAML-00111215,Cheque,0
IBMAML-00111216,Cash,0
IBMAML-00111362,Cheque,0
IBMAML-00111363,Credit Card,0
IBMAML-00111364,Cash,0
IBMAML-00111708,Cash,0
IBMAML-00111772,Reinvestment,0
IBMAML-00111877,Cheque,0
IBMAML-00111879,Cash,0
IBMAML-00111939,Cheque,0
IBMAML-00112056,Reinvestment,0
IBMAML-00112073,Cheque,0
IBMAML-00112074,Credit Card,0
IBMAML-00112075,Cash,0
IBMAML-00112085,Cheque,0
IBMAML-00112086,Credit Card,0
IBMAML-00112087,Cash,0
IBMAML-00112091,Cheque,0
IBMAML-00112092,Cash,0
IBMAML-00112132,Cheque,0
IBMAML-00112133,Cash,0
IBMAML-00112227,Cheque,0
IBMAML-00112228,Credit Card,0
IBMAML-00112229,Cash,0
IBMAML-00112257,Reinvestment,0
IBMAML-00112303,Cheque,0
IBMAML-00112304,Credit Card,0
IBMAML-00112305,Wire,0
IBMAML-00112333,Cheque,0
IBMAML-00112334,Credit Card,0
IBMAML-00112335,Cash,0
IBMAML-00112359,Cheque,0
IBMAML-00112360,Credit Card,0
IBMAML-00112361,Cash,0
IBMAML-00112405,Cheque,0
IBMAML-00112569,Cheque,0
IBMAML-00112578,Reinvestment,0
IBMAML-00112579,Reinvestment,0
IBMAML-00112580,ACH,1
IBMAML-00112664,Cheque,0
IBMAML-00112665,Cash,0
IBMAML-00112702,Cheque,0
IBMAML-00112703,Credit Card,0
IBMAML-00112704,Cash,0
IBMAML-00112804,Reinvestment,0
IBMAML-00112805,Reinvestment,0
IBMAML-00112808,Reinvestment,0
IBMAML-00112947,Reinvestment,0
IBMAML-00113036,Cheque,0
IBMAML-00113037,Cash,0
IBMAML-00113071,Cheque,0
IBMAML-00113072,Credit Card,0
IBMAML-00113127,Cheque,0
IBMAML-00113128,Credit Card,0
IBMAML-00113171,Cheque,0
IBMAML-00113251,Cheque,0
IBMAML-00113423,Cheque,0
IBMAML-00113424,Credit Card,0
IBMAML-00113425,Cash,0
IBMAML-00113511,Reinvestment,0
IBMAML-00113552,Cheque,0
IBMAML-00113553,Credit Card,0
IBMAML-00113554,Cash,0
IBMAML-00113576,Cheque,0
IBMAML-00113623,Cheque,0
IBMAML-00113624,Credit Card,0
IBMAML-00113625,Cash,0
IBMAML-00113773,Cheque,0
IBMAML-00113774,Cash,0
IBMAML-00113842,Reinvestment,0
IBMAML-00113843,Reinvestment,0
IBMAML-00113916,Reinvestment,0
IBMAML-00113917,Reinvestment,0
IBMAML-00113927,Cheque,0
IBMAML-00113928,Credit Card,0
IBMAML-00113944,Cheque,0
IBMAML-00113945,Credit Card,0
IBMAML-00113976,Cheque,0
IBMAML-00113977,Cash,0
IBMAML-00113978,Cheque,0
IBMAML-00113979,Credit Card,0
IBMAML-00113980,Reinvestment,0
IBMAML-00113981,Reinvestment,0
IBMAML-00114175,Credit Card,0
IBMAML-00114209,Cheque,0
IBMAML-00114210,Credit Card,0
IBMAML-00114211,Cash,0
IBMAML-00114212,Wire,0
IBMAML-00114214,Cheque,0
IBMAML-00114215,Credit Card,0
IBMAML-00114229,Cheque,0
IBMAML-00114230,Credit Card,0
IBMAML-00114257,Cheque,0
IBMAML-00114279,Cheque,0
IBMAML-00114416,Cheque,0
IBMAML-00114493,Cheque,0
IBMAML-00114494,Credit Card,0
IBMAML-00114495,Cash,0
IBMAML-00114791,Cheque,0
IBMAML-00114792,Credit Card,0
IBMAML-00114793,Cash,0
IBMAML-00114864,Cheque,0
IBMAML-00114865,Credit Card,0
IBMAML-00114866,Cash,0
IBMAML-00114867,Wire,0
IBMAML-00114949,Cheque,0
IBMAML-00114950,Credit Card,0
IBMAML-00114951,Cash,0
IBMAML-00115154,Reinvestment,0
IBMAML-00115155,Reinvestment,0
IBMAML-00115243,Cheque,0
IBMAML-00115244,Credit Card,0
IBMAML-00115245,Cash,0
IBMAML-00115290,Reinvestment,0
IBMAML-00115293,Cheque,0
IBMAML-00115294,Cash,0
IBMAML-00115326,Reinvestment,0
IBMAML-00115469,Cheque,0
IBMAML-00115470,Credit Card,0
IBMAML-00115490,Reinvestment,0
IBMAML-00115553,Cheque,0
IBMAML-00115678,Reinvestment,0
IBMAML-00115682,Reinvestment,0
IBMAML-00115683,Cheque,0
IBMAML-00115684,Cash,0
IBMAML-00115685,Reinvestment,0
IBMAML-00115686,Reinvestment,0
IBMAML-00115771,Credit Card,0
IBMAML-00115772,Cash,0
IBMAML-00115824,Cheque,0
IBMAML-00115825,Credit Card,0
IBMAML-00115836,Cheque,0
IBMAML-00115837,Credit Card,0
IBMAML-00115838,Cash,0
IBMAML-00115875,Cheque,0
IBMAML-00115876,Credit Card,0
IBMAML-00115877,Reinvestment,0
IBMAML-00115903,Cheque,0
IBMAML-00115904,Credit Card,0
IBMAML-00115962,Reinvestment,0
IBMAML-00115992,Cheque,0
IBMAML-00115993,Credit Card,0
IBMAML-00115994,Cash,0
IBMAML-00115998,Cheque,0
IBMAML-00115999,Cash,0
IBMAML-00116003,Cheque,0
IBMAML-00116004,Credit Card,0
IBMAML-00116005,Cash,0
IBMAML-00116206,Cheque,0
IBMAML-00116207,Credit Card,0
IBMAML-00116208,Cash,0
IBMAML-00116212,Cheque,0
IBMAML-00116213,Credit Card,0
IBMAML-00116249,Cheque,0
IBMAML-00116250,Credit Card,0
IBMAML-00116390,Cheque,0
IBMAML-00116391,Credit Card,0
IBMAML-00116392,Cash,0
IBMAML-00116447,Cheque,0
IBMAML-00116448,Credit Card,0
IBMAML-00116449,Cash,0
IBMAML-00116516,Cheque,0
IBMAML-00116517,Credit Card,0
IBMAML-00116520,Reinvestment,0
IBMAML-00116592,Cheque,0
IBMAML-00116593,Credit Card,0
IBMAML-00116595,Reinvestment,0
IBMAML-00116642,Cheque,0
IBMAML-00116643,Credit Card,0
IBMAML-00116669,Cash,0
IBMAML-00116827,Cheque,0
IBMAML-00116828,Credit Card,0
IBMAML-00116868,Reinvestment,0
IBMAML-00116869,Reinvestment,0
IBMAML-00116895,Cheque,0
IBMAML-00116896,Credit Card,0
IBMAML-00117123,Reinvestment,0
IBMAML-00117201,Cheque,0
IBMAML-00117202,Credit Card,0
IBMAML-00117203,Cash,0
IBMAML-00117249,Credit Card,0
IBMAML-00117273,Cheque,0
IBMAML-00117274,Cash,0
IBMAML-00117283,Reinvestment,0
IBMAML-00117284,Reinvestment,0
IBMAML-00117285,Reinvestment,0
IBMAML-00117301,Cheque,0
IBMAML-00117302,Credit Card,0
IBMAML-00117356,Reinvestment,0
IBMAML-00117357,Cheque,0
IBMAML-00117358,Wire,0
IBMAML-00117360,Reinvestment,0
IBMAML-00117447,Reinvestment,0
IBMAML-00117448,Reinvestment,0
IBMAML-00117507,Cheque,0
IBMAML-00117508,Credit Card,0
IBMAML-00117516,Reinvestment,0
IBMAML-00117627,Cheque,0
IBMAML-00117628,Credit Card,0
IBMAML-00117629,Cash,0
IBMAML-00117822,Cheque,0
IBMAML-00117823,Credit Card,0
IBMAML-00117824,Cash,0
IBMAML-00117826,Reinvestment,0
IBMAML-00117862,Cheque,0
IBMAML-00117863,Credit Card,0
IBMAML-00117864,Cash,0
IBMAML-00117909,Cheque,0
IBMAML-00117910,Cash,0
IBMAML-00117919,Cheque,0
IBMAML-00117920,Cash,0
IBMAML-00118030,Cheque,0
IBMAML-00118173,Cheque,0
IBMAML-00118174,Credit Card,0
IBMAML-00118184,Cheque,0
IBMAML-00118185,Credit Card,0
IBMAML-00118186,Cash,0
IBMAML-00118332,Cheque,0
IBMAML-00118333,Credit Card,0
IBMAML-00118334,Cash,0
IBMAML-00118382,Cheque,0
IBMAML-00118383,Credit Card,0
IBMAML-00118481,Cheque,0
IBMAML-00118482,Credit Card,0
IBMAML-00118483,Cash,0
IBMAML-00118484,ACH,0
IBMAML-00118485,Cheque,0
IBMAML-00118486,Credit Card,0
IBMAML-00118487,Cash,0
IBMAML-00118489,Reinvestment,0
IBMAML-00118501,Reinvestment,0
IBMAML-00118585,Cheque,0
IBMAML-00118586,Credit Card,0
IBMAML-00118587,Cash,0
IBMAML-00118694,Cheque,0
IBMAML-00118708,Cheque,0
IBMAML-00118794,Reinvestment,0
IBMAML-00118795,Reinvestment,0
IBMAML-00118821,Cheque,0
IBMAML-00118822,Cash,0
IBMAML-00118902,Cheque,0
IBMAML-00118903,Credit Card,0
IBMAML-00118927,Credit Card,0
IBMAML-00119107,Reinvestment,0
IBMAML-00119117,Reinvestment,0
IBMAML-00119149,Reinvestment,0
IBMAML-00119151,Reinvestment,0
IBMAML-00119193,Cheque,0
IBMAML-00119194,Credit Card,0
IBMAML-00119232,Cheque,0
IBMAML-00119233,Cash,0
IBMAML-00119460,Credit Card,0
IBMAML-00119461,Cash,0
IBMAML-00119467,Cheque,0
IBMAML-00119468,Credit Card,0
IBMAML-00119469,Cash,0
IBMAML-00119476,Reinvestment,0
IBMAML-00119553,Cheque,0
IBMAML-00119554,ACH,0
IBMAML-00119604,Reinvestment,0
IBMAML-00119633,Cheque,0
IBMAML-00119634,Credit Card,0
IBMAML-00119752,Cheque,0
IBMAML-00119753,Credit Card,0
IBMAML-00119754,Cash,0
IBMAML-00119821,Cheque,0
IBMAML-00119822,Credit Card,0
IBMAML-00119823,Cash,0
IBMAML-00119840,Cheque,0
IBMAML-00119841,Cash,0
IBMAML-00119847,Cheque,0
IBMAML-00119848,Cash,0
IBMAML-00119875,Cheque,0
IBMAML-00119876,Cash,0
IBMAML-00119908,Cheque,0
IBMAML-00119961,Cheque,0
IBMAML-00120009,Cheque,0
IBMAML-00120010,Credit Card,0
IBMAML-00120011,Cash,0
IBMAML-00120065,Cheque,0
IBMAML-00120130,Credit Card,0
IBMAML-00120140,Credit Card,0
IBMAML-00120142,Reinvestment,0
IBMAML-00120143,Reinvestment,0
IBMAML-00120154,Cheque,0
IBMAML-00120155,Credit Card,0
IBMAML-00120156,Cash,0
IBMAML-00120188,Cheque,0
IBMAML-00120217,Cheque,0
IBMAML-00120218,ACH,0
IBMAML-00120228,Cheque,0
IBMAML-00120229,Credit Card,0
IBMAML-00120287,Reinvestment,0
IBMAML-00120291,Reinvestment,0
IBMAML-00120317,Reinvestment,0
IBMAML-00120318,Cheque,0
IBMAML-00120319,Credit Card,1
IBMAML-00120320,Cash,0
IBMAML-00120509,Cheque,0
IBMAML-00120510,Credit Card,0
IBMAML-00120511,Cash,0
IBMAML-00120629,Reinvestment,0
IBMAML-00120683,Cheque,0
IBMAML-00120908,Cheque,0
IBMAML-00120909,Cash,0
IBMAML-00120914,Cheque,0
IBMAML-00120915,Credit Card,0
IBMAML-00120979,Cheque,0
IBMAML-00121001,Reinvestment,0
IBMAML-00121063,Cheque,0
IBMAML-00121072,Cheque,0
IBMAML-00121073,Credit Card,0
IBMAML-00121098,Reinvestment,0
IBMAML-00121099,Reinvestment,0
IBMAML-00121118,Cheque,0
IBMAML-00121253,Cheque,0
IBMAML-00121298,Reinvestment,0
IBMAML-00121316,Cheque,0
IBMAML-00121317,Credit Card,0
IBMAML-00121318,Cash,0
IBMAML-00121328,Cheque,0
IBMAML-00121339,Cheque,0
IBMAML-00121340,ACH,0
IBMAML-00121422,Cheque,0
IBMAML-00121423,Credit Card,0
IBMAML-00121424,Cash,0
IBMAML-00121442,Reinvestment,0
IBMAML-00121466,Reinvestment,0
IBMAML-00121493,Cheque,0
IBMAML-00121494,Credit Card,0
IBMAML-00121495,Cash,0
IBMAML-00121543,Cheque,0
IBMAML-00121544,Credit Card,0
IBMAML-00121545,Cash,0
IBMAML-00121562,Cheque,0
IBMAML-00121563,Credit Card,0
IBMAML-00121579,Reinvestment,0
IBMAML-00121665,Cheque,0
IBMAML-00121666,Credit Card,0
IBMAML-00121667,Cash,0
IBMAML-00121760,Cheque,0
IBMAML-00121761,Cash,0
IBMAML-00121911,Cheque,0
IBMAML-00121912,Credit Card,0
IBMAML-00121922,Reinvestment,0
IBMAML-00121926,Cheque,0
IBMAML-00121927,Reinvestment,0
IBMAML-00121931,Reinvestment,0
IBMAML-00122107,Credit Card,0
IBMAML-00122151,Cheque,0
IBMAML-00122161,Cheque,0
IBMAML-00122162,Credit Card,0
IBMAML-00122265,Cheque,0
IBMAML-00122266,Credit Card,0
IBMAML-00122267,Cash,0
IBMAML-00122272,Cheque,0
IBMAML-00122311,Cheque,0
IBMAML-00122312,Credit Card,0
IBMAML-00122445,Reinvestment,0
IBMAML-00122447,Reinvestment,0
IBMAML-00122451,Reinvestment,0
IBMAML-00122461,Reinvestment,0
IBMAML-00122463,Reinvestment,0
IBMAML-00122464,Reinvestment,0
IBMAML-00122465,Reinvestment,0
IBMAML-00122466,Reinvestment,0
IBMAML-00122473,Reinvestment,0
IBMAML-00122474,Reinvestment,0
IBMAML-00122486,Reinvestment,0
IBMAML-00122489,Reinvestment,0
IBMAML-00122490,Cheque,0
IBMAML-00122492,Reinvestment,0
IBMAML-00122496,Cheque,0
IBMAML-00122497,Cash,0
IBMAML-00122501,Reinvestment,0
IBMAML-00122502,Reinvestment,0
IBMAML-00122506,Reinvestment,0
IBMAML-00122508,Cheque,0
IBMAML-00122509,ACH,0
IBMAML-00122512,Reinvestment,0
IBMAML-00122516,Cheque,0
IBMAML-00122517,Cash,0
IBMAML-00122521,Cheque,0
IBMAML-00122522,Reinvestment,0
IBMAML-00122523,Reinvestment,0
IBMAML-00122528,Reinvestment,0
IBMAML-00122530,Reinvestment,0
IBMAML-00122533,Reinvestment,0
IBMAML-00122535,Reinvestment,0
IBMAML-00122550,Reinvestment,0
IBMAML-00122553,Reinvestment,0
IBMAML-00122564,Reinvestment,0
IBMAML-00122566,Reinvestment,0
IBMAML-00122567,Reinvestment,0
IBMAML-00122568,Reinvestment,0
IBMAML-00122581,Reinvestment,0
IBMAML-00122590,Reinvestment,0
IBMAML-00122599,Reinvestment,0
IBMAML-00122607,Reinvestment,0
IBMAML-00122614,Cheque,0
IBMAML-00122615,Cash,0
IBMAML-00122620,Cheque,0
IBMAML-00122627,Reinvestment,0
IBMAML-00122631,Reinvestment,0
IBMAML-00122634,Reinvestment,0
IBMAML-00122636,Reinvestment,0
IBMAML-00122638,Cheque,0
IBMAML-00122639,Credit Card,0
IBMAML-00122640,ACH,0
IBMAML-00122643,Reinvestment,0
IBMAML-00122647,Reinvestment,0
IBMAML-00122648,Reinvestment,0
IBMAML-00122655,Reinvestment,0
IBMAML-00122659,Reinvestment,0
IBMAML-00122661,Reinvestment,0
IBMAML-00122682,Reinvestment,0
IBMAML-00122687,Reinvestment,0
IBMAML-00122690,Reinvestment,0
IBMAML-00122696,Reinvestment,0
IBMAML-00122699,Reinvestment,0
IBMAML-00122705,Reinvestment,0
IBMAML-00122706,Reinvestment,0
IBMAML-00122707,Cheque,0
IBMAML-00122708,ACH,0
IBMAML-00122709,Reinvestment,0
IBMAML-00122716,Reinvestment,0
IBMAML-00122717,Reinvestment,0
IBMAML-00122721,Reinvestment,0
IBMAML-00122723,Reinvestment,0
IBMAML-00122726,Reinvestment,0
IBMAML-00122728,Reinvestment,0
IBMAML-00122729,Reinvestment,0
IBMAML-00122730,Reinvestment,0
IBMAML-00122731,Reinvestment,0
IBMAML-00122732,Cheque,0
IBMAML-00122733,Credit Card,0
IBMAML-00122734,Cash,0
IBMAML-00122735,ACH,0
IBMAML-00122739,Reinvestment,0
IBMAML-00122740,Reinvestment,0
IBMAML-00122741,Cheque,0
IBMAML-00122749,Reinvestment,0
IBMAML-00122750,Cheque,0
IBMAML-00122751,Wire,0
IBMAML-00122752,Reinvestment,0
IBMAML-00122754,Cheque,0
IBMAML-00122755,ACH,0
IBMAML-00122762,Reinvestment,0
IBMAML-00122786,Reinvestment,0
IBMAML-00122787,Credit Card,0
IBMAML-00122788,Wire,0
IBMAML-00122789,Reinvestment,0
IBMAML-00122794,Reinvestment,0
IBMAML-00122795,Reinvestment,0
IBMAML-00122797,Reinvestment,0
IBMAML-00122805,Cheque,0
IBMAML-00122806,Credit Card,0
IBMAML-00122816,Reinvestment,0
IBMAML-00122817,Reinvestment,0
IBMAML-00122824,Cheque,0
IBMAML-00122825,Credit Card,0
IBMAML-00122828,Reinvestment,0
IBMAML-00122829,Cheque,0
IBMAML-00122830,Cheque,0
IBMAML-00122836,Reinvestment,0
IBMAML-00122873,Reinvestment,0
IBMAML-00122874,Reinvestment,0
IBMAML-00122900,Reinvestment,0
IBMAML-00122905,Reinvestment,0
IBMAML-00122906,Reinvestment,0
IBMAML-00122907,Reinvestment,0
IBMAML-00122911,Reinvestment,0
IBMAML-00122916,Reinvestment,0
IBMAML-00122917,Reinvestment,0
IBMAML-00122919,Reinvestment,0
IBMAML-00122939,Reinvestment,0
IBMAML-00122943,Cheque,0
IBMAML-00122944,Reinvestment,0
IBMAML-00122948,Reinvestment,0
IBMAML-00122952,Reinvestment,0
IBMAML-00122958,Reinvestment,0
IBMAML-00122959,Reinvestment,0
IBMAML-00122960,Cheque,0
IBMAML-00122961,Credit Card,0
IBMAML-00122962,Cash,0
IBMAML-00122964,Reinvestment,0
IBMAML-00122966,Reinvestment,0
IBMAML-00122968,Reinvestment,0
IBMAML-00122969,Reinvestment,0
IBMAML-00122972,Cheque,0
IBMAML-00122973,Credit Card,0
IBMAML-00122984,Reinvestment,0
IBMAML-00122985,Reinvestment,0
IBMAML-00122989,Reinvestment,0
IBMAML-00123029,Reinvestment,0
IBMAML-00123030,Reinvestment,0
IBMAML-00123031,Reinvestment,0
IBMAML-00123036,Cheque,0
IBMAML-00123037,Credit Card,0
IBMAML-00123038,Cash,0
IBMAML-00123039,Wire,0
IBMAML-00123049,Reinvestment,0
IBMAML-00123050,Cheque,0
IBMAML-00123051,Credit Card,0
IBMAML-00123052,ACH,0
IBMAML-00123055,Reinvestment,0
IBMAML-00123057,Reinvestment,0
IBMAML-00123059,Reinvestment,0
IBMAML-00123068,Reinvestment,0
IBMAML-00123072,Reinvestment,0
IBMAML-00123074,Cheque,0
IBMAML-00123075,Credit Card,0
IBMAML-00123076,Credit Card,0
IBMAML-00123077,Reinvestment,0
IBMAML-00123078,Reinvestment,0
IBMAML-00123080,Reinvestment,0
IBMAML-00123086,Reinvestment,0
IBMAML-00123090,Cheque,0
IBMAML-00123091,Credit Card,0
IBMAML-00123100,Reinvestment,0
IBMAML-00123111,Reinvestment,0
IBMAML-00123115,Reinvestment,0
IBMAML-00123122,Reinvestment,0
IBMAML-00123125,Reinvestment,0
IBMAML-00123132,Reinvestment,0
IBMAML-00123140,Cheque,0
IBMAML-00123141,Credit Card,0
IBMAML-00123143,Reinvestment,0
IBMAML-00123167,Reinvestment,0
IBMAML-00123172,Reinvestment,0
IBMAML-00123173,Reinvestment,0
IBMAML-00123174,Cheque,0
IBMAML-00123178,Reinvestment,0
IBMAML-00123179,Reinvestment,0
IBMAML-00123180,Reinvestment,0
IBMAML-00123188,Reinvestment,0
IBMAML-00123189,Reinvestment,0
IBMAML-00123207,Cheque,0
IBMAML-00123208,Credit Card,0
IBMAML-00123209,Cash,0
IBMAML-00123239,Reinvestment,0
IBMAML-00123240,Cheque,0
IBMAML-00123264,Cheque,0
IBMAML-00123265,Credit Card,0
IBMAML-00123269,Reinvestment,0
IBMAML-00123288,Reinvestment,0
IBMAML-00123292,Cheque,0
IBMAML-00123293,ACH,0
IBMAML-00123294,Reinvestment,0
IBMAML-00123307,Cheque,0
IBMAML-00123308,Credit Card,0
IBMAML-00123309,Cash,0
IBMAML-00123310,ACH,0
IBMAML-00123339,Cheque,0
IBMAML-00123340,Credit Card,0
IBMAML-00123371,Cheque,0
IBMAML-00123376,Reinvestment,0
IBMAML-00123384,Reinvestment,0
IBMAML-00123427,Cheque,0
IBMAML-00123428,Credit Card,0
IBMAML-00123431,Cheque,0
IBMAML-00123432,Credit Card,0
IBMAML-00123433,ACH,0
IBMAML-00123460,Cheque,0
IBMAML-00123461,Reinvestment,0
IBMAML-00123467,Cheque,0
IBMAML-00123468,Credit Card,0
IBMAML-00123475,Reinvestment,0
IBMAML-00123485,Cheque,0
IBMAML-00123503,Cheque,0
IBMAML-00123504,Cash,0
IBMAML-00123526,Cheque,0
IBMAML-00123527,Credit Card,0
IBMAML-00123542,Reinvestment,0
IBMAML-00123557,Reinvestment,0
IBMAML-00123568,Reinvestment,0
IBMAML-00123569,Reinvestment,0
IBMAML-00123570,Reinvestment,0
IBMAML-00123582,Reinvestment,0
IBMAML-00123583,Reinvestment,0
IBMAML-00123584,Cheque,0
IBMAML-00123585,Cash,0
IBMAML-00123586,Reinvestment,0
IBMAML-00123587,Reinvestment,0
IBMAML-00123599,Reinvestment,0
IBMAML-00123632,Reinvestment,0
IBMAML-00123633,Reinvestment,0
IBMAML-00123696,Reinvestment,0
IBMAML-00123794,Reinvestment,0
IBMAML-00123828,Credit Card,0
IBMAML-00123829,ACH,0
IBMAML-00123873,Reinvestment,0
IBMAML-00123892,Reinvestment,0
IBMAML-00123899,Credit Card,0
IBMAML-00123967,Reinvestment,0
IBMAML-00123968,Reinvestment,0
IBMAML-00123970,Reinvestment,0
IBMAML-00123971,Cheque,0
IBMAML-00123972,Cash,0
IBMAML-00124004,Cheque,0
IBMAML-00124005,Credit Card,0
IBMAML-00124012,Reinvestment,0
IBMAML-00124033,Reinvestment,0
IBMAML-00124038,Cheque,0
IBMAML-00124039,Credit Card,0
IBMAML-00124056,Reinvestment,0
IBMAML-00124065,Reinvestment,0
IBMAML-00124069,Reinvestment,0
IBMAML-00124077,Cheque,0
IBMAML-00124078,Credit Card,0
IBMAML-00124079,Cash,0
IBMAML-00124093,Reinvestment,0
IBMAML-00124121,Reinvestment,0
IBMAML-00124123,Credit Card,0
IBMAML-00124144,Cheque,0
IBMAML-00124160,Cheque,0
IBMAML-00124228,Cheque,0
IBMAML-00124229,Credit Card,0
IBMAML-00124230,ACH,0
IBMAML-00124237,Reinvestment,0
IBMAML-00124238,Reinvestment,0
IBMAML-00124246,Reinvestment,0
IBMAML-00124247,Reinvestment,0
IBMAML-00124261,Reinvestment,0
IBMAML-00124277,Cheque,0
IBMAML-00124278,Wire,0
IBMAML-00124316,Reinvestment,0
IBMAML-00124317,Cheque,0
IBMAML-00124318,Credit Card,0
IBMAML-00124319,Reinvestment,0
IBMAML-00124328,Reinvestment,0
IBMAML-00124329,Reinvestment,0
IBMAML-00124330,Cheque,0
IBMAML-00124331,Credit Card,0
IBMAML-00124332,ACH,0
IBMAML-00124349,Reinvestment,0
IBMAML-00124367,Reinvestment,0
IBMAML-00124368,ACH,0
IBMAML-00124369,Reinvestment,0
IBMAML-00124418,Reinvestment,0
IBMAML-00124439,Cheque,0
IBMAML-00124440,Credit Card,0
IBMAML-00124441,Cash,0
IBMAML-00124463,Cheque,0
IBMAML-00124464,Credit Card,0
IBMAML-00124477,Cheque,0
IBMAML-00124478,Credit Card,0
IBMAML-00124479,Cash,0
IBMAML-00124484,Cheque,0
IBMAML-00124485,Credit Card,0
IBMAML-00124486,Cash,0
IBMAML-00124508,ACH,0
IBMAML-00124531,Cheque,0
IBMAML-00124532,ACH,0
IBMAML-00124538,Cheque,0
IBMAML-00124539,Cash,0
IBMAML-00124543,Cheque,0
IBMAML-00124544,Credit Card,0
IBMAML-00124545,Cash,0
IBMAML-00124559,ACH,0
IBMAML-00124562,Reinvestment,0
IBMAML-00124563,Reinvestment,0
IBMAML-00124590,Reinvestment,0
IBMAML-00124639,Cheque,0
IBMAML-00124640,Credit Card,0
IBMAML-00124641,ACH,0
IBMAML-00124649,Reinvestment,0
IBMAML-00124703,Reinvestment,0
IBMAML-00124709,Reinvestment,0
IBMAML-00124710,Cheque,0
IBMAML-00124711,Cash,0
IBMAML-00124734,Cheque,0
IBMAML-00124735,Credit Card,0
IBMAML-00124755,Reinvestment,0
IBMAML-00124763,Cheque,0
IBMAML-00124764,Credit Card,0
IBMAML-00124765,ACH,0
IBMAML-00124766,Wire,0
IBMAML-00124834,Reinvestment,0
IBMAML-00124844,Cheque,0
IBMAML-00124861,Reinvestment,0
IBMAML-00124909,Cheque,0
IBMAML-00124910,Credit Card,0
IBMAML-00124945,Credit Card,0
IBMAML-00124951,Reinvestment,0
IBMAML-00124955,Cheque,0
IBMAML-00124956,Cheque,1
IBMAML-00124957,Cash,0
IBMAML-00124990,Reinvestment,0
IBMAML-00125017,Cheque,0
IBMAML-00125018,Cash,0
IBMAML-00125023,Reinvestment,0
IBMAML-00125024,Reinvestment,0
IBMAML-00125040,Cheque,0
IBMAML-00125041,Cash,0
IBMAML-00125060,Cheque,0
IBMAML-00125061,Cash,0
IBMAML-00125069,Cheque,0
IBMAML-00125070,Credit Card,0
IBMAML-00125071,Cash,0
IBMAML-00125103,Cheque,0
IBMAML-00125104,Credit Card,0
IBMAML-00125105,Cash,0
IBMAML-00125106,ACH,0
IBMAML-00125145,Cheque,0
IBMAML-00125146,Credit Card,0
IBMAML-00125147,Cash,0
IBMAML-00125230,Reinvestment,0
IBMAML-00125327,Reinvestment,0
IBMAML-00125328,Reinvestment,0
IBMAML-00125345,Cheque,0
IBMAML-00125346,Credit Card,0
IBMAML-00125370,Reinvestment,0
IBMAML-00125417,Reinvestment,0
IBMAML-00125418,Cheque,0
IBMAML-00125419,Credit Card,0
IBMAML-00125433,Cheque,0
IBMAML-00125434,ACH,0
IBMAML-00125466,Reinvestment,0
IBMAML-00125475,Reinvestment,0
IBMAML-00125502,Reinvestment,0
IBMAML-00125504,Cheque,0
IBMAML-00125506,Credit Card,0
IBMAML-00125508,Cash,0
IBMAML-00125510,ACH,0
IBMAML-00125511,Reinvestment,0
IBMAML-00125575,Reinvestment,0
IBMAML-00125626,Cheque,0
IBMAML-00125627,Cash,0
IBMAML-00125645,Reinvestment,0
IBMAML-00125663,Credit Card,0
IBMAML-00125751,Cheque,0
IBMAML-00125752,Credit Card,0
IBMAML-00125753,Cash,0
IBMAML-00125765,Reinvestment,0
IBMAML-00125795,Reinvestment,0
IBMAML-00125822,Reinvestment,0
IBMAML-00125867,Credit Card,0
IBMAML-00125869,Cheque,0
IBMAML-00125870,Credit Card,0
IBMAML-00125871,Cheque,0
IBMAML-00125872,Credit Card,0
IBMAML-00125873,Cash,0
IBMAML-00125881,Cheque,0
IBMAML-00125882,Cash,0
IBMAML-00125943,Reinvestment,0
IBMAML-00125944,Cheque,0
IBMAML-00125945,Credit Card,0
IBMAML-00125946,Cash,0
IBMAML-00125947,Reinvestment,0
IBMAML-00125957,Reinvestment,0
IBMAML-00125958,Cheque,0
IBMAML-00125959,Cash,0
IBMAML-00125964,Cheque,0
IBMAML-00125965,Credit Card,0
IBMAML-00125966,Cash,0
IBMAML-00125967,Wire,0
IBMAML-00125968,Reinvestment,0
IBMAML-00125973,Reinvestment,0
IBMAML-00125992,Reinvestment,0
IBMAML-00126003,Reinvestment,0
IBMAML-00126137,Cheque,0
IBMAML-00126138,Credit Card,0
IBMAML-00126139,ACH,0
IBMAML-00126140,Wire,0
IBMAML-00126175,Cheque,0
IBMAML-00126176,Credit Card,0
IBMAML-00126177,Cash,0
IBMAML-00126286,Reinvestment,0
IBMAML-00126309,Cheque,0
IBMAML-00126310,Cash,0
IBMAML-00126327,Reinvestment,0
IBMAML-00126328,Reinvestment,0
IBMAML-00126364,Reinvestment,0
IBMAML-00126368,Cheque,0
IBMAML-00126369,Cash,0
IBMAML-00126372,Reinvestment,0
IBMAML-00126373,Cheque,0
IBMAML-00126400,Reinvestment,0
IBMAML-00126435,Reinvestment,0
IBMAML-00126436,Cheque,0
IBMAML-00126437,Credit Card,0
IBMAML-00126439,Cheque,0
IBMAML-00126440,Credit Card,0
IBMAML-00126447,Cash,0
IBMAML-00126465,Cheque,0
IBMAML-00126466,Credit Card,0
IBMAML-00126467,Cash,0
IBMAML-00126468,ACH,0
IBMAML-00126479,Cheque,0
IBMAML-00126480,Cash,0
IBMAML-00126503,Cheque,0
IBMAML-00126504,ACH,0
IBMAML-00126505,Wire,0
IBMAML-00126555,Cheque,0
IBMAML-00126575,Cheque,0
IBMAML-00126576,Credit Card,0
IBMAML-00126577,Cash,0
IBMAML-00126608,Reinvestment,0
IBMAML-00126634,Cheque,0
IBMAML-00126635,Cash,0
IBMAML-00126651,Cheque,0
IBMAML-00126652,Credit Card,0
IBMAML-00126653,Cash,0
IBMAML-00126776,Reinvestment,0
IBMAML-00126790,ACH,0
IBMAML-00126791,Cheque,0
IBMAML-00126792,ACH,0
IBMAML-00126793,Credit Card,0
IBMAML-00126794,ACH,0
IBMAML-00126795,Cash,0
IBMAML-00126812,Cheque,0
IBMAML-00126877,Reinvestment,0
IBMAML-00126891,Cheque,0
IBMAML-00126892,Credit Card,0
IBMAML-00126893,Cash,0
IBMAML-00126894,ACH,0
IBMAML-00126923,Cheque,0
IBMAML-00126931,Reinvestment,0
IBMAML-00126957,Reinvestment,0
IBMAML-00126958,Reinvestment,0
IBMAML-00126964,Cheque,0
IBMAML-00126965,Credit Card,0
IBMAML-00126966,Cash,0
IBMAML-00126967,Cheque,0
IBMAML-00126970,Cheque,0
IBMAML-00126971,Credit Card,0
IBMAML-00126972,ACH,0
IBMAML-00127015,Credit Card,0
IBMAML-00127025,Reinvestment,0
IBMAML-00127033,Reinvestment,0
IBMAML-00127056,Reinvestment,0
IBMAML-00127057,Reinvestment,0
IBMAML-00127077,Cheque,0
IBMAML-00127112,Reinvestment,0
IBMAML-00127129,Cheque,0
IBMAML-00127130,Credit Card,0
IBMAML-00127131,Cash,0
IBMAML-00127132,ACH,0
IBMAML-00127133,Wire,0
IBMAML-00127134,Reinvestment,0
IBMAML-00127320,Reinvestment,0
IBMAML-00127321,Reinvestment,0
IBMAML-00127330,Cheque,0
IBMAML-00127331,Credit Card,0
IBMAML-00127332,Cash,0
IBMAML-00127368,Reinvestment,0
IBMAML-00127369,Reinvestment,0
IBMAML-00127373,Cheque,0
IBMAML-00127374,Cash,0
IBMAML-00127398,Reinvestment,0
IBMAML-00127403,Reinvestment,0
IBMAML-00127542,Cheque,0
IBMAML-00127543,Credit Card,0
IBMAML-00127544,Cash,0
IBMAML-00127597,Cheque,0
IBMAML-00127598,Credit Card,0
IBMAML-00127599,Cash,0
IBMAML-00127645,Cheque,0
IBMAML-00127646,Cash,0
IBMAML-00127672,Cheque,0
IBMAML-00127683,Reinvestment,0
IBMAML-00127690,Credit Card,0
IBMAML-00127711,Reinvestment,0
IBMAML-00127736,Reinvestment,0
IBMAML-00127814,Reinvestment,0
IBMAML-00127941,Reinvestment,0
IBMAML-00127975,Reinvestment,0
IBMAML-00128003,Reinvestment,0
IBMAML-00128032,Cheque,0
IBMAML-00128033,Cash,0
IBMAML-00128068,Cheque,0
IBMAML-00128069,Credit Card,0
IBMAML-00128070,Cash,0
IBMAML-00128089,Credit Card,0
IBMAML-00128091,Reinvestment,0
IBMAML-00128093,Cheque,0
IBMAML-00128105,Cheque,0
IBMAML-00128106,Credit Card,0
IBMAML-00128187,Reinvestment,0
IBMAML-00128192,Reinvestment,0
IBMAML-00128194,Cheque,0
IBMAML-00128195,Credit Card,0
IBMAML-00128196,Cash,0
IBMAML-00128237,Reinvestment,0
IBMAML-00128394,Reinvestment,0
IBMAML-00128395,Reinvestment,0
IBMAML-00128434,Cheque,0
IBMAML-00128435,Credit Card,0
IBMAML-00128515,Reinvestment,0
IBMAML-00128521,Cheque,0
IBMAML-00128524,Reinvestment,0
IBMAML-00128662,Credit Card,0
IBMAML-00128683,Reinvestment,0
IBMAML-00128738,Reinvestment,0
IBMAML-00128739,ACH,0
IBMAML-00128741,Reinvestment,0
IBMAML-00128883,Reinvestment,0
IBMAML-00128927,Reinvestment,0
IBMAML-00128995,Cheque,0
IBMAML-00129039,Reinvestment,0
IBMAML-00129052,Cheque,0
IBMAML-00129084,Cheque,0
IBMAML-00129085,Cash,0
IBMAML-00129115,Reinvestment,0
IBMAML-00129118,Cheque,0
IBMAML-00129259,Cheque,0
IBMAML-00129260,Cash,0
IBMAML-00129278,Cheque,0
IBMAML-00129279,Credit Card,0
IBMAML-00129294,Cheque,0
IBMAML-00129295,Credit Card,0
IBMAML-00129298,Cheque,0
IBMAML-00129299,Credit Card,0
IBMAML-00129300,Cash,0
IBMAML-00129341,Reinvestment,0
IBMAML-00129342,Reinvestment,0
IBMAML-00129389,Cheque,0
IBMAML-00129390,Cash,0
IBMAML-00129406,Cheque,0
IBMAML-00129407,Credit Card,0
IBMAML-00129410,Cheque,0
IBMAML-00129411,Credit Card,0
IBMAML-00129415,Cheque,0
IBMAML-00129430,Reinvestment,0
IBMAML-00129432,Reinvestment,0
IBMAML-00129437,Cheque,0
IBMAML-00129438,Credit Card,0
IBMAML-00129439,Cash,0
IBMAML-00129470,Cheque,0
IBMAML-00129472,Reinvestment,0
IBMAML-00129526,Credit Card,0
IBMAML-00129536,Reinvestment,0
IBMAML-00129598,Reinvestment,0
IBMAML-00129599,Cheque,0
IBMAML-00129601,Cheque,0
IBMAML-00129602,Credit Card,0
IBMAML-00129610,Reinvestment,0
IBMAML-00129617,Reinvestment,0
IBMAML-00129636,Cheque,0
IBMAML-00129637,Credit Card,0
IBMAML-00129638,Cash,0
IBMAML-00129670,Credit Card,0
IBMAML-00129671,Cash,0
IBMAML-00129753,Cheque,0
IBMAML-00129792,Reinvestment,0
IBMAML-00129799,Reinvestment,0
IBMAML-00129822,Reinvestment,0
IBMAML-00129849,Credit Card,0
IBMAML-00129866,Reinvestment,0
IBMAML-00129870,Reinvestment,0
IBMAML-00129871,Reinvestment,0
IBMAML-00129891,Reinvestment,0
IBMAML-00129999,Reinvestment,0
IBMAML-00130022,Cheque,0
IBMAML-00130023,Credit Card,0
IBMAML-00130024,Reinvestment,0
IBMAML-00130025,Reinvestment,0
IBMAML-00130048,Cheque,0
IBMAML-00130049,Credit Card,0
IBMAML-00130050,ACH,0
IBMAML-00130051,Wire,0
IBMAML-00130181,Reinvestment,0
IBMAML-00130191,Reinvestment,0
IBMAML-00130198,Reinvestment,0
IBMAML-00130223,Reinvestment,0
IBMAML-00130341,Reinvestment,0
IBMAML-00130380,Cheque,0
IBMAML-00130411,Cheque,0
IBMAML-00130412,Cash,0
IBMAML-00130422,Credit Card,0
IBMAML-00130427,Reinvestment,0
IBMAML-00130431,Cheque,0
IBMAML-00130432,Reinvestment,0
IBMAML-00130436,Reinvestment,0
IBMAML-00130461,Cheque,0
IBMAML-00130462,Credit Card,0
IBMAML-00130463,Cash,0
IBMAML-00130466,Reinvestment,0
IBMAML-00130576,Cheque,0
IBMAML-00130577,Credit Card,0
IBMAML-00130578,Cash,0
IBMAML-00130590,ACH,0
IBMAML-00130648,Reinvestment,0
IBMAML-00130688,Reinvestment,0
IBMAML-00130785,Cheque,0
IBMAML-00130792,Cash,0
IBMAML-00130855,Reinvestment,0
IBMAML-00130859,Cheque,0
IBMAML-00130860,Credit Card,0
IBMAML-00130861,Cash,0
IBMAML-00130862,Cheque,0
IBMAML-00130863,Credit Card,0
IBMAML-00130925,Cheque,0
IBMAML-00130926,Credit Card,0
IBMAML-00130927,Cash,0
IBMAML-00130955,Reinvestment,0
IBMAML-00130956,Cheque,0
IBMAML-00130958,Reinvestment,0
IBMAML-00131024,Cheque,0
IBMAML-00131027,Credit Card,0
IBMAML-00131028,Cash,0
IBMAML-00131039,ACH,0
IBMAML-00131040,Reinvestment,0
IBMAML-00131051,Reinvestment,0
IBMAML-00131116,Credit Card,0
IBMAML-00131121,Credit Card,0
IBMAML-00131150,Cash,0
IBMAML-00131157,Credit Card,0
IBMAML-00131298,Reinvestment,0
IBMAML-00131305,Reinvestment,0
IBMAML-00131378,Reinvestment,0
IBMAML-00131425,Cheque,0
IBMAML-00131431,Cheque,0
IBMAML-00131432,Credit Card,0
IBMAML-00131433,Cash,0
IBMAML-00131451,Reinvestment,0
IBMAML-00131452,Cheque,0
IBMAML-00131478,Reinvestment,0
IBMAML-00131508,Reinvestment,0
IBMAML-00131509,Reinvestment,0
IBMAML-00131527,Cheque,0
IBMAML-00131528,Credit Card,0
IBMAML-00131529,Reinvestment,0
IBMAML-00131549,Reinvestment,0
IBMAML-00131611,Cheque,0
IBMAML-00131638,Credit Card,0
IBMAML-00131751,Reinvestment,0
IBMAML-00131752,Cheque,0
IBMAML-00131753,Credit Card,0
IBMAML-00131754,Wire,0
IBMAML-00131755,Reinvestment,0
IBMAML-00131773,Reinvestment,0
IBMAML-00131781,Cheque,0
IBMAML-00131791,Reinvestment,0
IBMAML-00131865,Cheque,0
IBMAML-00131866,Credit Card,0
IBMAML-00131880,Reinvestment,0
IBMAML-00131922,Reinvestment,0
IBMAML-00131983,Reinvestment,0
IBMAML-00132005,Reinvestment,0
IBMAML-00132029,Credit Card,0
IBMAML-00132103,Cheque,0
IBMAML-00132104,Credit Card,0
IBMAML-00132105,Cash,0
IBMAML-00132108,Reinvestment,0
IBMAML-00132109,Reinvestment,0
IBMAML-00132110,Cheque,0
IBMAML-00132146,Reinvestment,0
IBMAML-00132164,Reinvestment,0
IBMAML-00132187,Cheque,0
IBMAML-00132309,Reinvestment,0
IBMAML-00132332,Reinvestment,0
IBMAML-00132355,Cheque,0
IBMAML-00132356,Credit Card,0
IBMAML-00132357,Wire,0
IBMAML-00132544,Cheque,0
IBMAML-00132545,Credit Card,0
IBMAML-00132546,Cash,0
IBMAML-00132550,Reinvestment,0
IBMAML-00132596,Reinvestment,0
IBMAML-00132611,Cheque,0
IBMAML-00132612,Credit Card,0
IBMAML-00132644,Cheque,0
IBMAML-00132645,Reinvestment,0
IBMAML-00132649,Cheque,0
IBMAML-00132650,Cash,0
IBMAML-00132666,Reinvestment,0
IBMAML-00132703,Reinvestment,0
IBMAML-00132722,Reinvestment,0
IBMAML-00132723,Reinvestment,0
IBMAML-00132734,Cheque,0
IBMAML-00132735,Credit Card,0
IBMAML-00132736,Reinvestment,0
IBMAML-00132786,Cheque,0
IBMAML-00132787,Credit Card,0
IBMAML-00132831,Reinvestment,0
IBMAML-00132832,ACH,0
IBMAML-00132873,Reinvestment,0
IBMAML-00132895,Reinvestment,0
IBMAML-00132933,Cheque,0
IBMAML-00132934,Credit Card,0
IBMAML-00132935,Cash,0
IBMAML-00132936,ACH,0
IBMAML-00132944,Cheque,0
IBMAML-00132945,Credit Card,0
IBMAML-00132953,Cheque,0
IBMAML-00132954,Cash,0
IBMAML-00132956,Reinvestment,0
IBMAML-00132961,Cheque,0
IBMAML-00132962,Credit Card,0
IBMAML-00132963,Cash,0
IBMAML-00132965,Cheque,0
IBMAML-00132966,Credit Card,0
IBMAML-00132967,ACH,0
IBMAML-00133070,Reinvestment,0
IBMAML-00133088,Cheque,0
IBMAML-00133089,Credit Card,0
IBMAML-00133090,Cash,0
IBMAML-00133091,Wire,0
IBMAML-00133133,Reinvestment,0
IBMAML-00133136,Reinvestment,0
IBMAML-00133156,Cheque,0
IBMAML-00133292,Reinvestment,0
IBMAML-00133294,Reinvestment,0
IBMAML-00133303,Reinvestment,0
IBMAML-00133328,Cheque,0
IBMAML-00133329,Wire,0
IBMAML-00133340,Cheque,0
IBMAML-00133341,Credit Card,0
IBMAML-00133342,Cash,0
IBMAML-00133399,Reinvestment,0
IBMAML-00133401,Cheque,0
IBMAML-00133435,Reinvestment,0
IBMAML-00133444,Cheque,0
IBMAML-00133445,Reinvestment,0
IBMAML-00133480,Reinvestment,0
IBMAML-00133493,Reinvestment,0
IBMAML-00133510,Reinvestment,0
IBMAML-00133533,Reinvestment,0
IBMAML-00133554,Cheque,0
IBMAML-00133555,Credit Card,0
IBMAML-00133556,Cash,0
IBMAML-00133574,Cheque,0
IBMAML-00133575,Credit Card,0
IBMAML-00133576,Cash,0
IBMAML-00133609,Cheque,0
IBMAML-00133610,Credit Card,0
IBMAML-00133611,Cash,0
IBMAML-00133630,Reinvestment,0
IBMAML-00133631,Reinvestment,0
IBMAML-00133694,Reinvestment,0
IBMAML-00133697,Cheque,0
IBMAML-00133698,Credit Card,0
IBMAML-00133701,Cheque,0
IBMAML-00133702,Credit Card,0
IBMAML-00133703,Cash,0
IBMAML-00133705,Reinvestment,0
IBMAML-00133708,Cheque,0
IBMAML-00133709,Credit Card,0
IBMAML-00133710,Cash,0
IBMAML-00133753,Reinvestment,0
IBMAML-00133765,Reinvestment,0
IBMAML-00133861,Reinvestment,0
IBMAML-00133881,Reinvestment,0
IBMAML-00133884,Cheque,0
IBMAML-00133885,Credit Card,0
IBMAML-00133886,Cash,0
IBMAML-00133887,Reinvestment,0
IBMAML-00133889,ACH,0
IBMAML-00133890,ACH,0
IBMAML-00133891,ACH,0
IBMAML-00133892,ACH,0
IBMAML-00133893,ACH,0
IBMAML-00133968,Cheque,0
IBMAML-00133984,Reinvestment,0
IBMAML-00134019,Reinvestment,0
IBMAML-00134066,Cheque,0
IBMAML-00134067,Credit Card,0
IBMAML-00134068,Cash,0
IBMAML-00134233,Reinvestment,0
IBMAML-00134266,Reinvestment,0
IBMAML-00134282,Reinvestment,0
IBMAML-00134283,Reinvestment,0
IBMAML-00134287,Cheque,0
IBMAML-00134306,Credit Card,0
IBMAML-00134307,Cash,0
IBMAML-00134309,Cheque,0
IBMAML-00134310,Credit Card,0
IBMAML-00134311,ACH,0
IBMAML-00134312,Wire,0
IBMAML-00134325,Cheque,0
IBMAML-00134396,Reinvestment,0
IBMAML-00134403,Reinvestment,0
IBMAML-00134424,Cheque,0
IBMAML-00134444,Reinvestment,0
IBMAML-00134448,Reinvestment,0
IBMAML-00134450,Cheque,0
IBMAML-00134451,Credit Card,0
IBMAML-00134455,Cheque,0
IBMAML-00134456,Credit Card,0
IBMAML-00134460,Credit Card,0
IBMAML-00134461,Cash,0
IBMAML-00134472,Cheque,0
IBMAML-00134473,Credit Card,0
IBMAML-00134474,Cash,0
IBMAML-00134564,Cheque,0
IBMAML-00134565,Credit Card,0
IBMAML-00134649,Cheque,0
IBMAML-00134650,Credit Card,0
IBMAML-00134691,Cheque,0
IBMAML-00134692,Credit Card,0
IBMAML-00134693,Cash,0
IBMAML-00134749,Reinvestment,0
IBMAML-00134750,Reinvestment,0
IBMAML-00134755,Wire,0
IBMAML-00134756,Reinvestment,0
IBMAML-00134763,Reinvestment,0
IBMAML-00134781,Reinvestment,0
IBMAML-00134826,Reinvestment,0
IBMAML-00134841,Cheque,0
IBMAML-00134918,Cheque,0
IBMAML-00134919,Credit Card,0
IBMAML-00135009,Reinvestment,0
IBMAML-00135023,Reinvestment,0
IBMAML-00135036,Cheque,0
IBMAML-00135037,Credit Card,0
IBMAML-00135038,Cash,0
IBMAML-00135185,Cheque,0
IBMAML-00135191,Cheque,0
IBMAML-00135192,Credit Card,0
IBMAML-00135193,Cash,0
IBMAML-00135219,Reinvestment,0
IBMAML-00135221,Cheque,0
IBMAML-00135222,Cash,0
IBMAML-00135234,Cheque,0
IBMAML-00135249,Reinvestment,0
IBMAML-00135272,Reinvestment,0
IBMAML-00135274,Reinvestment,0
IBMAML-00135296,Reinvestment,0
IBMAML-00135305,Reinvestment,0
IBMAML-00135313,Cheque,0
IBMAML-00135335,Reinvestment,0
IBMAML-00135377,Cheque,0
IBMAML-00135388,Cheque,0
IBMAML-00135389,Credit Card,0
IBMAML-00135390,Cash,0
IBMAML-00135402,Cheque,0
IBMAML-00135470,Cash,0
IBMAML-00135485,Reinvestment,0
IBMAML-00135497,Reinvestment,0
IBMAML-00135536,Cheque,0
IBMAML-00135537,Cash,0
IBMAML-00135550,Cheque,0
IBMAML-00135551,Credit Card,0
IBMAML-00135591,Reinvestment,0
IBMAML-00135637,Cheque,0
IBMAML-00135638,ACH,0
IBMAML-00135702,Cheque,0
IBMAML-00135703,Cash,0
IBMAML-00135801,Reinvestment,0
IBMAML-00135812,Reinvestment,0
IBMAML-00135822,Cash,0
IBMAML-00135884,Cheque,0
IBMAML-00135885,Credit Card,0
IBMAML-00135886,Cash,0
IBMAML-00135893,Cheque,0
IBMAML-00135926,Reinvestment,0
IBMAML-00135927,Cheque,0
IBMAML-00135929,ACH,0
IBMAML-00135930,Wire,0
IBMAML-00136019,Reinvestment,0
IBMAML-00136046,Cheque,0
IBMAML-00136047,Credit Card,0
IBMAML-00136048,Cash,0
IBMAML-00136074,Cheque,0
IBMAML-00136075,Credit Card,0
IBMAML-00136076,Cash,0
IBMAML-00136116,Cheque,0
IBMAML-00136117,Cash,0
IBMAML-00136147,Cheque,0
IBMAML-00136148,Credit Card,0
IBMAML-00136149,Cash,0
IBMAML-00136152,Reinvestment,0
IBMAML-00136154,Reinvestment,0
IBMAML-00136159,Cheque,0
IBMAML-00136160,Credit Card,0
IBMAML-00136187,Reinvestment,0
IBMAML-00136261,Cheque,0
IBMAML-00136282,Reinvestment,0
IBMAML-00136290,Cheque,0
IBMAML-00136291,Credit Card,0
IBMAML-00136292,Cash,0
IBMAML-00136293,ACH,0
IBMAML-00136378,Reinvestment,0
IBMAML-00136379,Reinvestment,0
IBMAML-00136423,Reinvestment,0
IBMAML-00136505,Cheque,0
IBMAML-00136506,Credit Card,0
IBMAML-00136524,Reinvestment,0
IBMAML-00136537,Reinvestment,0
IBMAML-00136571,Reinvestment,0
IBMAML-00136585,Cheque,0
IBMAML-00136586,Credit Card,0
IBMAML-00136637,Cheque,0
IBMAML-00136638,Credit Card,0
IBMAML-00136639,ACH,0
IBMAML-00136640,Wire,0
IBMAML-00136641,Reinvestment,0
IBMAML-00136681,Cheque,0
IBMAML-00136701,Cheque,0
IBMAML-00136702,Credit Card,0
IBMAML-00136704,Cheque,0
IBMAML-00136705,Credit Card,0
IBMAML-00136706,Cash,0
IBMAML-00136726,Cheque,0
IBMAML-00136727,Credit Card,0
IBMAML-00136728,Cash,0
IBMAML-00136749,Cheque,0
IBMAML-00136750,Cash,0
IBMAML-00136751,ACH,0
IBMAML-00136815,Reinvestment,0
IBMAML-00136816,Cheque,0
IBMAML-00136817,ACH,0
IBMAML-00136818,Reinvestment,0
IBMAML-00136855,Cheque,0
IBMAML-00136856,Credit Card,0
IBMAML-00136857,Cash,0
IBMAML-00136865,Cheque,0
IBMAML-00136866,Reinvestment,0
IBMAML-00136975,Reinvestment,0
IBMAML-00137017,Cheque,0
IBMAML-00137024,Reinvestment,0
IBMAML-00137043,Cheque,0
IBMAML-00137044,Credit Card,0
IBMAML-00137045,Cash,0
IBMAML-00137081,Reinvestment,0
IBMAML-00137132,Cheque,0
IBMAML-00137133,Cash,0
IBMAML-00137186,Cheque,0
IBMAML-00137187,Credit Card,0
IBMAML-00137204,Reinvestment,0
IBMAML-00137205,Cheque,0
IBMAML-00137206,Credit Card,0
IBMAML-00137231,Reinvestment,0
IBMAML-00137365,Cheque,0
IBMAML-00137366,Credit Card,0
IBMAML-00137367,ACH,0
IBMAML-00137388,Reinvestment,0
IBMAML-00137442,Reinvestment,0
IBMAML-00137444,Reinvestment,0
IBMAML-00137484,Reinvestment,0
IBMAML-00137507,Cheque,0
IBMAML-00137508,ACH,0
IBMAML-00137516,Cheque,0
IBMAML-00137517,Credit Card,0
IBMAML-00137518,Cash,0
IBMAML-00137520,ACH,0
IBMAML-00137521,ACH,1
IBMAML-00137522,ACH,0
IBMAML-00137523,ACH,1
IBMAML-00137524,ACH,0
IBMAML-00137525,ACH,1
IBMAML-00137526,ACH,1
IBMAML-00137527,ACH,1
IBMAML-00137528,ACH,1
IBMAML-00137529,ACH,0
IBMAML-00137530,ACH,1
IBMAML-00137531,ACH,0
IBMAML-00137532,ACH,1
IBMAML-00137533,ACH,1
IBMAML-00137534,ACH,1
IBMAML-00137535,ACH,1
IBMAML-00137536,ACH,1
IBMAML-00137537,ACH,1
IBMAML-00137538,ACH,0
IBMAML-00137539,ACH,1
IBMAML-00137540,ACH,1
IBMAML-00137541,ACH,0
IBMAML-00137542,ACH,1
IBMAML-00137545,Cheque,0
IBMAML-00137546,Credit Card,0
IBMAML-00137582,Cash,0
IBMAML-00137586,Cheque,0
IBMAML-00137587,Credit Card,0
IBMAML-00137588,ACH,0
IBMAML-00137589,Wire,0
IBMAML-00137591,Reinvestment,0
IBMAML-00137706,Cheque,0
IBMAML-00137766,Reinvestment,0
IBMAML-00137782,Cheque,0
IBMAML-00137783,Credit Card,0
IBMAML-00137784,ACH,0
IBMAML-00137855,Cheque,0
IBMAML-00137975,Cheque,0
IBMAML-00137976,Credit Card,0
IBMAML-00137977,Cash,0
IBMAML-00137992,Credit Card,0
IBMAML-00138067,Reinvestment,0
IBMAML-00138143,Reinvestment,0
IBMAML-00138190,Reinvestment,0
IBMAML-00138203,Reinvestment,0
IBMAML-00138226,Cheque,0
IBMAML-00138227,Credit Card,0
IBMAML-00138341,Cheque,0
IBMAML-00138342,Cash,0
IBMAML-00138346,Cheque,0
IBMAML-00138347,Credit Card,0
IBMAML-00138374,Reinvestment,0
IBMAML-00138501,Cheque,0
IBMAML-00138502,Credit Card,0
IBMAML-00138692,Cheque,0
IBMAML-00138693,Credit Card,0
IBMAML-00138694,Cash,0
IBMAML-00138700,Cheque,0
IBMAML-00138701,Credit Card,0
IBMAML-00138716,Reinvestment,0
IBMAML-00138718,Reinvestment,0
IBMAML-00138733,Credit Card,0
IBMAML-00138737,Cheque,0
IBMAML-00138738,Credit Card,0
IBMAML-00138739,Cash,0
IBMAML-00138763,Cheque,0
IBMAML-00138764,Credit Card,0
IBMAML-00138765,Cash,0
IBMAML-00138767,Cheque,0
IBMAML-00138768,Reinvestment,0
IBMAML-00138798,Reinvestment,0
IBMAML-00138804,Reinvestment,0
IBMAML-00138850,Cheque,0
IBMAML-00138851,Credit Card,0
IBMAML-00138852,Cash,0
IBMAML-00138875,Cheque,0
IBMAML-00138915,Reinvestment,0
IBMAML-00138947,Reinvestment,0
IBMAML-00138970,Reinvestment,0
IBMAML-00138978,Cheque,0
IBMAML-00138979,Credit Card,0
IBMAML-00138987,Cheque,0
IBMAML-00138988,Credit Card,0
IBMAML-00138989,Cash,0
IBMAML-00139020,Cheque,0
IBMAML-00139021,Credit Card,0
IBMAML-00139022,Cash,0
IBMAML-00139050,Cheque,0
IBMAML-00139051,Credit Card,0
IBMAML-00139052,Cash,0
IBMAML-00139106,Cheque,0
IBMAML-00139107,Credit Card,0
IBMAML-00139112,Reinvestment,0
IBMAML-00139115,Cheque,0
IBMAML-00139148,Reinvestment,0
IBMAML-00139156,Reinvestment,0
IBMAML-00139157,Reinvestment,0
IBMAML-00139204,Cheque,0
IBMAML-00139205,Credit Card,0
IBMAML-00139206,Cash,0
IBMAML-00139207,ACH,0
IBMAML-00139272,Cheque,0
IBMAML-00139273,Cash,0
IBMAML-00139287,Reinvestment,0
IBMAML-00139308,Reinvestment,0
IBMAML-00139450,Reinvestment,0
IBMAML-00139493,Wire,0
IBMAML-00139495,Reinvestment,0
IBMAML-00139516,Reinvestment,0
IBMAML-00139560,Reinvestment,0
IBMAML-00139561,Reinvestment,0
IBMAML-00139577,Cheque,0
IBMAML-00139578,Credit Card,0
IBMAML-00139632,Credit Card,0
IBMAML-00139635,Credit Card,0
IBMAML-00139676,Cheque,0
IBMAML-00139677,Credit Card,0
IBMAML-00139678,Cash,0
IBMAML-00139699,Credit Card,0
IBMAML-00139876,Cheque,0
IBMAML-00139877,Credit Card,0
IBMAML-00139878,Cash,0
IBMAML-00139888,Cheque,0
IBMAML-00139889,Credit Card,0
IBMAML-00139983,Cheque,0
IBMAML-00139984,Credit Card,0
IBMAML-00139992,Cheque,0
IBMAML-00140096,Reinvestment,0
IBMAML-00140097,Reinvestment,0
IBMAML-00140102,Reinvestment,0
IBMAML-00140104,Reinvestment,0
IBMAML-00140211,Cheque,0
IBMAML-00140212,Credit Card,0
IBMAML-00140241,Reinvestment,0
IBMAML-00140242,Cheque,0
IBMAML-00140244,Reinvestment,0
IBMAML-00140270,Reinvestment,0
IBMAML-00140271,Reinvestment,0
IBMAML-00140299,Cheque,0
IBMAML-00140300,Cash,0
IBMAML-00140302,Reinvestment,0
IBMAML-00140353,Reinvestment,0
IBMAML-00140378,Reinvestment,0
IBMAML-00140382,Cheque,0
IBMAML-00140383,Credit Card,0
IBMAML-00140389,Reinvestment,0
IBMAML-00140390,Reinvestment,0
IBMAML-00140455,Reinvestment,0
IBMAML-00140511,Cheque,0
IBMAML-00140512,Credit Card,0
IBMAML-00140513,Cash,0
IBMAML-00140514,ACH,0
IBMAML-00140557,Cheque,0
IBMAML-00140567,Cheque,0
IBMAML-00140624,Reinvestment,0
IBMAML-00140701,Cheque,0
IBMAML-00140724,Reinvestment,0
IBMAML-00140860,Cheque,0
IBMAML-00140878,Reinvestment,0
IBMAML-00140879,Cheque,0
IBMAML-00140880,Credit Card,0
IBMAML-00140881,Cash,0
IBMAML-00140882,ACH,0
IBMAML-00140883,Reinvestment,0
IBMAML-00140915,Cheque,0
IBMAML-00140943,Cheque,0
IBMAML-00140944,Credit Card,0
IBMAML-00140945,Reinvestment,0
IBMAML-00140968,Cheque,0
IBMAML-00140970,Cheque,0
IBMAML-00140971,Credit Card,0
IBMAML-00140972,Cash,0
IBMAML-00141069,Reinvestment,0
IBMAML-00141092,Reinvestment,0
IBMAML-00141101,Reinvestment,0
IBMAML-00141161,Cheque,0
IBMAML-00141162,Credit Card,0
IBMAML-00141163,Cash,0
IBMAML-00141167,Reinvestment,0
IBMAML-00141305,Cheque,0
IBMAML-00141306,Credit Card,0
IBMAML-00141307,Cash,0
IBMAML-00141553,Credit Card,0
IBMAML-00141576,Reinvestment,0
IBMAML-00141599,Reinvestment,0
IBMAML-00141600,Reinvestment,0
IBMAML-00141710,Reinvestment,0
IBMAML-00141712,Cheque,0
IBMAML-00141713,Cash,0
IBMAML-00141714,ACH,0
IBMAML-00141715,Wire,0
IBMAML-00141776,Cheque,0
IBMAML-00141788,ACH,0
IBMAML-00141791,Reinvestment,0
IBMAML-00141802,Reinvestment,0
IBMAML-00141830,Reinvestment,0
IBMAML-00141885,Cheque,0
IBMAML-00141886,Credit Card,0
IBMAML-00141887,Cash,0
IBMAML-00141954,Reinvestment,0
IBMAML-00141964,Cheque,0
IBMAML-00141965,Credit Card,0
IBMAML-00141987,Cheque,0
IBMAML-00141988,Credit Card,0
IBMAML-00141989,Cash,0
IBMAML-00142000,Cheque,0
IBMAML-00142001,Credit Card,0
IBMAML-00142002,Cash,0
IBMAML-00142003,Reinvestment,0
IBMAML-00142108,Reinvestment,0
IBMAML-00142177,Cheque,0
IBMAML-00142178,Credit Card,0
IBMAML-00142256,Cheque,0
IBMAML-00142257,Credit Card,0
IBMAML-00142258,Cheque,0
IBMAML-00142259,Credit Card,0
IBMAML-00142260,Cash,0
IBMAML-00142267,Cheque,0
IBMAML-00142442,Cheque,0
IBMAML-00142443,Credit Card,0
IBMAML-00142444,Cash,0
IBMAML-00142467,Cheque,0
IBMAML-00142468,Credit Card,0
IBMAML-00142469,Cash,0
IBMAML-00142473,Reinvestment,0
IBMAML-00142524,Reinvestment,0
IBMAML-00142578,Cheque,0
IBMAML-00142731,Cheque,0
IBMAML-00142732,Credit Card,0
IBMAML-00142733,Wire,0
IBMAML-00142734,Reinvestment,0
IBMAML-00142761,Reinvestment,0
IBMAML-00142769,Cheque,0
IBMAML-00142770,Cash,0
IBMAML-00142795,Credit Card,0
IBMAML-00142796,Cash,0
IBMAML-00142798,Reinvestment,0
IBMAML-00142799,Cheque,0
IBMAML-00142800,Reinvestment,0
IBMAML-00142838,Credit Card,0
IBMAML-00142839,Cash,0
IBMAML-00143032,Credit Card,0
IBMAML-00143035,Reinvestment,0
IBMAML-00143067,Cheque,0
IBMAML-00143068,Credit Card,0
IBMAML-00143105,Reinvestment,0
IBMAML-00143178,Cheque,0
IBMAML-00143179,Cash,0
IBMAML-00143248,Cheque,0
IBMAML-00143249,Credit Card,0
IBMAML-00143283,Reinvestment,0
IBMAML-00143305,Cheque,0
IBMAML-00143306,Cash,0
IBMAML-00143343,Reinvestment,0
IBMAML-00143357,Reinvestment,0
IBMAML-00143358,Cheque,0
IBMAML-00143359,Credit Card,0
IBMAML-00143360,Reinvestment,0
IBMAML-00143365,Cheque,0
IBMAML-00143391,Reinvestment,0
IBMAML-00143404,Reinvestment,0
IBMAML-00143456,Cheque,0
IBMAML-00143457,Credit Card,0
IBMAML-00143458,ACH,0
IBMAML-00143470,Cheque,0
IBMAML-00143492,Reinvestment,0
IBMAML-00143564,Cheque,0
IBMAML-00143565,Credit Card,0
IBMAML-00143566,Cash,0
IBMAML-00143567,ACH,0
IBMAML-00143568,Wire,0
IBMAML-00143572,Reinvestment,0
IBMAML-00143573,Reinvestment,0
IBMAML-00143579,Reinvestment,0
IBMAML-00143580,Reinvestment,0
IBMAML-00143582,Reinvestment,0
IBMAML-00143599,Cheque,0
IBMAML-00143600,Credit Card,0
IBMAML-00143601,Cash,0
IBMAML-00143667,Cheque,0
IBMAML-00143668,Credit Card,0
IBMAML-00143669,Cash,0
IBMAML-00143680,Cheque,0
IBMAML-00143681,Cash,0
IBMAML-00143693,Reinvestment,0
IBMAML-00143765,Reinvestment,0
IBMAML-00143883,Cheque,0
IBMAML-00143994,Reinvestment,0
IBMAML-00143995,Reinvestment,0
IBMAML-00144006,Reinvestment,0
IBMAML-00144012,Reinvestment,0
IBMAML-00144023,Cheque,0
IBMAML-00144024,Credit Card,0
IBMAML-00144025,Cash,0
IBMAML-00144056,Cheque,0
IBMAML-00144195,Cheque,0
IBMAML-00144196,Credit Card,0
IBMAML-00144197,Cash,0
IBMAML-00144198,ACH,0
IBMAML-00144235,Cheque,0
IBMAML-00144236,Credit Card,0
IBMAML-00144237,Wire,0
IBMAML-00144244,Cheque,0
IBMAML-00144245,Cash,0
IBMAML-00144249,Cheque,0
IBMAML-00144250,Cash,0
IBMAML-00144282,Cheque,0
IBMAML-00144283,Credit Card,0
IBMAML-00144284,Cash,0
IBMAML-00144360,Cheque,0
IBMAML-00144361,Credit Card,0
IBMAML-00144392,Cheque,0
IBMAML-00144393,Credit Card,0
IBMAML-00144394,Cash,0
IBMAML-00144401,Cheque,0
IBMAML-00144405,Cheque,0
IBMAML-00144406,Credit Card,0
IBMAML-00144407,Cash,0
IBMAML-00144408,ACH,0
IBMAML-00144436,Cheque,0
IBMAML-00144437,Credit Card,0
IBMAML-00144438,Cash,0
IBMAML-00144495,Reinvestment,0
IBMAML-00144522,Credit Card,0
IBMAML-00144614,Reinvestment,0
IBMAML-00144681,Cheque,0
IBMAML-00144682,Cash,0
IBMAML-00144693,Cheque,0
IBMAML-00144694,Cash,0
IBMAML-00144696,Reinvestment,0
IBMAML-00144744,Cheque,0
IBMAML-00144785,Cheque,0
IBMAML-00144786,Credit Card,0
IBMAML-00144787,Cash,0
IBMAML-00144832,Reinvestment,0
IBMAML-00144844,Reinvestment,0
IBMAML-00144866,Reinvestment,0
IBMAML-00144867,Reinvestment,0
IBMAML-00144895,Reinvestment,0
IBMAML-00144961,Reinvestment,0
IBMAML-00144962,Reinvestment,0
IBMAML-00144964,Cheque,0
IBMAML-00144966,Credit Card,0
IBMAML-00144968,Cash,0
IBMAML-00144993,Reinvestment,0
IBMAML-00145034,Reinvestment,0
IBMAML-00145082,Cheque,0
IBMAML-00145083,Credit Card,0
IBMAML-00145084,Cash,0
IBMAML-00145109,Reinvestment,0
IBMAML-00145160,Reinvestment,0
IBMAML-00145164,Reinvestment,0
IBMAML-00145356,Cheque,0
IBMAML-00145357,Cash,0
IBMAML-00145396,Reinvestment,0
IBMAML-00145397,Reinvestment,0
IBMAML-00145423,Reinvestment,0
IBMAML-00145424,Reinvestment,0
IBMAML-00145426,Cheque,0
IBMAML-00145427,Credit Card,0
IBMAML-00145428,Cash,0
IBMAML-00145533,Reinvestment,0
IBMAML-00145546,Reinvestment,0
IBMAML-00145605,Reinvestment,0
IBMAML-00145606,Reinvestment,0
IBMAML-00145618,Cheque,0
IBMAML-00145619,Cash,0
IBMAML-00145621,Reinvestment,0
IBMAML-00145622,Cheque,0
IBMAML-00145689,Cheque,0
IBMAML-00145690,Credit Card,0
IBMAML-00145691,Cash,0
IBMAML-00145705,Reinvestment,0
IBMAML-00145737,Cheque,0
IBMAML-00145738,Cash,0
IBMAML-00145919,Reinvestment,0
IBMAML-00146003,Cheque,0
IBMAML-00146004,Credit Card,0
IBMAML-00146035,Reinvestment,0
IBMAML-00146089,Cheque,0
IBMAML-00146090,Cash,0
IBMAML-00146151,Reinvestment,0
IBMAML-00146232,Cheque,0
IBMAML-00146233,Credit Card,0
IBMAML-00146234,Cash,0
IBMAML-00146237,Cheque,0
IBMAML-00146238,Credit Card,0
IBMAML-00146239,Cash,0
IBMAML-00146242,Cheque,0
IBMAML-00146243,Cash,0
IBMAML-00146282,Reinvestment,0
IBMAML-00146283,Cheque,0
IBMAML-00146284,Credit Card,0
IBMAML-00146302,Cheque,0
IBMAML-00146303,ACH,0
IBMAML-00146567,Cheque,0
IBMAML-00146568,Credit Card,0
IBMAML-00146569,Cash,0
IBMAML-00146571,Reinvestment,0
IBMAML-00146572,Reinvestment,0
IBMAML-00146631,Reinvestment,0
IBMAML-00146650,Reinvestment,0
IBMAML-00146690,Cheque,0
IBMAML-00146691,Credit Card,0
IBMAML-00146692,Cash,0
IBMAML-00146829,Cheque,0
IBMAML-00146830,Credit Card,0
IBMAML-00146831,Cash,0
IBMAML-00146840,Cheque,0
IBMAML-00146841,Credit Card,0
IBMAML-00146842,Cash,0
IBMAML-00146891,Cheque,0
IBMAML-00146892,Cash,0
IBMAML-00146897,Cheque,0
IBMAML-00146921,Cheque,0
IBMAML-00146922,Credit Card,0
IBMAML-00146923,Cash,0
IBMAML-00147050,Reinvestment,0
IBMAML-00147082,Reinvestment,0
IBMAML-00147100,Cheque,0
IBMAML-00147102,Reinvestment,0
IBMAML-00147111,Reinvestment,0
IBMAML-00147131,Cheque,0
IBMAML-00147132,Credit Card,0
IBMAML-00147133,Cash,0
IBMAML-00147152,Reinvestment,0
IBMAML-00147155,Cheque,0
IBMAML-00147156,Credit Card,0
IBMAML-00147233,Cheque,0
IBMAML-00147234,Credit Card,0
IBMAML-00147235,Cash,0
IBMAML-00147241,Cheque,0
IBMAML-00147242,Cash,0
IBMAML-00147243,Wire,0
IBMAML-00147269,Reinvestment,0
IBMAML-00147300,Cheque,0
IBMAML-00147301,Credit Card,0
IBMAML-00147340,Cheque,0
IBMAML-00147341,Credit Card,0
IBMAML-00147342,Wire,0
IBMAML-00147376,Cheque,0
IBMAML-00147377,Cash,0
IBMAML-00147387,Cheque,0
IBMAML-00147388,Credit Card,0
IBMAML-00147562,Cheque,0
IBMAML-00147611,Cheque,0
IBMAML-00147634,Cheque,0
IBMAML-00147635,Cash,0
IBMAML-00147673,Cheque,0
IBMAML-00147674,Credit Card,0
IBMAML-00147675,Wire,0
IBMAML-00147726,Reinvestment,0
IBMAML-00147769,Cheque,0
IBMAML-00147770,Credit Card,0
IBMAML-00147771,Cash,0
IBMAML-00147778,Reinvestment,0
IBMAML-00147813,Reinvestment,0
IBMAML-00147828,Cheque,0
IBMAML-00147829,Credit Card,0
IBMAML-00147830,Cash,0
IBMAML-00147854,Cheque,0
IBMAML-00147855,Cheque,0
IBMAML-00147856,Credit Card,0
IBMAML-00147869,Cheque,0
IBMAML-00147870,Credit Card,0
IBMAML-00147871,Cash,0
IBMAML-00147893,Cheque,0
IBMAML-00147894,Credit Card,0
IBMAML-00147895,Cash,0
IBMAML-00147896,ACH,0
IBMAML-00147897,Wire,0
IBMAML-00147965,Reinvestment,0
IBMAML-00148100,Reinvestment,0
IBMAML-00148200,Cheque,0
IBMAML-00148201,Credit Card,0
IBMAML-00148202,Cash,0
IBMAML-00148203,ACH,0
IBMAML-00148204,Wire,0
IBMAML-00148209,Cheque,0
IBMAML-00148235,Reinvestment,0
IBMAML-00148337,Cheque,0
IBMAML-00148338,Credit Card,0
IBMAML-00148413,Cheque,0
IBMAML-00148414,Cash,0
IBMAML-00148479,Reinvestment,0
IBMAML-00148611,Reinvestment,0
IBMAML-00148658,Reinvestment,0
IBMAML-00148738,Cheque,0
IBMAML-00148739,Cash,0
IBMAML-00148888,Credit Card,0
IBMAML-00148935,Credit Card,0
IBMAML-00148936,Cash,0
IBMAML-00148937,Wire,0
IBMAML-00148992,Cheque,0
IBMAML-00148993,Credit Card,0
IBMAML-00149080,Cheque,0
IBMAML-00149081,ACH,0
IBMAML-00149095,Cheque,0
IBMAML-00149096,Credit Card,0
IBMAML-00149097,Cash,0
IBMAML-00149129,Cheque,0
IBMAML-00149130,Cash,0
IBMAML-00149168,Cheque,0
IBMAML-00149169,Cash,0
IBMAML-00149173,Reinvestment,0
IBMAML-00149175,Reinvestment,0
IBMAML-00149279,Cheque,0
IBMAML-00149280,Credit Card,0
IBMAML-00149281,Cash,0
IBMAML-00149284,Cheque,0
IBMAML-00149285,Cash,0
IBMAML-00149286,Reinvestment,0
IBMAML-00149289,Cheque,0
IBMAML-00149290,Credit Card,0
IBMAML-00149291,Cash,0
IBMAML-00149316,Reinvestment,0
IBMAML-00149317,Cheque,0
IBMAML-00149318,Credit Card,0
IBMAML-00149319,Cash,0
IBMAML-00149364,Cheque,0
IBMAML-00149365,Credit Card,0
IBMAML-00149366,Cash,0
IBMAML-00149367,Cheque,0
IBMAML-00149368,Credit Card,0
IBMAML-00149369,Cash,0
IBMAML-00149373,Reinvestment,0
IBMAML-00149374,Reinvestment,0
IBMAML-00149415,Cheque,0
IBMAML-00149471,Cheque,0
IBMAML-00149472,Cash,0
IBMAML-00149494,Reinvestment,0
IBMAML-00149498,Reinvestment,0
IBMAML-00149499,Reinvestment,0
IBMAML-00149528,Cheque,0
IBMAML-00149529,Cash,0
IBMAML-00149766,Cheque,0
IBMAML-00149767,Cash,0
IBMAML-00149787,Reinvestment,0
IBMAML-00149788,Reinvestment,0
IBMAML-00149789,Cheque,0
IBMAML-00149790,Cash,0
IBMAML-00149791,Cheque,0
IBMAML-00149792,Reinvestment,0
IBMAML-00149793,Cheque,0
IBMAML-00149797,Cheque,0
IBMAML-00149798,Credit Card,0
IBMAML-00149799,Cash,0
IBMAML-00149807,Reinvestment,0
IBMAML-00149808,Cheque,0
IBMAML-00149809,Credit Card,0
IBMAML-00149810,Cash,0
IBMAML-00149836,Cheque,0
IBMAML-00149837,Credit Card,0
IBMAML-00149876,Cheque,0
IBMAML-00149877,Cash,0
IBMAML-00149890,Cheque,0
IBMAML-00149891,Credit Card,0
IBMAML-00149892,Cash,0
IBMAML-00149913,Reinvestment,0
IBMAML-00149914,Reinvestment,0
IBMAML-00149917,Cheque,0
IBMAML-00149918,Cash,0
IBMAML-00150002,Cheque,0
IBMAML-00150003,Credit Card,0
IBMAML-00150029,Cheque,0
IBMAML-00150030,Cash,0
IBMAML-00150036,Reinvestment,0
IBMAML-00150053,Reinvestment,0
IBMAML-00150054,Reinvestment,0
IBMAML-00150092,Credit Card,0
IBMAML-00150146,Cheque,0
IBMAML-00150147,Cash,0
IBMAML-00150215,Cheque,0
IBMAML-00150222,Cheque,0
IBMAML-00150223,Credit Card,0
IBMAML-00150224,Cash,0
IBMAML-00150251,Reinvestment,0
IBMAML-00150272,Reinvestment,0
IBMAML-00150278,Cheque,0
IBMAML-00150296,Reinvestment,0
IBMAML-00150337,Cheque,0
IBMAML-00150338,Credit Card,0
IBMAML-00150366,Reinvestment,0
IBMAML-00150405,Reinvestment,0
IBMAML-00150406,Reinvestment,0
IBMAML-00150484,Reinvestment,0
IBMAML-00150485,Cheque,0
IBMAML-00150499,Reinvestment,0
IBMAML-00150500,ACH,0
IBMAML-00150502,Reinvestment,0
IBMAML-00150624,Cheque,0
IBMAML-00150625,Cash,0
IBMAML-00150627,Cheque,0
IBMAML-00150628,Credit Card,0
IBMAML-00150629,Cash,0
IBMAML-00150656,Reinvestment,0
IBMAML-00150725,Cheque,0
IBMAML-00150726,Cash,0
IBMAML-00150736,Cheque,0
IBMAML-00150737,Credit Card,0
IBMAML-00150745,Cheque,0
IBMAML-00150746,Credit Card,0
IBMAML-00150747,Cash,0
IBMAML-00150752,Reinvestment,0
IBMAML-00150753,Reinvestment,0
IBMAML-00150830,Cheque,0
IBMAML-00150831,Credit Card,0
IBMAML-00150832,Cash,0
IBMAML-00150881,Reinvestment,0
IBMAML-00150930,Reinvestment,0
IBMAML-00150984,Cheque,0
IBMAML-00150988,Cheque,0
IBMAML-00150989,Credit Card,0
IBMAML-00150990,Cash,0
IBMAML-00151031,Reinvestment,0
IBMAML-00151052,Cheque,0
IBMAML-00151053,Cash,0
IBMAML-00151083,Reinvestment,0
IBMAML-00151129,Cheque,0
IBMAML-00151130,Credit Card,0
IBMAML-00151134,Cheque,0
IBMAML-00151240,Cheque,0
IBMAML-00151277,Reinvestment,0
IBMAML-00151283,Reinvestment,0
IBMAML-00151423,Reinvestment,0
IBMAML-00151489,Cheque,0
IBMAML-00151546,Reinvestment,0
IBMAML-00151586,Reinvestment,0
IBMAML-00151642,Reinvestment,0
IBMAML-00151656,Reinvestment,0
IBMAML-00151678,Cheque,0
IBMAML-00151679,Credit Card,0
IBMAML-00151702,Cheque,0
IBMAML-00151703,Credit Card,0
IBMAML-00151705,Cheque,0
IBMAML-00151706,Credit Card,0
IBMAML-00151712,Cheque,0
IBMAML-00151713,Credit Card,0
IBMAML-00151813,Cheque,0
IBMAML-00151814,Credit Card,0
IBMAML-00151815,Cash,0
IBMAML-00151848,Cheque,0
IBMAML-00151849,Credit Card,0
IBMAML-00151868,Reinvestment,0
IBMAML-00151876,Reinvestment,0
IBMAML-00151882,Reinvestment,0
IBMAML-00151944,Cheque,0
IBMAML-00151945,Cash,0
IBMAML-00152020,Cheque,0
IBMAML-00152021,Cash,0
IBMAML-00152116,Cheque,0
IBMAML-00152119,Cheque,0
IBMAML-00152129,Cheque,0
IBMAML-00152230,Cheque,0
IBMAML-00152231,Cash,0
IBMAML-00152255,Cheque,0
IBMAML-00152256,Cash,0
IBMAML-00152262,Reinvestment,0
IBMAML-00152338,Cheque,0
IBMAML-00152339,Credit Card,0
IBMAML-00152340,Cash,0
IBMAML-00152344,Cheque,0
IBMAML-00152359,Credit Card,0
IBMAML-00152362,Credit Card,0
IBMAML-00152393,Reinvestment,0
IBMAML-00152394,Reinvestment,0
IBMAML-00152454,Cheque,0
IBMAML-00152455,Credit Card,0
IBMAML-00152456,Cash,0
IBMAML-00152472,Credit Card,0
IBMAML-00152473,Cash,0
IBMAML-00152507,Cheque,0
IBMAML-00152508,Cash,0
IBMAML-00152527,Cheque,0
IBMAML-00152528,Credit Card,0
IBMAML-00152529,Cash,0
IBMAML-00152537,Reinvestment,0
IBMAML-00152643,Cheque,0
IBMAML-00152644,Cash,0
IBMAML-00152655,Cheque,0
IBMAML-00152660,Reinvestment,0
IBMAML-00152679,Cheque,0
IBMAML-00152680,Credit Card,0
IBMAML-00152681,Cash,0
IBMAML-00152771,Reinvestment,0
IBMAML-00152809,Reinvestment,0
IBMAML-00152810,Reinvestment,0
IBMAML-00152822,Credit Card,0
IBMAML-00152823,Cash,0
IBMAML-00152875,ACH,0
IBMAML-00153063,Reinvestment,0
IBMAML-00153064,Reinvestment,0
IBMAML-00153108,Reinvestment,0
IBMAML-00153114,Cheque,0
IBMAML-00153115,Credit Card,0
IBMAML-00153149,Reinvestment,0
IBMAML-00153159,Cheque,0
IBMAML-00153196,Reinvestment,0
IBMAML-00153222,Cheque,0
IBMAML-00153223,Credit Card,0
IBMAML-00153224,Cash,0
IBMAML-00153227,Reinvestment,0
IBMAML-00153276,Cheque,0
IBMAML-00153277,Credit Card,0
IBMAML-00153322,Cheque,0
IBMAML-00153323,Cash,0
IBMAML-00153361,Cheque,0
IBMAML-00153362,Credit Card,0
IBMAML-00153363,Cash,0
IBMAML-00153426,Reinvestment,0
IBMAML-00153427,Cheque,0
IBMAML-00153428,Credit Card,0
IBMAML-00153429,Cash,0
IBMAML-00153451,Reinvestment,0
IBMAML-00153466,Reinvestment,0
IBMAML-00153475,Cheque,0
IBMAML-00153476,Credit Card,0
IBMAML-00153478,Cheque,0
IBMAML-00153640,Reinvestment,0
IBMAML-00153641,Reinvestment,0
IBMAML-00153763,Cheque,0
IBMAML-00153764,Credit Card,0
IBMAML-00153765,Cash,0
IBMAML-00153897,Reinvestment,0
IBMAML-00153901,Reinvestment,0
IBMAML-00153908,Reinvestment,0
IBMAML-00153925,Reinvestment,0
IBMAML-00153936,Cheque,0
IBMAML-00153937,Credit Card,0
IBMAML-00153938,Cash,0
IBMAML-00153968,Credit Card,0
IBMAML-00154049,Cheque,0
IBMAML-00154050,Credit Card,0
IBMAML-00154051,Cash,0
IBMAML-00154067,Reinvestment,0
IBMAML-00154134,Reinvestment,0
IBMAML-00154171,Cheque,0
IBMAML-00154172,Credit Card,0
IBMAML-00154186,Cheque,0
IBMAML-00154187,Credit Card,0
IBMAML-00154188,Cash,0
IBMAML-00154205,Reinvestment,0
IBMAML-00154242,Cheque,0
IBMAML-00154359,Reinvestment,0
IBMAML-00154419,Cheque,0
IBMAML-00154420,Cash,0
IBMAML-00154425,Cheque,0
IBMAML-00154427,Reinvestment,0
IBMAML-00154492,Reinvestment,0
IBMAML-00154522,Reinvestment,0
IBMAML-00154523,Cheque,0
IBMAML-00154524,Credit Card,0
IBMAML-00154745,Cheque,0
IBMAML-00154746,ACH,0
IBMAML-00154801,Cheque,0
IBMAML-00154802,Credit Card,0
IBMAML-00154803,Cash,0
IBMAML-00154856,Cheque,0
IBMAML-00154871,Reinvestment,0
IBMAML-00154873,Cheque,0
IBMAML-00154874,Credit Card,0
IBMAML-00154875,Cash,0
IBMAML-00154919,Cheque,0
IBMAML-00154949,Cheque,0
IBMAML-00154950,Credit Card,0
IBMAML-00154951,Cash,0
IBMAML-00154964,Cheque,0
IBMAML-00154965,Credit Card,0
IBMAML-00154990,Reinvestment,0
IBMAML-00154994,Reinvestment,0
IBMAML-00155007,Cheque,0
IBMAML-00155027,Cheque,0
IBMAML-00155028,Credit Card,0
IBMAML-00155037,Cheque,0
IBMAML-00155038,Credit Card,0
IBMAML-00155054,Reinvestment,0
IBMAML-00155145,Cheque,0
IBMAML-00155146,Cash,0
IBMAML-00155156,Reinvestment,0
IBMAML-00155181,Cheque,0
IBMAML-00155182,Credit Card,0
IBMAML-00155197,Reinvestment,0
IBMAML-00155232,Reinvestment,0
IBMAML-00155234,Reinvestment,0
IBMAML-00155252,Cheque,0
IBMAML-00155253,Credit Card,0
IBMAML-00155254,Cash,0
IBMAML-00155296,Cheque,0
IBMAML-00155297,Credit Card,0
IBMAML-00155298,Cash,0
IBMAML-00155354,Cheque,0
IBMAML-00155355,Credit Card,0
IBMAML-00155356,Cash,0
IBMAML-00155380,Cheque,0
IBMAML-00155381,Credit Card,0
IBMAML-00155410,Cheque,0
IBMAML-00155411,Credit Card,0
IBMAML-00155423,Cheque,0
IBMAML-00155424,Cash,0
IBMAML-00155518,Cheque,0
IBMAML-00155519,Credit Card,0
IBMAML-00155520,Cash,0
IBMAML-00155528,Reinvestment,0
IBMAML-00155529,Reinvestment,0
IBMAML-00155607,Cheque,0
IBMAML-00155608,Credit Card,0
IBMAML-00155747,Reinvestment,0
IBMAML-00155779,Reinvestment,0
IBMAML-00155804,Cheque,0
IBMAML-00155844,Cheque,0
IBMAML-00155845,Credit Card,0
IBMAML-00155886,Credit Card,0
IBMAML-00155887,Cash,0
IBMAML-00155897,Cheque,0
IBMAML-00155898,Cash,0
IBMAML-00155927,Cheque,0
IBMAML-00155928,Credit Card,0
IBMAML-00155946,Cheque,0
IBMAML-00155947,Credit Card,0
IBMAML-00155948,Cash,0
IBMAML-00156077,Reinvestment,0
IBMAML-00156091,Reinvestment,0
IBMAML-00156111,Credit Card,0
IBMAML-00156112,Cash,0
IBMAML-00156129,Cheque,0
IBMAML-00156223,Cheque,0
IBMAML-00156224,Credit Card,0
IBMAML-00156225,Cash,0
IBMAML-00156245,Reinvestment,0
IBMAML-00156259,Reinvestment,0
IBMAML-00156317,Cheque,0
IBMAML-00156318,Credit Card,0
IBMAML-00156319,Cash,0
IBMAML-00156359,Cheque,0
IBMAML-00156383,Reinvestment,0
IBMAML-00156384,Reinvestment,0
IBMAML-00156390,Cheque,0
IBMAML-00156391,Credit Card,0
IBMAML-00156392,Cash,0
IBMAML-00156431,Cheque,0
IBMAML-00156432,Credit Card,0
IBMAML-00156433,Cash,0
IBMAML-00156434,Reinvestment,0
IBMAML-00156449,Cheque,0
IBMAML-00156450,Credit Card,0
IBMAML-00156451,Cash,0
IBMAML-00156513,Reinvestment,0
IBMAML-00156640,Cheque,0
IBMAML-00156641,Cash,0
IBMAML-00156871,Reinvestment,0
IBMAML-00157009,Reinvestment,0
IBMAML-00157011,ACH,0
IBMAML-00157015,Reinvestment,0
IBMAML-00157018,Cheque,0
IBMAML-00157049,Cheque,0
IBMAML-00157118,Reinvestment,0
IBMAML-00157134,Cheque,0
IBMAML-00157135,Credit Card,0
IBMAML-00157136,Cash,0
IBMAML-00157141,Reinvestment,0
IBMAML-00157160,ACH,0
IBMAML-00157167,Reinvestment,0
IBMAML-00157171,Cheque,0
IBMAML-00157172,Reinvestment,0
IBMAML-00157177,Reinvestment,0
IBMAML-00157179,Reinvestment,0
IBMAML-00157188,Reinvestment,0
IBMAML-00157231,Cheque,0
IBMAML-00157232,Credit Card,0
IBMAML-00157233,Cash,0
IBMAML-00157367,Cheque,0
IBMAML-00157368,Credit Card,0
IBMAML-00157369,Cash,0
IBMAML-00157426,Cheque,0
IBMAML-00157427,Credit Card,0
IBMAML-00157460,Reinvestment,0
IBMAML-00157474,Cheque,0
IBMAML-00157475,Credit Card,0
IBMAML-00157541,Reinvestment,0
IBMAML-00157545,Reinvestment,0
IBMAML-00157585,Cheque,0
IBMAML-00157586,Credit Card,0
IBMAML-00157595,Cheque,0
IBMAML-00157596,Credit Card,0
IBMAML-00157640,Cheque,0
IBMAML-00157641,Credit Card,0
IBMAML-00157642,Cash,0
IBMAML-00157807,Cheque,0
IBMAML-00157808,Cash,0
IBMAML-00157840,Reinvestment,0
IBMAML-00157936,Reinvestment,0
IBMAML-00158105,Reinvestment,0
IBMAML-00158111,Reinvestment,0
IBMAML-00158112,Reinvestment,0
IBMAML-00158172,Reinvestment,0
IBMAML-00158194,Cheque,0
IBMAML-00158271,Reinvestment,0
IBMAML-00158272,Cheque,0
IBMAML-00158273,Cash,0
IBMAML-00158309,Reinvestment,0
IBMAML-00158392,Reinvestment,0
IBMAML-00158405,Cheque,0
IBMAML-00158406,Credit Card,0
IBMAML-00158444,Cheque,0
IBMAML-00158586,Credit Card,0
IBMAML-00158636,Reinvestment,0
IBMAML-00158637,Reinvestment,0
IBMAML-00158693,Cheque,0
IBMAML-00158755,Cheque,0
IBMAML-00158756,Credit Card,0
IBMAML-00158757,Cash,0
IBMAML-00158784,Reinvestment,0
IBMAML-00158855,Reinvestment,0
IBMAML-00158942,Cheque,0
IBMAML-00158943,Credit Card,0
IBMAML-00159057,Cheque,0
IBMAML-00159058,Credit Card,0
IBMAML-00159059,Cash,0
IBMAML-00159061,Reinvestment,0
IBMAML-00159062,Reinvestment,0
IBMAML-00159063,Reinvestment,0
IBMAML-00159120,Cheque,0
IBMAML-00159121,Credit Card,0
IBMAML-00159122,ACH,0
IBMAML-00159126,Cheque,0
IBMAML-00159127,Credit Card,0
IBMAML-00159133,Cheque,0
IBMAML-00159134,Credit Card,0
IBMAML-00159136,Cheque,0
IBMAML-00159137,Credit Card,0
IBMAML-00159138,Reinvestment,0
IBMAML-00159142,Reinvestment,0
IBMAML-00159210,Reinvestment,0
IBMAML-00159233,Cheque,0
IBMAML-00159262,Reinvestment,0
IBMAML-00159285,Reinvestment,0
IBMAML-00159288,Reinvestment,0
IBMAML-00159304,Cheque,0
IBMAML-00159402,Reinvestment,0
IBMAML-00159403,Cheque,0
IBMAML-00159404,Reinvestment,0
IBMAML-00159405,Reinvestment,0
IBMAML-00159446,Credit Card,0
IBMAML-00159461,Credit Card,0
IBMAML-00159496,Reinvestment,0
IBMAML-00159505,Reinvestment,0
IBMAML-00159571,Reinvestment,0
IBMAML-00159606,Cheque,0
IBMAML-00159607,Credit Card,0
IBMAML-00159631,Cheque,0
IBMAML-00159690,Reinvestment,0
IBMAML-00159747,Cheque,0
IBMAML-00159748,Credit Card,0
IBMAML-00159885,ACH,0
IBMAML-00159886,Reinvestment,0
IBMAML-00159946,Reinvestment,0
IBMAML-00159959,Reinvestment,0
IBMAML-00159984,Reinvestment,0
IBMAML-00160027,Cheque,0
IBMAML-00160071,Cheque,0
IBMAML-00160072,Credit Card,0
IBMAML-00160073,Cash,0
IBMAML-00160111,Cheque,0
IBMAML-00160112,Credit Card,0
IBMAML-00160113,Cash,0
IBMAML-00160117,Reinvestment,0
IBMAML-00160121,Cheque,0
IBMAML-00160124,Cheque,0
IBMAML-00160125,Cash,0
IBMAML-00160153,Credit Card,0
IBMAML-00160210,Cheque,0
IBMAML-00160211,Credit Card,0
IBMAML-00160212,Cash,0
IBMAML-00160213,ACH,0
IBMAML-00160214,Wire,0
IBMAML-00160223,Cheque,0
IBMAML-00160224,Credit Card,0
IBMAML-00160225,Cash,0
IBMAML-00160235,Reinvestment,0
IBMAML-00160307,Reinvestment,0
IBMAML-00160308,Reinvestment,0
IBMAML-00160317,Reinvestment,0
IBMAML-00160438,Cheque,0
IBMAML-00160439,Cash,0
IBMAML-00160440,Reinvestment,0
IBMAML-00160548,Reinvestment,0
IBMAML-00160549,Reinvestment,0
IBMAML-00160572,Reinvestment,0
IBMAML-00160627,Reinvestment,0
IBMAML-00160629,ACH,0
IBMAML-00160648,ACH,0
IBMAML-00160652,Reinvestment,0
IBMAML-00160728,Cheque,0
IBMAML-00160729,Cash,0
IBMAML-00160765,Reinvestment,0
IBMAML-00160841,Reinvestment,0
IBMAML-00160864,Cheque,0
IBMAML-00160865,Credit Card,0
IBMAML-00160920,Cheque,0
IBMAML-00161005,Reinvestment,0
IBMAML-00161008,Reinvestment,0
IBMAML-00161041,Reinvestment,0
IBMAML-00161059,Cheque,0
IBMAML-00161060,Credit Card,0
IBMAML-00161084,Cheque,0
IBMAML-00161085,Credit Card,0
IBMAML-00161174,Reinvestment,0
IBMAML-00161204,Cheque,0
IBMAML-00161205,Credit Card,0
IBMAML-00161206,Cash,0
IBMAML-00161248,Cheque,0
IBMAML-00161249,Credit Card,0
IBMAML-00161250,Cash,0
IBMAML-00161353,Credit Card,0
IBMAML-00161437,Cheque,0
IBMAML-00161438,Cash,0
IBMAML-00161453,Reinvestment,0
IBMAML-00161463,Reinvestment,0
IBMAML-00161478,Cheque,0
IBMAML-00161494,Cheque,0
IBMAML-00161495,Credit Card,0
IBMAML-00161516,Reinvestment,0
IBMAML-00161762,Reinvestment,0
IBMAML-00161939,Reinvestment,0
IBMAML-00161940,Reinvestment,0
IBMAML-00161957,Credit Card,0
IBMAML-00161985,Reinvestment,0
IBMAML-00161986,Reinvestment,0
IBMAML-00161995,Reinvestment,0
IBMAML-00162062,Cheque,0
IBMAML-00162063,Cash,0
IBMAML-00162224,Cheque,0
IBMAML-00162225,Credit Card,0
IBMAML-00162226,ACH,0
IBMAML-00162227,Wire,0
IBMAML-00162228,Reinvestment,0
IBMAML-00162339,Cheque,0
IBMAML-00162340,Credit Card,0
IBMAML-00162379,Reinvestment,0
IBMAML-00162384,Reinvestment,0
IBMAML-00162386,Credit Card,0
IBMAML-00162418,Cheque,0
IBMAML-00162419,Credit Card,0
IBMAML-00162420,Cash,0
IBMAML-00162441,Cheque,0
IBMAML-00162442,Credit Card,0
IBMAML-00162443,Cash,0
IBMAML-00162444,ACH,0
IBMAML-00162463,Reinvestment,0
IBMAML-00162511,Cheque,0
IBMAML-00162512,Credit Card,0
IBMAML-00162513,Cash,0
IBMAML-00162540,Cheque,0
IBMAML-00162541,Credit Card,0
IBMAML-00162542,Cash,0
IBMAML-00162632,Cheque,0
IBMAML-00162633,Cheque,0
IBMAML-00162634,ACH,0
IBMAML-00162671,Cheque,0
IBMAML-00162672,Credit Card,0
IBMAML-00162912,Reinvestment,0
IBMAML-00162918,Cheque,0
IBMAML-00162919,Credit Card,0
IBMAML-00162920,Cash,0
IBMAML-00163059,Cheque,0
IBMAML-00163061,Cheque,0
IBMAML-00163062,Credit Card,0
IBMAML-00163063,Cash,0
IBMAML-00163068,Cheque,0
IBMAML-00163069,Credit Card,0
IBMAML-00163070,Cash,0
IBMAML-00163151,Reinvestment,0
IBMAML-00163180,Reinvestment,0
IBMAML-00163267,Reinvestment,0
IBMAML-00163270,Reinvestment,0
IBMAML-00163280,Credit Card,0
IBMAML-00163281,Cash,0
IBMAML-00163309,Reinvestment,0
IBMAML-00163310,Reinvestment,0
IBMAML-00163468,Reinvestment,0
IBMAML-00163668,Cheque,0
IBMAML-00163747,Cheque,0
IBMAML-00163748,Credit Card,0
IBMAML-00163749,Cash,0
IBMAML-00163843,Cheque,0
IBMAML-00163844,Cash,0
IBMAML-00163950,Reinvestment,0
IBMAML-00163955,Reinvestment,0
IBMAML-00163963,Reinvestment,0
IBMAML-00163964,Reinvestment,0
IBMAML-00164042,Cheque,0
IBMAML-00164068,Credit Card,0
IBMAML-00164069,Credit Card,0
IBMAML-00164076,Reinvestment,0
IBMAML-00164084,Reinvestment,0
IBMAML-00164116,Cheque,0
IBMAML-00164123,Reinvestment,0
IBMAML-00164146,Reinvestment,0
IBMAML-00164406,Reinvestment,0
IBMAML-00164488,Cheque,0
IBMAML-00164489,Credit Card,0
IBMAML-00164526,Reinvestment,0
IBMAML-00164620,Reinvestment,0
IBMAML-00164623,Reinvestment,0
IBMAML-00164631,Cheque,0
IBMAML-00164632,Credit Card,0
IBMAML-00164633,Cash,0
IBMAML-00164669,Reinvestment,0
IBMAML-00164749,Cheque,0
IBMAML-00164791,Cheque,0
IBMAML-00164792,Credit Card,0
IBMAML-00164843,Cheque,0
IBMAML-00164844,Credit Card,0
IBMAML-00164845,Cash,0
IBMAML-00164927,Reinvestment,0
IBMAML-00164930,Reinvestment,0
IBMAML-00164933,ACH,0
IBMAML-00164937,Reinvestment,0
IBMAML-00164938,Reinvestment,0
IBMAML-00164970,Cheque,0
IBMAML-00164971,Credit Card,0
IBMAML-00164972,Cash,0
IBMAML-00164977,Cheque,0
IBMAML-00165187,Cheque,0
IBMAML-00165189,Credit Card,0
IBMAML-00165190,Reinvestment,0
IBMAML-00165310,Reinvestment,0
IBMAML-00165388,Reinvestment,0
IBMAML-00165527,Reinvestment,0
IBMAML-00165535,Reinvestment,0
IBMAML-00165596,ACH,0
IBMAML-00165634,Reinvestment,0
IBMAML-00165637,Reinvestment,0
IBMAML-00165638,Reinvestment,0
IBMAML-00165659,Credit Card,0
IBMAML-00165740,Cheque,0
IBMAML-00165741,Credit Card,0
IBMAML-00165742,Cash,0
IBMAML-00165755,Cheque,0
IBMAML-00165756,Credit Card,0
IBMAML-00165757,Cash,0
IBMAML-00165759,Cheque,0
IBMAML-00165760,Cash,0
IBMAML-00165839,Reinvestment,0
IBMAML-00165884,Reinvestment,0
IBMAML-00165895,Reinvestment,0
IBMAML-00165896,Cheque,0
IBMAML-00165897,Credit Card,0
IBMAML-00165898,Cash,0
IBMAML-00165899,Reinvestment,0
IBMAML-00165964,Reinvestment,0
IBMAML-00165965,Reinvestment,0
IBMAML-00166048,Cheque,0
IBMAML-00166120,ACH,0
IBMAML-00166125,Reinvestment,0
IBMAML-00166170,Cheque,0
IBMAML-00166204,Cheque,0
IBMAML-00166205,Credit Card,0
IBMAML-00166250,Reinvestment,0
IBMAML-00166251,Reinvestment,0
IBMAML-00166278,Reinvestment,0
IBMAML-00166294,Reinvestment,0
IBMAML-00166421,Cheque,0
IBMAML-00166422,Credit Card,0
IBMAML-00166430,Cheque,0
IBMAML-00166431,Cash,0
IBMAML-00166434,Cheque,0
IBMAML-00166435,Credit Card,0
IBMAML-00166443,Credit Card,0
IBMAML-00166453,Cheque,0
IBMAML-00166454,Cash,0
IBMAML-00166608,Cheque,0
IBMAML-00166612,Reinvestment,0
IBMAML-00166617,Reinvestment,0
IBMAML-00166618,Cheque,0
IBMAML-00166624,Cheque,0
IBMAML-00166644,Cheque,0
IBMAML-00166645,Credit Card,0
IBMAML-00166646,Cash,0
IBMAML-00166664,Cheque,0
IBMAML-00166665,Credit Card,0
IBMAML-00166666,Cash,0
IBMAML-00166704,Cheque,0
IBMAML-00166705,Credit Card,0
IBMAML-00166748,Cheque,0
IBMAML-00166749,Credit Card,0
IBMAML-00166750,Cash,0
IBMAML-00166758,Reinvestment,0
IBMAML-00166773,Cheque,0
IBMAML-00166870,Cheque,0
IBMAML-00166871,Credit Card,0
IBMAML-00166872,Cash,0
IBMAML-00166885,Reinvestment,0
IBMAML-00166944,Cheque,0
IBMAML-00166945,Credit Card,0
IBMAML-00166946,Cash,0
IBMAML-00166948,Reinvestment,0
IBMAML-00166972,Reinvestment,0
IBMAML-00166973,Reinvestment,0
IBMAML-00166977,Reinvestment,0
IBMAML-00166979,Cheque,0
IBMAML-00166980,Credit Card,0
IBMAML-00166999,Reinvestment,0
IBMAML-00167012,Reinvestment,0
IBMAML-00167023,Cheque,0
IBMAML-00167024,Cash,0
IBMAML-00167060,Cheque,0
IBMAML-00167061,Credit Card,0
IBMAML-00167062,ACH,0
IBMAML-00167064,Cheque,0
IBMAML-00167065,Credit Card,0
IBMAML-00167216,Cheque,0
IBMAML-00167217,Credit Card,0
IBMAML-00167218,Cash,0
IBMAML-00167366,Cheque,0
IBMAML-00167367,Credit Card,0
IBMAML-00167371,Reinvestment,0
IBMAML-00167458,Cheque,0
IBMAML-00167490,Reinvestment,0
IBMAML-00167500,Reinvestment,0
IBMAML-00167501,Reinvestment,0
IBMAML-00167525,Cheque,0
IBMAML-00167526,Credit Card,0
IBMAML-00167555,Cheque,0
IBMAML-00167614,Cheque,0
IBMAML-00167615,Credit Card,0
IBMAML-00167637,Cheque,0
IBMAML-00167638,Credit Card,0
IBMAML-00167639,Cash,0
IBMAML-00167658,Cheque,0
IBMAML-00167659,Cash,0
IBMAML-00167666,Cheque,0
IBMAML-00167667,Credit Card,0
IBMAML-00167668,Cash,0
IBMAML-00167735,Cheque,0
IBMAML-00167752,Reinvestment,0
IBMAML-00167997,Cash,0
IBMAML-00168197,Cheque,0
IBMAML-00168198,Credit Card,0
IBMAML-00168199,Cash,0
IBMAML-00168200,ACH,0
IBMAML-00168233,Cheque,0
IBMAML-00168234,ACH,0
IBMAML-00168235,Wire,0
IBMAML-00168260,Cash,0
IBMAML-00168274,Reinvestment,0
IBMAML-00168276,Reinvestment,0
IBMAML-00168311,Cheque,0
IBMAML-00168361,Cheque,0
IBMAML-00168362,Credit Card,0
IBMAML-00168409,Cheque,0
IBMAML-00168410,Cash,0
IBMAML-00168492,Cheque,0
IBMAML-00168493,Cash,0
IBMAML-00168503,Reinvestment,0
IBMAML-00168556,Reinvestment,0
IBMAML-00168566,Reinvestment,0
IBMAML-00168576,Cheque,0
IBMAML-00168669,Reinvestment,0
IBMAML-00168706,Reinvestment,0
IBMAML-00168741,Reinvestment,0
IBMAML-00168742,Reinvestment,0
IBMAML-00168769,Reinvestment,0
IBMAML-00168825,Cheque,0
IBMAML-00168826,Credit Card,0
IBMAML-00168827,Cash,0
IBMAML-00169059,Reinvestment,0
IBMAML-00169232,Cheque,0
IBMAML-00169233,Credit Card,0
IBMAML-00169234,Cash,0
IBMAML-00169289,Cheque,0
IBMAML-00169290,Cash,0
IBMAML-00169470,Cheque,0
IBMAML-00169471,Credit Card,0
IBMAML-00169490,Reinvestment,0
IBMAML-00169516,Cheque,0
IBMAML-00169517,Credit Card,0
IBMAML-00169518,Cash,0
IBMAML-00169561,Reinvestment,0
IBMAML-00169580,Cheque,0
IBMAML-00169581,Credit Card,0
IBMAML-00169582,Cash,0
IBMAML-00169611,Cheque,0
IBMAML-00169612,Credit Card,0
IBMAML-00169613,Cash,0
IBMAML-00169714,Reinvestment,0
IBMAML-00169736,Cheque,0
IBMAML-00169737,Credit Card,0
IBMAML-00169739,Reinvestment,0
IBMAML-00169758,Reinvestment,0
IBMAML-00169766,Cheque,0
IBMAML-00169770,Reinvestment,0
IBMAML-00169829,Cheque,0
IBMAML-00169866,Reinvestment,0
IBMAML-00169904,Cheque,0
IBMAML-00169907,Reinvestment,0
IBMAML-00169959,Reinvestment,0
IBMAML-00170012,Reinvestment,0
IBMAML-00170013,Reinvestment,0
IBMAML-00170021,Cheque,0
IBMAML-00170023,Reinvestment,0
IBMAML-00170025,Cheque,0
IBMAML-00170026,Reinvestment,0
IBMAML-00170131,Cheque,0
IBMAML-00170132,Credit Card,0
IBMAML-00170133,Cash,0
IBMAML-00170156,Cheque,0
IBMAML-00170157,Credit Card,0
IBMAML-00170215,Cheque,0
IBMAML-00170216,Credit Card,0
IBMAML-00170217,Cash,0
IBMAML-00170270,Cheque,0
IBMAML-00170340,Cheque,0
IBMAML-00170351,Cheque,0
IBMAML-00170352,Credit Card,0
IBMAML-00170353,Cash,0
IBMAML-00170467,Reinvestment,0
IBMAML-00170594,Cheque,0
IBMAML-00170595,Credit Card,0
IBMAML-00170596,Cash,0
IBMAML-00170654,Reinvestment,0
IBMAML-00170670,Credit Card,0
IBMAML-00170700,Cheque,0
IBMAML-00170701,Credit Card,0
IBMAML-00170702,Cheque,0
IBMAML-00170703,Credit Card,0
IBMAML-00170743,Reinvestment,0
IBMAML-00170746,Reinvestment,0
IBMAML-00170827,Reinvestment,0
IBMAML-00170829,Reinvestment,0
IBMAML-00170830,Reinvestment,0
IBMAML-00170836,Cheque,0
IBMAML-00170837,Credit Card,0
IBMAML-00170838,Cash,0
IBMAML-00170908,Reinvestment,0
IBMAML-00170974,Cheque,0
IBMAML-00170975,Credit Card,0
IBMAML-00170976,Cash,0
IBMAML-00171062,Cheque,0
IBMAML-00171076,Reinvestment,0
IBMAML-00171081,Reinvestment,0
IBMAML-00171082,Cheque,0
IBMAML-00171083,Credit Card,0
IBMAML-00171322,Cheque,0
IBMAML-00171323,Credit Card,0
IBMAML-00171326,Cheque,0
IBMAML-00171327,Credit Card,0
IBMAML-00171359,Cheque,0
IBMAML-00171360,Credit Card,0
IBMAML-00171361,Cash,0
IBMAML-00171424,Reinvestment,0
IBMAML-00171518,Reinvestment,0
IBMAML-00171575,Cheque,0
IBMAML-00171576,Credit Card,0
IBMAML-00171577,Cash,0
IBMAML-00171591,Cheque,0
IBMAML-00171592,Reinvestment,0
IBMAML-00171593,ACH,0
IBMAML-00171680,Cheque,0
IBMAML-00171688,Cheque,0
IBMAML-00171713,Cheque,0
IBMAML-00171714,Credit Card,0
IBMAML-00171720,Cheque,0
IBMAML-00171721,Credit Card,0
IBMAML-00171722,ACH,0
IBMAML-00171723,Wire,0
IBMAML-00171725,Reinvestment,0
IBMAML-00171731,Cheque,0
IBMAML-00171809,Cheque,0
IBMAML-00171810,Credit Card,0
IBMAML-00171811,Cash,0
IBMAML-00171828,Cheque,0
IBMAML-00171829,Credit Card,0
IBMAML-00171830,Cash,0
IBMAML-00171885,Credit Card,0
IBMAML-00171933,Credit Card,0
IBMAML-00171976,Cheque,0
IBMAML-00171977,Cash,0
IBMAML-00172033,Cheque,0
IBMAML-00172034,Credit Card,0
IBMAML-00172042,Cheque,0
IBMAML-00172043,Credit Card,0
IBMAML-00172044,Cash,0
IBMAML-00172123,Credit Card,0
IBMAML-00172124,Cash,0
IBMAML-00172244,Reinvestment,0
IBMAML-00172352,Reinvestment,0
IBMAML-00172359,Reinvestment,0
IBMAML-00172372,Reinvestment,0
IBMAML-00172435,Reinvestment,0
IBMAML-00172436,Reinvestment,0
IBMAML-00172448,Reinvestment,0
IBMAML-00172501,Cheque,0
IBMAML-00172502,Cash,0
IBMAML-00172511,Cheque,0
IBMAML-00172555,Cheque,0
IBMAML-00172585,Reinvestment,0
IBMAML-00172586,Reinvestment,0
IBMAML-00172603,Reinvestment,0
IBMAML-00172604,Reinvestment,0
IBMAML-00172649,Cheque,0
IBMAML-00172650,Credit Card,0
IBMAML-00172651,Cash,0
IBMAML-00172662,Cheque,0
IBMAML-00172663,Cash,0
IBMAML-00172708,Cheque,0
IBMAML-00172709,Credit Card,0
IBMAML-00172775,Cheque,0
IBMAML-00172776,Cash,0
IBMAML-00172804,Cheque,0
IBMAML-00172805,Credit Card,0
IBMAML-00172806,ACH,0
IBMAML-00172819,Reinvestment,0
IBMAML-00172872,Cheque,0
IBMAML-00172873,Credit Card,0
IBMAML-00172874,Cash,0
IBMAML-00172897,Cheque,0
IBMAML-00172898,Credit Card,0
IBMAML-00172899,Cash,0
IBMAML-00172916,Credit Card,0
IBMAML-00172922,Cheque,0
IBMAML-00172923,Cash,0
IBMAML-00172930,Reinvestment,0
IBMAML-00172939,Cheque,0
IBMAML-00172940,Credit Card,0
IBMAML-00172941,Cash,0
IBMAML-00172965,Reinvestment,0
IBMAML-00173027,Reinvestment,0
IBMAML-00173041,Cheque,0
IBMAML-00173042,Credit Card,0
IBMAML-00173043,Cash,0
IBMAML-00173153,Cheque,0
IBMAML-00173154,Credit Card,0
IBMAML-00173155,Cash,0
IBMAML-00173156,Cheque,0
IBMAML-00173157,Cash,0
IBMAML-00173160,Cheque,0
IBMAML-00173284,ACH,0
IBMAML-00173312,Cheque,0
IBMAML-00173313,Cash,0
IBMAML-00173436,Reinvestment,0
IBMAML-00173497,Reinvestment,0
IBMAML-00173498,Cheque,0
IBMAML-00173499,Credit Card,0
IBMAML-00173523,Reinvestment,0
IBMAML-00173535,Reinvestment,0
IBMAML-00173583,Credit Card,0
IBMAML-00173592,Cheque,0
IBMAML-00173681,Cheque,0
IBMAML-00173682,Cash,0
IBMAML-00173708,Reinvestment,0
IBMAML-00173709,Reinvestment,0
IBMAML-00173734,Credit Card,0
IBMAML-00173787,Cheque,0
IBMAML-00173788,Credit Card,0
IBMAML-00173789,Cash,0
IBMAML-00173846,Reinvestment,0
IBMAML-00173849,Cheque,0
IBMAML-00173852,Reinvestment,0
IBMAML-00173960,Reinvestment,0
IBMAML-00173981,Reinvestment,0
IBMAML-00173998,Cheque,0
IBMAML-00173999,Credit Card,0
IBMAML-00174089,Cheque,0
IBMAML-00174090,Credit Card,0
IBMAML-00174091,Cash,0
IBMAML-00174106,Cheque,0
IBMAML-00174107,Cash,0
IBMAML-00174218,Cheque,0
IBMAML-00174219,Credit Card,0
IBMAML-00174220,Credit Card,0
IBMAML-00174221,Cash,0
IBMAML-00174237,Cheque,0
IBMAML-00174238,Credit Card,0
IBMAML-00174239,Cash,0
IBMAML-00174340,Reinvestment,0
IBMAML-00174344,Reinvestment,0
IBMAML-00174431,Cheque,0
IBMAML-00174442,Cheque,0
IBMAML-00174443,Credit Card,0
IBMAML-00174444,Cash,0
IBMAML-00174448,Cheque,0
IBMAML-00174449,Cash,0
IBMAML-00174450,Reinvestment,0
IBMAML-00174464,Cheque,0
IBMAML-00174530,Reinvestment,0
IBMAML-00174540,Reinvestment,0
IBMAML-00174543,Cheque,0
IBMAML-00174544,Cash,0
IBMAML-00174545,Reinvestment,0
IBMAML-00174639,Cheque,0
IBMAML-00174640,Credit Card,0
IBMAML-00174689,Reinvestment,0
IBMAML-00174690,Cheque,0
IBMAML-00174691,Credit Card,0
IBMAML-00174706,Cheque,0
IBMAML-00174707,Cash,0
IBMAML-00174710,Reinvestment,0
IBMAML-00174734,Cheque,0
IBMAML-00174735,Credit Card,0
IBMAML-00174736,Cash,0
IBMAML-00174746,Cheque,0
IBMAML-00174769,Reinvestment,0
IBMAML-00174789,Reinvestment,0
IBMAML-00174825,Cheque,0
IBMAML-00174826,Cash,0
IBMAML-00174867,Reinvestment,0
IBMAML-00174962,Reinvestment,0
IBMAML-00174964,Reinvestment,0
IBMAML-00174975,Cheque,0
IBMAML-00174976,Credit Card,0
IBMAML-00175061,Cheque,0
IBMAML-00175062,Cash,0
IBMAML-00175166,Cheque,0
IBMAML-00175167,Credit Card,0
IBMAML-00175170,Cheque,0
IBMAML-00175171,Cash,1
IBMAML-00175256,Reinvestment,0
IBMAML-00175321,Cheque,0
IBMAML-00175324,Reinvestment,0
IBMAML-00175371,Cheque,0
IBMAML-00175372,ACH,0
IBMAML-00175520,Cheque,0
IBMAML-00175578,Cheque,0
IBMAML-00175579,Credit Card,0
IBMAML-00175580,Cash,0
IBMAML-00175618,Reinvestment,0
IBMAML-00175619,Reinvestment,0
IBMAML-00175647,Credit Card,0
IBMAML-00175656,Cheque,0
IBMAML-00175657,Credit Card,0
IBMAML-00175658,Cash,0
IBMAML-00175704,Reinvestment,0
IBMAML-00175758,Credit Card,0
IBMAML-00175819,Cheque,0
IBMAML-00175862,Cheque,0
IBMAML-00175876,Reinvestment,0
IBMAML-00175949,Credit Card,0
IBMAML-00176017,Cheque,0
IBMAML-00176018,Cash,0
IBMAML-00176209,Reinvestment,0
IBMAML-00176210,Reinvestment,0
IBMAML-00176216,Cheque,0
IBMAML-00176217,Credit Card,0
IBMAML-00176218,ACH,0
IBMAML-00176219,Reinvestment,0
IBMAML-00176224,Credit Card,0
IBMAML-00176241,Reinvestment,0
IBMAML-00176242,Reinvestment,0
IBMAML-00176307,Reinvestment,0
IBMAML-00176308,Cheque,0
IBMAML-00176309,Credit Card,0
IBMAML-00176317,Cheque,0
IBMAML-00176338,Cheque,0
IBMAML-00176339,Cash,0
IBMAML-00176353,Reinvestment,0
IBMAML-00176375,Reinvestment,0
IBMAML-00176486,Reinvestment,0
IBMAML-00176487,Cheque,0
IBMAML-00176488,Credit Card,0
IBMAML-00176489,Reinvestment,0
IBMAML-00176534,Cheque,0
IBMAML-00176535,Credit Card,0
IBMAML-00176536,Cash,0
IBMAML-00176597,Cheque,0
IBMAML-00176598,Credit Card,0
IBMAML-00176603,Cheque,0
IBMAML-00176606,Reinvestment,0
IBMAML-00176615,Reinvestment,0
IBMAML-00176660,Cheque,0
IBMAML-00176661,Credit Card,0
IBMAML-00176683,Reinvestment,0
IBMAML-00176796,Cheque,0
IBMAML-00176797,Credit Card,0
IBMAML-00176798,Cash,0
IBMAML-00176900,Cheque,0
IBMAML-00176906,Reinvestment,0
IBMAML-00176920,ACH,0
IBMAML-00176961,Reinvestment,0
IBMAML-00176978,Reinvestment,0
IBMAML-00176996,Cheque,0
IBMAML-00176997,Credit Card,0
IBMAML-00176998,Cash,0
IBMAML-00177026,Cheque,0
IBMAML-00177027,Credit Card,0
IBMAML-00177028,Cash,0
IBMAML-00177042,Reinvestment,0
IBMAML-00177116,Cheque,0
IBMAML-00177117,Credit Card,0
IBMAML-00177118,Cash,0
IBMAML-00177162,Credit Card,0
IBMAML-00177185,Cheque,0
IBMAML-00177186,Credit Card,0
IBMAML-00177385,Reinvestment,0
IBMAML-00177486,Cheque,0
IBMAML-00177487,Credit Card,0
IBMAML-00177498,Cheque,0
IBMAML-00177499,Credit Card,0
IBMAML-00177508,Reinvestment,0
IBMAML-00177521,Cheque,0
IBMAML-00177522,Credit Card,0
IBMAML-00177523,Cash,0
IBMAML-00177534,Cheque,0
IBMAML-00177535,Credit Card,0
IBMAML-00177555,Cheque,0
IBMAML-00177556,Credit Card,0
IBMAML-00177557,Cash,0
IBMAML-00177641,Credit Card,0
IBMAML-00177803,Credit Card,0
IBMAML-00177810,Cheque,0
IBMAML-00177903,Cheque,0
IBMAML-00177904,Credit Card,0
IBMAML-00177988,Cheque,0
IBMAML-00177989,Cash,0
IBMAML-00178067,Cheque,0
IBMAML-00178068,Credit Card,0
IBMAML-00178078,Reinvestment,0
IBMAML-00178177,Credit Card,0
IBMAML-00178178,Cash,0
IBMAML-00178246,Cheque,0
IBMAML-00178247,Cash,0
IBMAML-00178250,Cheque,0
IBMAML-00178251,Credit Card,0
IBMAML-00178252,Cash,0
IBMAML-00178261,Cheque,0
IBMAML-00178262,Credit Card,0
IBMAML-00178400,Cheque,0
IBMAML-00178401,Credit Card,0
IBMAML-00178493,Reinvestment,0
IBMAML-00178498,Reinvestment,0
IBMAML-00178581,Reinvestment,0
IBMAML-00178590,Reinvestment,0
IBMAML-00178620,Cheque,0
IBMAML-00178672,Reinvestment,0
IBMAML-00178691,Cheque,0
IBMAML-00178692,Cash,0
IBMAML-00178872,Reinvestment,0
IBMAML-00178927,Cheque,0
IBMAML-00178968,Cheque,0
IBMAML-00178969,Credit Card,0
IBMAML-00178984,Reinvestment,0
IBMAML-00178985,Reinvestment,0
IBMAML-00178993,ACH,0
IBMAML-00179058,Credit Card,0
IBMAML-00179105,Cheque,0
IBMAML-00179109,Cheque,0
IBMAML-00179110,Credit Card,0
IBMAML-00179111,ACH,0
IBMAML-00179185,Cheque,0
IBMAML-00179186,Credit Card,0
IBMAML-00179187,ACH,0
IBMAML-00179201,Reinvestment,0
IBMAML-00179202,Cheque,0
IBMAML-00179221,Reinvestment,0
IBMAML-00179231,Cheque,0
IBMAML-00179273,Reinvestment,0
IBMAML-00179275,Reinvestment,0
IBMAML-00179351,Cheque,0
IBMAML-00179352,Cash,0
IBMAML-00179353,Wire,0
IBMAML-00179370,Cheque,0
IBMAML-00179371,Credit Card,0
IBMAML-00179372,Cash,0
IBMAML-00179436,Cheque,0
IBMAML-00179443,Cheque,0
IBMAML-00179444,Cash,0
IBMAML-00179473,Cheque,0
IBMAML-00179474,Credit Card,0
IBMAML-00179475,Cash,0
IBMAML-00179492,Reinvestment,0
IBMAML-00179501,Cheque,0
IBMAML-00179502,Credit Card,0
IBMAML-00179503,ACH,0
IBMAML-00179504,Reinvestment,0
IBMAML-00179689,Cheque,0
IBMAML-00179690,Credit Card,0
IBMAML-00179691,Cash,0
IBMAML-00179700,Cheque,0
IBMAML-00179701,Cash,0
IBMAML-00179707,Reinvestment,0
IBMAML-00179737,Reinvestment,0
IBMAML-00179741,Reinvestment,0
IBMAML-00179762,Cheque,0
IBMAML-00179764,Cheque,0
IBMAML-00179765,Cash,0
IBMAML-00180034,Cheque,0
IBMAML-00180035,Credit Card,0
IBMAML-00180036,Reinvestment,0
IBMAML-00180080,Reinvestment,0
IBMAML-00180081,Cheque,0
IBMAML-00180136,Reinvestment,0
IBMAML-00180182,Cheque,0
IBMAML-00180183,Credit Card,0
IBMAML-00180215,Reinvestment,0
IBMAML-00180217,Reinvestment,0
IBMAML-00180234,Reinvestment,0
IBMAML-00180254,Credit Card,0
IBMAML-00180255,Cash,0
IBMAML-00180262,Credit Card,0
IBMAML-00180308,Cheque,0
IBMAML-00180309,Credit Card,0
IBMAML-00180310,Cash,0
IBMAML-00180369,Reinvestment,0
IBMAML-00180384,Cheque,0
IBMAML-00180484,Reinvestment,0
IBMAML-00180734,Cheque,0
IBMAML-00180735,Credit Card,0
IBMAML-00180736,Cash,0
IBMAML-00180740,Cheque,0
IBMAML-00180741,Cash,0
IBMAML-00180753,Cheque,0
IBMAML-00180754,Credit Card,0
IBMAML-00180776,Cheque,0
IBMAML-00180777,Cash,0
IBMAML-00180931,Reinvestment,0
IBMAML-00181014,Reinvestment,0
IBMAML-00181028,Cheque,0
IBMAML-00181029,Cash,0
IBMAML-00181046,Cheque,0
IBMAML-00181047,Credit Card,0
IBMAML-00181048,ACH,0
IBMAML-00181050,Cheque,0
IBMAML-00181051,ACH,0
IBMAML-00181219,Reinvestment,0
IBMAML-00181220,Reinvestment,0
IBMAML-00181285,Cheque,0
IBMAML-00181286,Credit Card,0
IBMAML-00181287,Cash,0
IBMAML-00181345,Cheque,0
IBMAML-00181346,Credit Card,0
IBMAML-00181350,Cheque,0
IBMAML-00181352,Cheque,0
IBMAML-00181353,Credit Card,0
IBMAML-00181368,Cheque,0
IBMAML-00181659,Reinvestment,0
IBMAML-00181694,Reinvestment,0
IBMAML-00181704,Credit Card,0
IBMAML-00181707,Reinvestment,0
IBMAML-00181736,Cheque,0
IBMAML-00181737,Credit Card,0
IBMAML-00181738,ACH,0
IBMAML-00181773,Cheque,0
IBMAML-00181774,Cash,0
IBMAML-00181862,Cheque,0
IBMAML-00181863,Credit Card,0
IBMAML-00181864,Cash,0
IBMAML-00181865,ACH,0
IBMAML-00181866,Wire,0
IBMAML-00181899,Cheque,0
IBMAML-00181900,Credit Card,0
IBMAML-00182089,Cheque,0
IBMAML-00182090,Credit Card,0
IBMAML-00182091,Cash,0
IBMAML-00182207,Reinvestment,0
IBMAML-00182214,Reinvestment,0
IBMAML-00182258,Cheque,0
IBMAML-00182332,Cheque,0
IBMAML-00182333,Credit Card,0
IBMAML-00182363,Reinvestment,0
IBMAML-00182424,Cheque,0
IBMAML-00182425,Credit Card,0
IBMAML-00182426,Cash,0
IBMAML-00182473,Reinvestment,0
IBMAML-00182475,Reinvestment,0
IBMAML-00182616,Reinvestment,0
IBMAML-00182647,Reinvestment,0
IBMAML-00182691,Cheque,0
IBMAML-00182692,Cash,0
IBMAML-00182765,Cheque,0
IBMAML-00182766,Credit Card,0
IBMAML-00182767,Cash,0
IBMAML-00182805,Cheque,0
IBMAML-00182806,Credit Card,0
IBMAML-00182807,Cash,0
IBMAML-00182826,Cheque,0
IBMAML-00182827,Credit Card,0
IBMAML-00182881,Cheque,0
IBMAML-00182916,Cheque,0
IBMAML-00182927,Reinvestment,0
IBMAML-00182936,Reinvestment,0
IBMAML-00182937,Reinvestment,0
IBMAML-00182938,Reinvestment,0
IBMAML-00182962,Cheque,0
IBMAML-00182963,Credit Card,0
IBMAML-00182964,Cash,0
IBMAML-00182983,Reinvestment,0
IBMAML-00182985,Reinvestment,0
IBMAML-00182990,Cheque,0
IBMAML-00182991,Credit Card,0
IBMAML-00182992,Cash,0
IBMAML-00183009,Cheque,0
IBMAML-00183010,Credit Card,0
IBMAML-00183012,Reinvestment,0
IBMAML-00183014,Reinvestment,0
IBMAML-00183015,Reinvestment,0
IBMAML-00183016,Reinvestment,0
IBMAML-00183119,Cheque,0
IBMAML-00183120,Credit Card,0
IBMAML-00183121,Cash,0
IBMAML-00183126,Reinvestment,0
IBMAML-00183177,Reinvestment,0
IBMAML-00183260,Credit Card,0
IBMAML-00183286,Reinvestment,0
IBMAML-00183419,Cheque,0
IBMAML-00183420,Credit Card,0
IBMAML-00183421,Cash,0
IBMAML-00183426,Cheque,0
IBMAML-00183427,Credit Card,0
IBMAML-00183428,Cash,0
IBMAML-00183482,Cheque,0
IBMAML-00183483,Credit Card,0
IBMAML-00183583,Reinvestment,0
IBMAML-00183624,Credit Card,0
IBMAML-00183648,Reinvestment,0
IBMAML-00183649,Reinvestment,0
IBMAML-00183650,Reinvestment,0
IBMAML-00183781,Reinvestment,0
IBMAML-00183786,Reinvestment,0
IBMAML-00183788,Reinvestment,0
IBMAML-00183789,Reinvestment,0
IBMAML-00183795,Cheque,0
IBMAML-00183796,Credit Card,0
IBMAML-00183797,Cash,0
IBMAML-00183811,Cheque,0
IBMAML-00183812,Credit Card,0
IBMAML-00183818,Reinvestment,0
IBMAML-00183921,Cheque,0
IBMAML-00183923,Cheque,0
IBMAML-00183924,Credit Card,0
IBMAML-00183925,Cash,0
IBMAML-00183997,Reinvestment,0
IBMAML-00184002,Cheque,0
IBMAML-00184003,Cash,0
IBMAML-00184031,Cheque,0
IBMAML-00184032,Cash,0
IBMAML-00184045,Reinvestment,0
IBMAML-00184096,Cheque,0
IBMAML-00184097,Credit Card,0
IBMAML-00184098,Cash,0
IBMAML-00184142,Cheque,0
IBMAML-00184143,Credit Card,0
IBMAML-00184144,Cash,0
IBMAML-00184181,Cheque,0
IBMAML-00184221,Reinvestment,0
IBMAML-00184222,Reinvestment,0
IBMAML-00184274,Reinvestment,0
IBMAML-00184307,Cheque,0
IBMAML-00184350,Reinvestment,0
IBMAML-00184351,ACH,0
IBMAML-00184352,Cheque,0
IBMAML-00184353,Credit Card,0
IBMAML-00184354,Wire,0
IBMAML-00184365,Cash,0
IBMAML-00184415,Cheque,0
IBMAML-00184583,Reinvestment,0
IBMAML-00184587,Cheque,0
IBMAML-00184588,Credit Card,0
IBMAML-00184589,Cash,0
IBMAML-00184613,Reinvestment,0
IBMAML-00184758,Cheque,0
IBMAML-00184800,Cheque,0
IBMAML-00184801,Cash,0
IBMAML-00184892,Cheque,0
IBMAML-00184893,Credit Card,0
IBMAML-00184894,Cash,0
IBMAML-00184905,Cheque,0
IBMAML-00184906,Credit Card,0
IBMAML-00184962,Reinvestment,0
IBMAML-00184975,Cheque,0
IBMAML-00184984,Cheque,0
IBMAML-00185038,Cheque,0
IBMAML-00185039,Credit Card,0
IBMAML-00185087,Reinvestment,0
IBMAML-00185126,Cheque,0
IBMAML-00185127,Credit Card,0
IBMAML-00185128,Cash,0
IBMAML-00185129,Wire,0
IBMAML-00185130,Reinvestment,0
IBMAML-00185139,Reinvestment,0
IBMAML-00185145,Cheque,0
IBMAML-00185172,ACH,0
IBMAML-00185185,Reinvestment,0
IBMAML-00185186,Reinvestment,0
IBMAML-00185260,Reinvestment,0
IBMAML-00185299,Cheque,0
IBMAML-00185300,Credit Card,0
IBMAML-00185301,Cash,0
IBMAML-00185332,Cheque,0
IBMAML-00185333,Credit Card,0
IBMAML-00185334,ACH,0
IBMAML-00185395,Reinvestment,0
IBMAML-00185450,Credit Card,0
IBMAML-00185538,Reinvestment,0
IBMAML-00185687,Cheque,0
IBMAML-00185688,Cash,0
IBMAML-00185706,Cheque,0
IBMAML-00185707,Credit Card,0
IBMAML-00185731,Cheque,0
IBMAML-00185732,Credit Card,0
IBMAML-00185733,Cash,0
IBMAML-00185827,Cheque,0
IBMAML-00185828,Cash,0
IBMAML-00185860,Cheque,0
IBMAML-00185861,ACH,0
IBMAML-00185991,Cheque,0
IBMAML-00185992,Credit Card,0
IBMAML-00186026,Cheque,0
IBMAML-00186027,Credit Card,0
IBMAML-00186028,Cash,0
IBMAML-00186145,Cheque,0
IBMAML-00186146,Credit Card,0
IBMAML-00186147,Cash,0
IBMAML-00186165,Cheque,0
IBMAML-00186166,Cash,0
IBMAML-00186169,Cheque,0
IBMAML-00186170,Credit Card,0
IBMAML-00186171,Cash,0
IBMAML-00186172,ACH,0
IBMAML-00186173,Reinvestment,0
IBMAML-00186216,Reinvestment,0
IBMAML-00186227,Cheque,0
IBMAML-00186322,Reinvestment,0
IBMAML-00186324,Reinvestment,0
IBMAML-00186347,Cheque,0
IBMAML-00186363,Cheque,0
IBMAML-00186364,Credit Card,0
IBMAML-00186438,Cheque,0
IBMAML-00186439,Credit Card,0
IBMAML-00186440,Cash,0
IBMAML-00186443,Reinvestment,0
IBMAML-00186444,Reinvestment,0
IBMAML-00186450,Reinvestment,0
IBMAML-00186456,Reinvestment,0
IBMAML-00186485,Reinvestment,0
IBMAML-00186623,Cheque,0
IBMAML-00186624,Credit Card,0
IBMAML-00186637,Reinvestment,0
IBMAML-00186879,Reinvestment,0
IBMAML-00186892,Cheque,0
IBMAML-00186893,Cash,0
IBMAML-00186908,Reinvestment,0
IBMAML-00186917,Reinvestment,0
IBMAML-00186934,Cheque,0
IBMAML-00186935,Credit Card,0
IBMAML-00186936,ACH,0
IBMAML-00186986,Cheque,0
IBMAML-00186987,Credit Card,0
IBMAML-00186988,Cash,0
IBMAML-00187059,Reinvestment,0
IBMAML-00187066,Reinvestment,0
IBMAML-00187090,Cheque,0
IBMAML-00187091,Credit Card,0
IBMAML-00187120,Reinvestment,0
IBMAML-00187170,Reinvestment,0
IBMAML-00187205,Cheque,0
IBMAML-00187206,Credit Card,0
IBMAML-00187207,Cash,0
IBMAML-00187209,Cheque,0
IBMAML-00187210,Credit Card,0
IBMAML-00187211,Cash,0
IBMAML-00187220,Cheque,0
IBMAML-00187221,Credit Card,0
IBMAML-00187222,Cash,0
IBMAML-00187321,Reinvestment,0
IBMAML-00187351,Reinvestment,0
IBMAML-00187403,Reinvestment,0
IBMAML-00187405,Reinvestment,0
IBMAML-00187406,Reinvestment,0
IBMAML-00187439,Cheque,0
IBMAML-00187440,Credit Card,0
IBMAML-00187441,Cash,0
IBMAML-00187543,Cheque,0
IBMAML-00187544,Credit Card,0
IBMAML-00187545,Cash,0
IBMAML-00187759,Reinvestment,0
IBMAML-00187761,Cheque,0
IBMAML-00187762,Credit Card,0
IBMAML-00187763,Cash,0
IBMAML-00187863,Credit Card,0
IBMAML-00188095,Credit Card,0
IBMAML-00188096,Cash,0
IBMAML-00188100,Cheque,0
IBMAML-00188112,Cheque,0
IBMAML-00188113,Credit Card,0
IBMAML-00188114,Cash,0
IBMAML-00188179,Cheque,0
IBMAML-00188180,Credit Card,0
IBMAML-00188181,Cash,0
IBMAML-00188192,Cheque,0
IBMAML-00188193,Credit Card,0
IBMAML-00188194,Cash,0
IBMAML-00188266,Reinvestment,0
IBMAML-00188408,Cheque,0
IBMAML-00188409,Credit Card,0
IBMAML-00188619,Cheque,0
IBMAML-00188620,Credit Card,0
IBMAML-00188621,Cash,0
IBMAML-00188821,Reinvestment,0
IBMAML-00188825,Reinvestment,0
IBMAML-00189174,Cheque,0
IBMAML-00189175,Credit Card,0
IBMAML-00189176,Cash,0
IBMAML-00189377,Cheque,0
IBMAML-00189378,Credit Card,0
IBMAML-00189488,Reinvestment,0
IBMAML-00189495,Reinvestment,0
IBMAML-00189582,Reinvestment,0
IBMAML-00189583,Reinvestment,0
IBMAML-00189717,Reinvestment,0
IBMAML-00189726,Credit Card,0
IBMAML-00189750,Cheque,0
IBMAML-00189751,Credit Card,0
IBMAML-00189765,Cheque,0
IBMAML-00189771,Credit Card,0
IBMAML-00189778,Cheque,0
IBMAML-00189779,Credit Card,0
IBMAML-00189866,ACH,0
IBMAML-00189867,Reinvestment,0
IBMAML-00189997,Cheque,0
IBMAML-00189998,Cash,0
IBMAML-00190036,Cheque,0
IBMAML-00190037,Cash,0
IBMAML-00190223,Cheque,0
IBMAML-00190224,Credit Card,0
IBMAML-00190299,Cheque,0
IBMAML-00190300,Cash,0
IBMAML-00190372,Reinvestment,0
IBMAML-00190591,Cheque,0
IBMAML-00190632,Cheque,0
IBMAML-00190644,Cheque,0
IBMAML-00190771,Cheque,0
IBMAML-00190772,Credit Card,0
IBMAML-00190794,Reinvestment,0
IBMAML-00190843,Cheque,0
IBMAML-00190844,Credit Card,0
IBMAML-00190860,Reinvestment,0
IBMAML-00190861,Cheque,0
IBMAML-00190862,Reinvestment,0
IBMAML-00190864,Cheque,0
IBMAML-00190865,Credit Card,0
IBMAML-00190866,Cash,0
IBMAML-00190927,Credit Card,0
IBMAML-00190957,Cheque,0
IBMAML-00190958,Credit Card,0
IBMAML-00190959,Cash,0
IBMAML-00191044,Cheque,0
IBMAML-00191045,Cash,0
IBMAML-00191046,ACH,0
IBMAML-00191073,Credit Card,0
IBMAML-00191078,Cheque,0
IBMAML-00191079,Credit Card,0
IBMAML-00191080,Cash,0
IBMAML-00191248,Reinvestment,0
IBMAML-00191387,Cheque,0
IBMAML-00191388,Cash,0
IBMAML-00191436,Cheque,0
IBMAML-00191437,Credit Card,0
IBMAML-00191438,Cash,0
IBMAML-00191509,Reinvestment,0
IBMAML-00191510,Cheque,0
IBMAML-00191511,Credit Card,0
IBMAML-00191512,Cash,0
IBMAML-00191513,ACH,0
IBMAML-00191514,Reinvestment,0
IBMAML-00191548,Cheque,0
IBMAML-00191549,Cheque,0
IBMAML-00191550,Credit Card,0
IBMAML-00191583,Cheque,0
IBMAML-00191584,Credit Card,0
IBMAML-00191585,Cash,0
IBMAML-00191598,Cheque,0
IBMAML-00191599,Cash,0
IBMAML-00191601,Cheque,0
IBMAML-00191602,Credit Card,0
IBMAML-00191603,Cash,0
IBMAML-00191605,Reinvestment,0
IBMAML-00191606,Cheque,0
IBMAML-00191607,Credit Card,0
IBMAML-00191608,Cash,0
IBMAML-00191745,Cheque,0
IBMAML-00191995,Cheque,0
IBMAML-00191996,Credit Card,0
IBMAML-00191997,ACH,0
IBMAML-00192022,Cheque,0
IBMAML-00192035,Reinvestment,0
IBMAML-00192038,Reinvestment,0
IBMAML-00192052,Cheque,0
IBMAML-00192053,Credit Card,0
IBMAML-00192054,Cash,0
IBMAML-00192064,Reinvestment,0
IBMAML-00192108,Cheque,0
IBMAML-00192109,Credit Card,0
IBMAML-00192110,Cash,0
IBMAML-00192116,Cheque,0
IBMAML-00192117,Cash,0
IBMAML-00192135,Reinvestment,0
IBMAML-00192136,Reinvestment,0
IBMAML-00192157,Credit Card,0
IBMAML-00192202,Cheque,0
IBMAML-00192203,Credit Card,0
IBMAML-00192249,Cheque,0
IBMAML-00192250,Credit Card,0
IBMAML-00192251,Cash,0
IBMAML-00192283,Cheque,0
IBMAML-00192284,Cash,0
IBMAML-00192329,Cheque,0
IBMAML-00192330,Credit Card,0
IBMAML-00192363,Cheque,0
IBMAML-00192364,Credit Card,0
IBMAML-00192365,Cash,0
IBMAML-00192379,Cheque,0
IBMAML-00192385,Reinvestment,0
IBMAML-00192438,Cheque,0
IBMAML-00192439,Credit Card,0
IBMAML-00192440,ACH,0
IBMAML-00192469,Cheque,0
IBMAML-00192470,Credit Card,0
IBMAML-00192471,Cash,0
IBMAML-00192516,Cheque,0
IBMAML-00192517,Cash,0
IBMAML-00192574,Cheque,0
IBMAML-00192575,Credit Card,0
IBMAML-00192576,Cash,0
IBMAML-00192677,Cheque,0
IBMAML-00192678,Cash,0
IBMAML-00192679,Cheque,0
IBMAML-00192680,Credit Card,0
IBMAML-00192750,Reinvestment,0
IBMAML-00192771,Cheque,0
IBMAML-00192772,Credit Card,0
IBMAML-00192773,Cash,0
IBMAML-00192780,Cheque,0
IBMAML-00192781,Credit Card,0
IBMAML-00192798,Cheque,0
IBMAML-00192799,Credit Card,0
IBMAML-00192800,Cheque,0
IBMAML-00192801,Credit Card,0
IBMAML-00192802,Cash,0
IBMAML-00192809,Cheque,0
IBMAML-00192840,Cheque,0
IBMAML-00192841,Credit Card,0
IBMAML-00192882,Reinvestment,0
IBMAML-00192905,Cheque,0
IBMAML-00192906,Cash,0
IBMAML-00193015,Reinvestment,0
IBMAML-00193027,Cheque,0
IBMAML-00193028,Cash,0
IBMAML-00193050,Cheque,0
IBMAML-00193051,Cash,0
IBMAML-00193208,Cheque,0
IBMAML-00193209,Credit Card,0
IBMAML-00193212,Credit Card,0
IBMAML-00193213,Cash,0
IBMAML-00193243,Cheque,0
IBMAML-00193244,Cash,0
IBMAML-00193405,Cheque,0
IBMAML-00193436,Cheque,0
IBMAML-00193437,Credit Card,0
IBMAML-00193438,Cash,0
IBMAML-00193574,Cheque,0
IBMAML-00193575,Cash,0
IBMAML-00193700,Cheque,0
IBMAML-00193701,Cash,0
IBMAML-00193777,Cheque,0
IBMAML-00193778,Credit Card,0
IBMAML-00193832,Cheque,0
IBMAML-00193833,Credit Card,0
IBMAML-00193951,Cheque,0
IBMAML-00193952,Credit Card,0
IBMAML-00193971,Cheque,0
IBMAML-00193998,Cheque,0
IBMAML-00193999,Credit Card,0
IBMAML-00194000,Cash,0
IBMAML-00194010,Cheque,0
IBMAML-00194016,Credit Card,0
IBMAML-00194017,Cash,0
IBMAML-00194083,Cheque,0
IBMAML-00194084,Credit Card,0
IBMAML-00194085,Cash,0
IBMAML-00194093,Credit Card,0
IBMAML-00194164,Cheque,0
IBMAML-00194165,Cash,0
IBMAML-00194183,Cheque,0
IBMAML-00194184,Credit Card,0
IBMAML-00194185,Cash,0
IBMAML-00194272,Credit Card,0
IBMAML-00194275,Credit Card,0
IBMAML-00194560,Cheque,0
IBMAML-00194561,Credit Card,0
IBMAML-00194631,Cheque,0
IBMAML-00194632,Credit Card,0
IBMAML-00194653,Cash,0
IBMAML-00194746,Reinvestment,0
IBMAML-00194786,Reinvestment,0
IBMAML-00194787,Reinvestment,0
IBMAML-00194900,Cheque,0
IBMAML-00194901,Credit Card,0
IBMAML-00194902,Wire,0
IBMAML-00194958,Cheque,0
IBMAML-00194959,Credit Card,0
IBMAML-00194960,ACH,0
IBMAML-00195028,ACH,0
IBMAML-00195037,Reinvestment,0
IBMAML-00195059,Cheque,0
IBMAML-00195060,Credit Card,0
IBMAML-00195184,Reinvestment,0
IBMAML-00195198,Cheque,0
IBMAML-00195201,Cheque,0
IBMAML-00195202,Credit Card,0
IBMAML-00195203,ACH,0
IBMAML-00195313,Cheque,0
IBMAML-00195314,Credit Card,0
IBMAML-00195315,Cash,0
IBMAML-00195435,Cheque,0
IBMAML-00195453,Reinvestment,0
IBMAML-00195456,Cheque,0
IBMAML-00195457,Credit Card,0
IBMAML-00195458,Cheque,0
IBMAML-00195459,Cash,0
IBMAML-00195486,Cheque,0
IBMAML-00195487,Credit Card,0
IBMAML-00195488,Cash,0
IBMAML-00195631,Cheque,0
IBMAML-00195632,Credit Card,0
IBMAML-00195643,Cheque,0
IBMAML-00195644,Credit Card,0
IBMAML-00195871,Cash,0
IBMAML-00195945,Cheque,0
IBMAML-00195974,Cheque,0
IBMAML-00195975,Credit Card,0
IBMAML-00195976,Cash,0
IBMAML-00196012,Cheque,0
IBMAML-00196013,Credit Card,0
IBMAML-00196047,Cheque,0
IBMAML-00196048,Credit Card,0
IBMAML-00196079,Reinvestment,0
IBMAML-00196084,Reinvestment,0
IBMAML-00196114,Reinvestment,0
IBMAML-00196139,Cheque,0
IBMAML-00196140,Credit Card,0
IBMAML-00196164,Reinvestment,0
IBMAML-00196165,Reinvestment,0
IBMAML-00196213,Cheque,0
IBMAML-00196267,Reinvestment,0
IBMAML-00196360,Cheque,0
IBMAML-00196361,Cash,0
IBMAML-00196415,Cheque,0
IBMAML-00196416,Credit Card,0
IBMAML-00196417,Cash,0
IBMAML-00196522,Cheque,0
IBMAML-00196523,Credit Card,0
IBMAML-00196524,Cash,0
IBMAML-00196573,ACH,0
IBMAML-00196574,Reinvestment,0
IBMAML-00196605,Cheque,0
IBMAML-00196606,Cash,0
IBMAML-00196630,Cheque,0
IBMAML-00196631,Credit Card,0
IBMAML-00196632,Cash,0
IBMAML-00196637,Reinvestment,0
IBMAML-00196640,Reinvestment,0
IBMAML-00196641,Cheque,0
IBMAML-00196642,Credit Card,0
IBMAML-00196698,Cheque,0
IBMAML-00196699,Cash,0
IBMAML-00196767,Cheque,0
IBMAML-00196768,Credit Card,0
IBMAML-00196828,Cheque,0
IBMAML-00196829,Cash,0
IBMAML-00196842,Cheque,0
IBMAML-00196843,Credit Card,0
IBMAML-00196877,Cheque,0
IBMAML-00197009,Reinvestment,0
IBMAML-00197010,Reinvestment,0
IBMAML-00197051,Reinvestment,0
IBMAML-00197052,Reinvestment,0
IBMAML-00197053,Reinvestment,0
IBMAML-00197098,Reinvestment,0
IBMAML-00197131,Cheque,0
IBMAML-00197132,Credit Card,0
IBMAML-00197138,Credit Card,0
IBMAML-00197139,Cash,0
IBMAML-00197216,Cheque,0
IBMAML-00197217,Credit Card,0
IBMAML-00197226,Cheque,0
IBMAML-00197227,Credit Card,0
IBMAML-00197228,Cash,0
IBMAML-00197312,Cheque,0
IBMAML-00197313,Credit Card,0
IBMAML-00197314,Cash,0
IBMAML-00197332,Cheque,0
IBMAML-00197333,Credit Card,0
IBMAML-00197334,Cash,0
IBMAML-00197343,Reinvestment,0
IBMAML-00197367,Credit Card,0
IBMAML-00197368,Cash,0
IBMAML-00197370,Cheque,0
IBMAML-00197371,Cash,0
IBMAML-00197514,Cheque,0
IBMAML-00197515,Cash,0
IBMAML-00197601,Cheque,0
IBMAML-00197602,Credit Card,0
IBMAML-00197603,ACH,0
IBMAML-00197646,Cheque,0
IBMAML-00197647,Credit Card,0
IBMAML-00197648,Wire,0
IBMAML-00197650,Cheque,0
IBMAML-00197651,Credit Card,0
IBMAML-00197684,Credit Card,0
IBMAML-00197711,Cheque,0
IBMAML-00197712,Credit Card,0
IBMAML-00197713,ACH,0
IBMAML-00197888,Cheque,0
IBMAML-00197889,Cash,0
IBMAML-00197890,Cheque,0
IBMAML-00197891,Credit Card,0
IBMAML-00197892,Cash,0
IBMAML-00197893,Reinvestment,0
IBMAML-00197927,Reinvestment,0
IBMAML-00197959,Cheque,0
IBMAML-00197960,Cash,0
IBMAML-00198036,Credit Card,0
IBMAML-00198089,Reinvestment,0
IBMAML-00198132,Reinvestment,0
IBMAML-00198165,Reinvestment,0
IBMAML-00198196,Reinvestment,0
IBMAML-00198216,Reinvestment,0
IBMAML-00198258,Cheque,0
IBMAML-00198270,Reinvestment,0
IBMAML-00198272,Reinvestment,0
IBMAML-00198274,Reinvestment,0
IBMAML-00198286,Cheque,0
IBMAML-00198298,Reinvestment,0
IBMAML-00198303,Cheque,0
IBMAML-00198323,Reinvestment,0
IBMAML-00198492,Cheque,0
IBMAML-00198493,Credit Card,0
IBMAML-00198494,Cash,0
IBMAML-00198652,Cheque,0
IBMAML-00198653,Cash,0
IBMAML-00198710,Cheque,0
IBMAML-00198711,Credit Card,0
IBMAML-00198712,Cash,0
IBMAML-00198730,Reinvestment,0
IBMAML-00198781,Cheque,0
IBMAML-00198782,Credit Card,0
IBMAML-00198783,Cash,0
IBMAML-00198853,Reinvestment,0
IBMAML-00198904,Cheque,0
IBMAML-00198905,Credit Card,0
IBMAML-00198931,Reinvestment,0
IBMAML-00198999,Cheque,0
IBMAML-00199000,Cash,0
IBMAML-00199027,Cheque,0
IBMAML-00199028,Cash,0
IBMAML-00199058,Reinvestment,0
IBMAML-00199059,Reinvestment,0
IBMAML-00199061,Reinvestment,0
IBMAML-00199067,Cheque,0
IBMAML-00199079,Cheque,0
IBMAML-00199080,Credit Card,0
IBMAML-00199081,Cash,0
IBMAML-00199105,Reinvestment,0
IBMAML-00199123,Cheque,0
IBMAML-00199124,Credit Card,0
IBMAML-00199149,Cheque,0
IBMAML-00199150,Credit Card,0
IBMAML-00199151,Cash,0
IBMAML-00199167,Reinvestment,0
IBMAML-00199223,Reinvestment,0
IBMAML-00199255,Cheque,0
IBMAML-00199256,Credit Card,0
IBMAML-00199317,Cheque,0
IBMAML-00199318,Credit Card,0
IBMAML-00199319,Cash,0
IBMAML-00199320,ACH,0
IBMAML-00199321,Wire,0
IBMAML-00199323,Cheque,0
IBMAML-00199324,Credit Card,0
IBMAML-00199326,Cheque,0
IBMAML-00199327,Credit Card,0
IBMAML-00199328,Cash,0
IBMAML-00199333,Cheque,0
IBMAML-00199334,Cash,0
IBMAML-00199456,Cash,0
IBMAML-00199460,Cheque,0
IBMAML-00199461,Cash,0
IBMAML-00199490,Cheque,0
IBMAML-00199491,Cash,0
IBMAML-00199505,Cheque,0
IBMAML-00199523,Cheque,0
IBMAML-00199524,Cash,0
IBMAML-00199569,Cheque,0
IBMAML-00199570,Credit Card,0
IBMAML-00199571,Cash,0
IBMAML-00199573,Cheque,0
IBMAML-00199574,Credit Card,0
IBMAML-00199575,ACH,0
IBMAML-00199576,Wire,0
IBMAML-00199595,Cheque,0
IBMAML-00199600,Cheque,0
IBMAML-00199601,Credit Card,0
IBMAML-00199602,Cash,0
IBMAML-00199629,Reinvestment,0
IBMAML-00199654,Cheque,0
IBMAML-00199703,Cash,0
IBMAML-00199705,Credit Card,0
IBMAML-00199708,Cheque,0
IBMAML-00199709,Cash,0
IBMAML-00199717,Cheque,0
IBMAML-00199845,Cheque,0
IBMAML-00199846,Cash,0
IBMAML-00199870,Reinvestment,0
IBMAML-00199871,Reinvestment,0
IBMAML-00199944,Reinvestment,0
IBMAML-00199958,Cheque,0
IBMAML-00199992,Reinvestment,0
IBMAML-00200015,Cheque,0
IBMAML-00200034,Reinvestment,0
IBMAML-00200092,Cheque,0
IBMAML-00200093,Credit Card,0
IBMAML-00200094,Cash,0
IBMAML-00200095,ACH,0
IBMAML-00200096,Wire,0
IBMAML-00200176,Reinvestment,0
IBMAML-00200180,Reinvestment,0
IBMAML-00200342,Cheque,0
IBMAML-00200343,Cash,0
IBMAML-00200344,Cheque,0
IBMAML-00200345,Credit Card,0
IBMAML-00200357,Reinvestment,0
IBMAML-00200360,Reinvestment,0
IBMAML-00200368,Reinvestment,0
IBMAML-00200372,Reinvestment,0
IBMAML-00200374,Reinvestment,0
IBMAML-00200500,Reinvestment,0
IBMAML-00200501,Reinvestment,0
IBMAML-00200502,Reinvestment,0
IBMAML-00200503,Reinvestment,0
IBMAML-00200546,Reinvestment,0
IBMAML-00200560,Cheque,0
IBMAML-00200561,Credit Card,0
IBMAML-00200611,Cheque,0
IBMAML-00200635,Cheque,0
IBMAML-00200636,Credit Card,0
IBMAML-00200637,ACH,0
IBMAML-00200701,Reinvestment,0
IBMAML-00200702,Reinvestment,0
IBMAML-00200703,Reinvestment,0
IBMAML-00200756,Reinvestment,0
IBMAML-00200770,Cheque,0
IBMAML-00200771,Credit Card,0
IBMAML-00200772,Cash,0
IBMAML-00201054,Reinvestment,0
IBMAML-00201064,Cheque,0
IBMAML-00201065,Credit Card,0
IBMAML-00201066,ACH,0
IBMAML-00201134,Reinvestment,0
IBMAML-00201170,Cheque,0
IBMAML-00201171,Credit Card,0
IBMAML-00201231,Cheque,0
IBMAML-00201265,Cheque,0
IBMAML-00201266,Credit Card,0
IBMAML-00201267,Cash,0
IBMAML-00201331,Reinvestment,0
IBMAML-00201363,Cheque,0
IBMAML-00201364,Credit Card,0
IBMAML-00201427,Reinvestment,0
IBMAML-00201437,Cheque,0
IBMAML-00201438,Cash,0
IBMAML-00201439,Reinvestment,0
IBMAML-00201450,Reinvestment,0
IBMAML-00201451,Reinvestment,0
IBMAML-00201452,Reinvestment,0
IBMAML-00201559,Cheque,0
IBMAML-00201560,Reinvestment,0
IBMAML-00201566,ACH,0
IBMAML-00201631,Reinvestment,0
IBMAML-00201717,Reinvestment,0
IBMAML-00201734,Cheque,0
IBMAML-00201735,Credit Card,0
IBMAML-00201736,Cash,0
IBMAML-00201872,Cheque,0
IBMAML-00201873,Credit Card,0
IBMAML-00201874,Cash,0
IBMAML-00201900,Reinvestment,0
IBMAML-00201965,Cheque,0
IBMAML-00201966,Credit Card,0
IBMAML-00201967,Cash,0
IBMAML-00202075,Cheque,0
IBMAML-00202076,Cash,0
IBMAML-00202111,Reinvestment,0
IBMAML-00202135,Reinvestment,0
IBMAML-00202137,Cheque,0
IBMAML-00202138,Credit Card,0
IBMAML-00202199,Cheque,0
IBMAML-00202200,ACH,0
IBMAML-00202246,Reinvestment,0
IBMAML-00202249,Reinvestment,0
IBMAML-00202294,Reinvestment,0
IBMAML-00202300,Cheque,0
IBMAML-00202301,Credit Card,0
IBMAML-00202302,Cash,0
IBMAML-00202317,Reinvestment,0
IBMAML-00202390,Reinvestment,0
IBMAML-00202391,Cheque,0
IBMAML-00202392,Credit Card,0
IBMAML-00202393,Reinvestment,0
IBMAML-00202466,Reinvestment,0
IBMAML-00202513,Reinvestment,0
IBMAML-00202514,Credit Card,0
IBMAML-00202515,Cash,0
IBMAML-00202544,Reinvestment,0
IBMAML-00202589,Reinvestment,0
IBMAML-00202605,Cheque,0
IBMAML-00202606,Credit Card,0
IBMAML-00202607,Cash,0
IBMAML-00202659,Cheque,0
IBMAML-00202660,Credit Card,0
IBMAML-00202820,Reinvestment,0
IBMAML-00202922,Reinvestment,0
IBMAML-00203011,Cheque,0
IBMAML-00203012,Credit Card,0
IBMAML-00203184,Reinvestment,0
IBMAML-00203204,Cheque,0
IBMAML-00203251,Reinvestment,0
IBMAML-00203255,Reinvestment,0
IBMAML-00203278,Cheque,0
IBMAML-00203279,Credit Card,0
IBMAML-00203331,Cheque,0
IBMAML-00203332,Credit Card,0
IBMAML-00203353,Reinvestment,0
IBMAML-00203392,Cheque,0
IBMAML-00203409,Cheque,0
IBMAML-00203410,Credit Card,0
IBMAML-00203411,Cash,0
IBMAML-00203455,Reinvestment,0
IBMAML-00203456,Reinvestment,0
IBMAML-00203468,Reinvestment,0
IBMAML-00203471,Reinvestment,0
IBMAML-00203474,Cheque,0
IBMAML-00203475,Reinvestment,0
IBMAML-00203718,Cheque,0
IBMAML-00203719,Credit Card,0
IBMAML-00203720,Cash,0
IBMAML-00203757,Cheque,0
IBMAML-00203758,Credit Card,0
IBMAML-00203794,Cheque,0
IBMAML-00203795,Credit Card,0
IBMAML-00203796,Cash,0
IBMAML-00203797,ACH,0
IBMAML-00203971,Reinvestment,0
IBMAML-00204053,Cheque,0
IBMAML-00204054,Credit Card,0
IBMAML-00204134,Reinvestment,0
IBMAML-00204139,Reinvestment,0
IBMAML-00204180,Cheque,0
IBMAML-00204181,Credit Card,0
IBMAML-00204182,Cash,0
IBMAML-00204219,Cheque,0
IBMAML-00204220,Credit Card,0
IBMAML-00204225,Cheque,0
IBMAML-00204236,Cheque,0
IBMAML-00204237,Credit Card,0
IBMAML-00204308,Cheque,0
IBMAML-00204309,Cash,0
IBMAML-00204355,Cheque,0
IBMAML-00204356,Credit Card,0
IBMAML-00204357,Cash,0
IBMAML-00204374,Cheque,0
IBMAML-00204375,Credit Card,0
IBMAML-00204376,Cash,0
IBMAML-00204418,Reinvestment,0
IBMAML-00204457,Cheque,0
IBMAML-00204458,Credit Card,0
IBMAML-00204459,Cash,0
IBMAML-00204463,Credit Card,0
IBMAML-00204465,Cheque,0
IBMAML-00204466,Cash,0
IBMAML-00204485,Reinvestment,0
IBMAML-00204510,Cheque,0
IBMAML-00204511,Cash,0
IBMAML-00204600,Cheque,0
IBMAML-00204617,Reinvestment,0
IBMAML-00204640,Cheque,0
IBMAML-00204641,Credit Card,0
IBMAML-00204642,Cash,0
IBMAML-00204703,ACH,0
IBMAML-00204706,Reinvestment,0
IBMAML-00204743,Cheque,0
IBMAML-00204744,Credit Card,0
IBMAML-00204814,Reinvestment,0
IBMAML-00204862,Cheque,0
IBMAML-00204864,Reinvestment,0
IBMAML-00204969,Cheque,0
IBMAML-00204970,Credit Card,0
IBMAML-00204971,Cash,0
IBMAML-00204981,Reinvestment,0
IBMAML-00204990,Cheque,0
IBMAML-00204991,Credit Card,0
IBMAML-00205049,Reinvestment,0
IBMAML-00205050,Cheque,0
IBMAML-00205092,Cheque,0
IBMAML-00205093,Credit Card,0
IBMAML-00205094,Cash,0
IBMAML-00205215,Cheque,0
IBMAML-00205251,Cheque,0
IBMAML-00205252,Credit Card,0
IBMAML-00205253,Cash,0
IBMAML-00205383,Cheque,0
IBMAML-00205393,Reinvestment,0
IBMAML-00205491,Reinvestment,0
IBMAML-00205541,Reinvestment,0
IBMAML-00205551,Reinvestment,0
IBMAML-00205595,Reinvestment,0
IBMAML-00205603,Cheque,0
IBMAML-00205734,Reinvestment,0
IBMAML-00205957,Cheque,0
IBMAML-00205958,Credit Card,0
IBMAML-00205959,Cash,0
IBMAML-00205971,Reinvestment,0
IBMAML-00205973,Reinvestment,0
IBMAML-00205986,Cheque,0
IBMAML-00205987,Credit Card,0
IBMAML-00205988,Cash,0
IBMAML-00206006,Cheque,0
IBMAML-00206007,Cash,0
IBMAML-00206227,Reinvestment,0
IBMAML-00206229,Reinvestment,0
IBMAML-00206270,Reinvestment,0
IBMAML-00206306,Reinvestment,0
IBMAML-00206342,Reinvestment,0
IBMAML-00206343,Reinvestment,0
IBMAML-00206345,Cheque,0
IBMAML-00206347,Credit Card,0
IBMAML-00206348,Reinvestment,0
IBMAML-00206429,Cheque,0
IBMAML-00206430,Credit Card,0
IBMAML-00206484,Reinvestment,0
IBMAML-00206490,Cheque,0
IBMAML-00206491,Credit Card,0
IBMAML-00206492,Cash,0
IBMAML-00206507,Cheque,0
IBMAML-00206516,Reinvestment,0
IBMAML-00206517,Reinvestment,0
IBMAML-00206538,Cheque,0
IBMAML-00206539,Credit Card,0
IBMAML-00206540,Cash,0
IBMAML-00206552,Reinvestment,0
IBMAML-00206704,Reinvestment,0
IBMAML-00206762,Reinvestment,0
IBMAML-00206767,Cheque,0
IBMAML-00206768,Credit Card,0
IBMAML-00206847,Cheque,0
IBMAML-00207014,Cash,0
IBMAML-00207034,Cheque,0
IBMAML-00207035,Credit Card,0
IBMAML-00207080,Cheque,0
IBMAML-00207081,Credit Card,0
IBMAML-00207091,Cheque,0
IBMAML-00207092,Credit Card,0
IBMAML-00207093,ACH,0
IBMAML-00207124,Cheque,0
IBMAML-00207125,Credit Card,0
IBMAML-00207126,Reinvestment,0
IBMAML-00207127,Cheque,0
IBMAML-00207161,Reinvestment,0
IBMAML-00207255,Cheque,0
IBMAML-00207256,Credit Card,0
IBMAML-00207257,ACH,0
IBMAML-00207258,Wire,0
IBMAML-00207293,Reinvestment,0
IBMAML-00207381,Reinvestment,0
IBMAML-00207447,Reinvestment,0
IBMAML-00207463,Cheque,0
IBMAML-00207464,Cash,0
IBMAML-00207465,Reinvestment,0
IBMAML-00207486,Reinvestment,0
IBMAML-00207493,Reinvestment,0
IBMAML-00207494,Reinvestment,0
IBMAML-00207498,Reinvestment,0
IBMAML-00207499,Cheque,0
IBMAML-00207500,Credit Card,0
IBMAML-00207501,Reinvestment,0
IBMAML-00207550,Reinvestment,0
IBMAML-00207845,Reinvestment,0
IBMAML-00207873,Cheque,0
IBMAML-00207874,Credit Card,0
IBMAML-00207893,Reinvestment,0
IBMAML-00207895,Reinvestment,0
IBMAML-00207910,Reinvestment,0
IBMAML-00207911,Reinvestment,0
IBMAML-00207912,Cheque,0
IBMAML-00207913,Reinvestment,0
IBMAML-00208156,Reinvestment,0
IBMAML-00208214,Reinvestment,0
IBMAML-00208285,Reinvestment,0
IBMAML-00208320,Reinvestment,0
IBMAML-00208385,Cheque,0
IBMAML-00208386,Credit Card,0
IBMAML-00208387,Cash,0
IBMAML-00208512,Cheque,0
IBMAML-00208513,Cash,0
IBMAML-00208540,Cheque,0
IBMAML-00208541,Credit Card,0
IBMAML-00208542,Cash,0
IBMAML-00208618,ACH,0
IBMAML-00208619,Cheque,0
IBMAML-00208620,Cash,0
IBMAML-00208667,Reinvestment,0
IBMAML-00208670,Cheque,0
IBMAML-00208673,Cheque,0
IBMAML-00208674,Credit Card,0
IBMAML-00208705,Cheque,0
IBMAML-00208706,Cash,0
IBMAML-00208825,Reinvestment,0
IBMAML-00208838,Reinvestment,0
IBMAML-00208839,Reinvestment,0
IBMAML-00208983,Cheque,0
IBMAML-00208984,Credit Card,0
IBMAML-00208985,Cash,0
IBMAML-00209029,Cheque,0
IBMAML-00209030,Credit Card,0
IBMAML-00209031,Cash,0
IBMAML-00209032,ACH,0
IBMAML-00209201,Credit Card,0
IBMAML-00209221,Credit Card,0
IBMAML-00209299,Cheque,0
IBMAML-00209300,Credit Card,0
IBMAML-00209301,Cash,0
IBMAML-00209302,ACH,0
IBMAML-00209320,Cheque,0
IBMAML-00209321,Cash,0
IBMAML-00209355,Cheque,0
IBMAML-00209356,Credit Card,0
IBMAML-00209397,Reinvestment,0
IBMAML-00209401,Cheque,0
IBMAML-00209402,Credit Card,0
IBMAML-00209403,Cash,0
IBMAML-00209598,Cheque,0
IBMAML-00209599,Credit Card,0
IBMAML-00209609,Cheque,0
IBMAML-00209610,Credit Card,0
IBMAML-00209611,Cash,0
IBMAML-00209633,Cheque,0
IBMAML-00209634,Credit Card,0
IBMAML-00209635,Cash,0
IBMAML-00209642,Reinvestment,0
IBMAML-00209643,Cheque,0
IBMAML-00209644,Cash,0
IBMAML-00209692,Reinvestment,0
IBMAML-00209840,Credit Card,0
IBMAML-00209856,Cheque,0
IBMAML-00209980,Credit Card,0
IBMAML-00209989,Cheque,0
IBMAML-00209990,Cash,0
IBMAML-00210004,Credit Card,0
IBMAML-00210121,Cheque,0
IBMAML-00210146,Credit Card,0
IBMAML-00210161,Cheque,0
IBMAML-00210162,Credit Card,0
IBMAML-00210163,Cash,0
IBMAML-00210213,Cheque,0
IBMAML-00210236,Cheque,0
IBMAML-00210237,Credit Card,0
IBMAML-00210238,Cash,0
IBMAML-00210266,Cheque,0
IBMAML-00210267,Cash,0
IBMAML-00210506,Cheque,0
IBMAML-00210507,Cash,0
IBMAML-00210621,Cheque,0
IBMAML-00210622,Credit Card,0
IBMAML-00210623,Cheque,0
IBMAML-00210655,Cheque,0
IBMAML-00210656,Credit Card,0
IBMAML-00210657,Cash,0
IBMAML-00210672,Cheque,0
IBMAML-00210673,Cash,0
IBMAML-00210810,Cheque,0
IBMAML-00210811,Credit Card,0
IBMAML-00210904,Reinvestment,0
IBMAML-00210905,Cheque,0
IBMAML-00210938,ACH,0
IBMAML-00210963,Cheque,0
IBMAML-00210964,Credit Card,0
IBMAML-00210965,Cash,0
IBMAML-00210970,Reinvestment,0
IBMAML-00211178,Cheque,0
IBMAML-00211179,Credit Card,0
IBMAML-00211472,Cheque,0
IBMAML-00211473,Credit Card,0
IBMAML-00211474,Cash,0
IBMAML-00211572,Cheque,0
IBMAML-00211656,Reinvestment,0
IBMAML-00211821,Reinvestment,0
IBMAML-00211938,Cheque,0
IBMAML-00211939,Credit Card,0
IBMAML-00211940,Wire,0
IBMAML-00212021,Cheque,0
IBMAML-00212022,Credit Card,0
IBMAML-00212023,Cash,0
IBMAML-00212026,Reinvestment,0
IBMAML-00212117,Reinvestment,0
IBMAML-00212118,Reinvestment,0
IBMAML-00212239,Cheque,0
IBMAML-00212240,Cash,0
IBMAML-00212327,Reinvestment,0
IBMAML-00212465,Reinvestment,0
IBMAML-00212492,Reinvestment,0
IBMAML-00212537,Credit Card,0
IBMAML-00212558,Cheque,0
IBMAML-00212559,Credit Card,0
IBMAML-00212560,Cash,0
IBMAML-00212573,Cheque,0
IBMAML-00212574,Credit Card,0
IBMAML-00212639,Cheque,0
IBMAML-00212640,Cash,0
IBMAML-00212781,Reinvestment,0
IBMAML-00212782,Cheque,0
IBMAML-00212783,Credit Card,0
IBMAML-00212784,Cash,0
IBMAML-00212785,ACH,0
IBMAML-00212817,Cheque,0
IBMAML-00212818,Cash,0
IBMAML-00212890,Cheque,0
IBMAML-00212891,Reinvestment,0
IBMAML-00212892,Reinvestment,0
IBMAML-00212893,Reinvestment,0
IBMAML-00212932,Reinvestment,0
IBMAML-00212933,Reinvestment,0
IBMAML-00212934,Cheque,0
IBMAML-00212936,Cheque,0
IBMAML-00212937,Credit Card,0
IBMAML-00212938,Cash,0
IBMAML-00212962,ACH,0
IBMAML-00213015,Cheque,0
IBMAML-00213016,Reinvestment,0
IBMAML-00213023,Reinvestment,0
IBMAML-00213169,Reinvestment,0
IBMAML-00213200,Cheque,0
IBMAML-00213201,Credit Card,0
IBMAML-00213203,Cheque,0
IBMAML-00213204,Credit Card,0
IBMAML-00213205,Cash,0
IBMAML-00213207,Cheque,0
IBMAML-00213229,Cheque,0
IBMAML-00213230,Cash,0
IBMAML-00213234,Reinvestment,0
IBMAML-00213235,Reinvestment,0
IBMAML-00213313,Credit Card,0
IBMAML-00213314,Cash,0
IBMAML-00213520,Reinvestment,0
IBMAML-00213521,Cheque,0
IBMAML-00213522,Credit Card,0
IBMAML-00213523,Cash,0
IBMAML-00213547,Cheque,0
IBMAML-00213548,Credit Card,0
IBMAML-00213552,Reinvestment,0
IBMAML-00213603,Reinvestment,0
IBMAML-00213682,Reinvestment,0
IBMAML-00213786,Cheque,0
IBMAML-00213787,Cash,0
IBMAML-00213809,Reinvestment,0
IBMAML-00213872,Reinvestment,0
IBMAML-00213875,ACH,0
IBMAML-00213953,Reinvestment,0
IBMAML-00213999,Cheque,0
IBMAML-00214000,Credit Card,0
IBMAML-00214001,Cash,0
IBMAML-00214018,Reinvestment,0
IBMAML-00214078,Cheque,0
IBMAML-00214079,Cash,0
IBMAML-00214134,Cheque,0
IBMAML-00214135,Credit Card,0
IBMAML-00214136,Cash,0
IBMAML-00214140,Cheque,0
IBMAML-00214141,Credit Card,0
IBMAML-00214184,Reinvestment,0
IBMAML-00214201,Cheque,0
IBMAML-00214202,Cash,0
IBMAML-00214271,Reinvestment,0
IBMAML-00214272,Reinvestment,0
IBMAML-00214299,Reinvestment,0
IBMAML-00214300,Reinvestment,0
IBMAML-00214370,Cash,0
IBMAML-00214371,Reinvestment,0
IBMAML-00214414,Reinvestment,0
IBMAML-00214418,Reinvestment,0
IBMAML-00214419,Reinvestment,0
IBMAML-00214453,Cheque,0
IBMAML-00214454,Cash,0
IBMAML-00214486,Reinvestment,0
IBMAML-00214491,Cheque,0
IBMAML-00214492,Cash,0
IBMAML-00214501,Reinvestment,0
IBMAML-00214504,Reinvestment,0
IBMAML-00214598,Reinvestment,0
IBMAML-00214651,Cheque,0
IBMAML-00214652,Credit Card,0
IBMAML-00214653,Cash,0
IBMAML-00214750,Reinvestment,0
IBMAML-00214799,Reinvestment,0
IBMAML-00214855,Credit Card,0
IBMAML-00214878,Reinvestment,0
IBMAML-00214896,Cheque,0
IBMAML-00214931,Credit Card,0
IBMAML-00215001,Reinvestment,0
IBMAML-00215007,Reinvestment,0
IBMAML-00215009,Reinvestment,0
IBMAML-00215010,Cheque,0
IBMAML-00215011,Credit Card,0
IBMAML-00215012,Cash,0
IBMAML-00215013,Wire,0
IBMAML-00215016,Reinvestment,0
IBMAML-00215017,Reinvestment,0
IBMAML-00215045,Reinvestment,0
IBMAML-00215065,Reinvestment,0
IBMAML-00215066,Cheque,0
IBMAML-00215067,ACH,0
IBMAML-00215079,Reinvestment,0
IBMAML-00215100,Reinvestment,0
IBMAML-00215263,Reinvestment,0
IBMAML-00215300,Cheque,0
IBMAML-00215301,Cash,0
IBMAML-00215310,Cheque,0
IBMAML-00215311,Cash,0
IBMAML-00215414,Reinvestment,0
IBMAML-00215514,Cheque,0
IBMAML-00215524,Reinvestment,0
IBMAML-00215580,Cheque,0
IBMAML-00215647,Reinvestment,0
IBMAML-00215648,ACH,0
IBMAML-00215649,Reinvestment,0
IBMAML-00215663,Credit Card,0
IBMAML-00215664,Cash,0
IBMAML-00215682,Cheque,0
IBMAML-00215683,Credit Card,0
IBMAML-00215740,Cheque,0
IBMAML-00215741,Credit Card,0
IBMAML-00215743,Cheque,0
IBMAML-00215744,Credit Card,0
IBMAML-00215885,Reinvestment,0
IBMAML-00215897,Reinvestment,0
IBMAML-00216026,Cheque,0
IBMAML-00216027,Reinvestment,0
IBMAML-00216075,Cheque,0
IBMAML-00216162,Cheque,0
IBMAML-00216163,Credit Card,0
IBMAML-00216172,Cheque,0
IBMAML-00216173,Credit Card,0
IBMAML-00216174,Cash,0
IBMAML-00216192,Cheque,0
IBMAML-00216193,Credit Card,0
IBMAML-00216194,Cash,0
IBMAML-00216203,Cheque,0
IBMAML-00216204,Cash,0
IBMAML-00216355,Cheque,0
IBMAML-00216356,Cheque,0
IBMAML-00216357,Credit Card,0
IBMAML-00216358,Cash,0
IBMAML-00216365,Reinvestment,0
IBMAML-00216372,Reinvestment,0
IBMAML-00216423,Cheque,0
IBMAML-00216424,Credit Card,0
IBMAML-00216425,Cash,0
IBMAML-00216487,Cash,0
IBMAML-00216541,Cheque,0
IBMAML-00216542,Cash,0
IBMAML-00216569,Reinvestment,0
IBMAML-00216588,Cheque,0
IBMAML-00216594,Cheque,0
IBMAML-00216595,Cash,0
IBMAML-00216603,Cheque,0
IBMAML-00216604,Credit Card,0
IBMAML-00216605,Cash,0
IBMAML-00216608,ACH,0
IBMAML-00216616,Reinvestment,0
IBMAML-00216622,Reinvestment,0
IBMAML-00216851,Cheque,0
IBMAML-00216852,Credit Card,0
IBMAML-00216863,Cheque,0
IBMAML-00216864,Credit Card,0
IBMAML-00216870,Cheque,0
IBMAML-00216871,Credit Card,0
IBMAML-00216901,Cheque,1
IBMAML-00216902,Cash,0
IBMAML-00216909,Reinvestment,0
IBMAML-00216910,Reinvestment,0
IBMAML-00216947,Cheque,0
IBMAML-00216948,Credit Card,0
IBMAML-00216949,Cash,0
IBMAML-00216983,Reinvestment,0
IBMAML-00216984,Reinvestment,0
IBMAML-00217011,Cheque,0
IBMAML-00217012,Credit Card,0
IBMAML-00217019,Cheque,0
IBMAML-00217020,Credit Card,0
IBMAML-00217021,ACH,0
IBMAML-00217022,Wire,0
IBMAML-00217297,Reinvestment,0
IBMAML-00217337,Reinvestment,0
IBMAML-00217386,Reinvestment,0
IBMAML-00217486,Reinvestment,0
IBMAML-00217509,Cheque,0
IBMAML-00217510,Credit Card,0
IBMAML-00217511,Cash,0
IBMAML-00217548,Cheque,0
IBMAML-00217549,Credit Card,0
IBMAML-00217552,Reinvestment,0
IBMAML-00217553,Reinvestment,0
IBMAML-00217618,Reinvestment,0
IBMAML-00217619,Reinvestment,0
IBMAML-00217767,Reinvestment,0
IBMAML-00217796,Reinvestment,0
IBMAML-00217799,Cheque,0
IBMAML-00217800,Credit Card,0
IBMAML-00217801,Cash,0
IBMAML-00217817,Cheque,0
IBMAML-00217818,Cash,0
IBMAML-00217903,Cheque,0
IBMAML-00217904,Credit Card,0
IBMAML-00217905,Reinvestment,0
IBMAML-00217906,Wire,0
IBMAML-00217919,Reinvestment,0
IBMAML-00217937,Reinvestment,0
IBMAML-00217939,Reinvestment,0
IBMAML-00217943,Reinvestment,0
IBMAML-00217950,Cheque,0
IBMAML-00217962,Cheque,0
IBMAML-00218030,Reinvestment,0
IBMAML-00218031,Cheque,0
IBMAML-00218032,Credit Card,0
IBMAML-00218033,Reinvestment,0
IBMAML-00218111,Cheque,0
IBMAML-00218112,Credit Card,0
IBMAML-00218140,Reinvestment,0
IBMAML-00218141,Cheque,0
IBMAML-00218158,Reinvestment,0
IBMAML-00218252,Reinvestment,0
IBMAML-00218286,Reinvestment,0
IBMAML-00218288,ACH,0
IBMAML-00218290,Cheque,0
IBMAML-00218296,Reinvestment,0
IBMAML-00218493,Reinvestment,0
IBMAML-00218495,Reinvestment,0
IBMAML-00218514,Credit Card,0
IBMAML-00218515,Cash,0
IBMAML-00218574,Reinvestment,0
IBMAML-00218623,Reinvestment,0
IBMAML-00218626,Reinvestment,0
IBMAML-00218642,Cheque,0
IBMAML-00218643,Reinvestment,0
IBMAML-00218680,Cheque,0
IBMAML-00218681,Credit Card,0
IBMAML-00218703,Reinvestment,0
IBMAML-00218727,Reinvestment,0
IBMAML-00218887,Reinvestment,0
IBMAML-00218916,Cheque,0
IBMAML-00218917,Cash,0
IBMAML-00218932,Cheque,0
IBMAML-00218935,Cheque,0
IBMAML-00218970,Reinvestment,0
IBMAML-00218972,Reinvestment,0
IBMAML-00219032,Reinvestment,0
IBMAML-00219033,Cheque,0
IBMAML-00219034,ACH,0
IBMAML-00219065,Cheque,0
IBMAML-00219066,Credit Card,0
IBMAML-00219067,Cash,0
IBMAML-00219094,Reinvestment,0
IBMAML-00219144,Cheque,0
IBMAML-00219183,Reinvestment,0
IBMAML-00219210,Cheque,0
IBMAML-00219211,Wire,0
IBMAML-00219255,Reinvestment,0
IBMAML-00219356,Cheque,0
IBMAML-00219357,Cash,0
IBMAML-00219398,Reinvestment,0
IBMAML-00219433,Cheque,0
IBMAML-00219482,Reinvestment,0
IBMAML-00219575,Cheque,0
IBMAML-00219576,Credit Card,0
IBMAML-00219577,Cash,0
IBMAML-00219608,Cheque,0
IBMAML-00219609,Credit Card,0
IBMAML-00219625,Reinvestment,0
IBMAML-00219626,Reinvestment,0
IBMAML-00219682,Cheque,0
IBMAML-00219874,Cheque,0
IBMAML-00219875,Credit Card,0
IBMAML-00219876,Cash,0
IBMAML-00219953,Cheque,0
IBMAML-00220019,Cheque,0
IBMAML-00220020,Credit Card,0
IBMAML-00220056,Reinvestment,0
IBMAML-00220191,Reinvestment,0
IBMAML-00220242,Cheque,0
IBMAML-00220243,Credit Card,0
IBMAML-00220265,ACH,0
IBMAML-00220272,Reinvestment,0
IBMAML-00220279,Cheque,0
IBMAML-00220280,Cash,0
IBMAML-00220305,Reinvestment,0
IBMAML-00220400,Cheque,0
IBMAML-00220401,Credit Card,0
IBMAML-00220477,Cheque,0
IBMAML-00220478,Credit Card,0
IBMAML-00220479,Cash,0
IBMAML-00220514,Reinvestment,0
IBMAML-00220515,Reinvestment,0
IBMAML-00220540,Reinvestment,0
IBMAML-00220653,Reinvestment,0
IBMAML-00220707,Reinvestment,0
IBMAML-00220713,Reinvestment,0
IBMAML-00220719,Reinvestment,0
IBMAML-00220768,Cheque,0
IBMAML-00220769,Credit Card,0
IBMAML-00220770,Cash,0
IBMAML-00220783,Reinvestment,0
IBMAML-00220796,Credit Card,0
IBMAML-00220827,Cheque,0
IBMAML-00220830,Cheque,0
IBMAML-00220831,Credit Card,0
IBMAML-00220832,Cash,0
IBMAML-00220939,Reinvestment,0
IBMAML-00220950,Reinvestment,0
IBMAML-00220955,Cheque,0
IBMAML-00220958,Cheque,0
IBMAML-00220971,Cheque,0
IBMAML-00220972,Credit Card,0
IBMAML-00220973,Cash,0
IBMAML-00221023,Reinvestment,0
IBMAML-00221048,Cheque,0
IBMAML-00221049,ACH,0
IBMAML-00221058,Cheque,0
IBMAML-00221092,Cheque,0
IBMAML-00221093,Credit Card,0
IBMAML-00221094,Cash,0
IBMAML-00221101,Cheque,0
IBMAML-00221102,Cash,0
IBMAML-00221226,Cheque,0
IBMAML-00221227,Credit Card,0
IBMAML-00221237,Cheque,0
IBMAML-00221238,Credit Card,0
IBMAML-00221241,Reinvestment,0
IBMAML-00221378,Cash,0
IBMAML-00221451,Reinvestment,0
IBMAML-00221545,Cheque,0
IBMAML-00221546,Cash,0
IBMAML-00221616,Cheque,0
IBMAML-00221617,Credit Card,0
IBMAML-00221641,Cheque,0
IBMAML-00221642,Credit Card,0
IBMAML-00221643,Cash,0
IBMAML-00221644,Cheque,0
IBMAML-00221645,Credit Card,0
IBMAML-00221646,Cash,0
IBMAML-00221752,Cheque,0
IBMAML-00221753,Credit Card,0
IBMAML-00221789,Cheque,0
IBMAML-00221790,Cash,0
IBMAML-00221966,Reinvestment,0
IBMAML-00221982,Reinvestment,0
IBMAML-00222028,Reinvestment,0
IBMAML-00222036,Cheque,0
IBMAML-00222037,Cash,0
IBMAML-00222058,Cheque,0
IBMAML-00222066,Cheque,0
IBMAML-00222067,Cash,0
IBMAML-00222103,Cheque,0
IBMAML-00222104,Credit Card,0
IBMAML-00222142,Credit Card,0
IBMAML-00222169,Cheque,0
IBMAML-00222170,Credit Card,0
IBMAML-00222171,Cash,0
IBMAML-00222193,Cheque,0
IBMAML-00222221,ACH,0
IBMAML-00222222,Cheque,0
IBMAML-00222239,Reinvestment,0
IBMAML-00222296,Cheque,0
IBMAML-00222297,Cash,0
IBMAML-00222334,Cheque,0
IBMAML-00222335,Cash,0
IBMAML-00222473,Cheque,0
IBMAML-00222474,Cash,0
IBMAML-00222488,Reinvestment,0
IBMAML-00222500,Reinvestment,0
IBMAML-00222848,Reinvestment,0
IBMAML-00222849,Reinvestment,0
IBMAML-00222853,Reinvestment,0
IBMAML-00222882,Cheque,0
IBMAML-00222909,Credit Card,0
IBMAML-00222925,Cheque,0
IBMAML-00222926,Cash,0
IBMAML-00222957,Reinvestment,0
IBMAML-00222972,Reinvestment,0
IBMAML-00223017,Cheque,0
IBMAML-00223018,Cash,0
IBMAML-00223229,Reinvestment,0
IBMAML-00223246,Cheque,0
IBMAML-00223264,Cheque,0
IBMAML-00223265,Credit Card,0
IBMAML-00223266,Cash,0
IBMAML-00223335,Reinvestment,0
IBMAML-00223336,Reinvestment,0
IBMAML-00223346,Cheque,0
IBMAML-00223347,Cash,0
IBMAML-00223379,Cheque,0
IBMAML-00223380,Cash,0
IBMAML-00223450,Cheque,0
IBMAML-00223451,Credit Card,0
IBMAML-00223452,Cash,0
IBMAML-00223520,Cheque,0
IBMAML-00223521,Credit Card,0
IBMAML-00223526,Cheque,0
IBMAML-00223527,Credit Card,0
IBMAML-00223730,Cheque,0
IBMAML-00223731,Credit Card,0
IBMAML-00223736,Reinvestment,0
IBMAML-00223739,Reinvestment,0
IBMAML-00223760,Reinvestment,0
IBMAML-00223774,Cheque,0
IBMAML-00223775,Credit Card,0
IBMAML-00223817,Cheque,0
IBMAML-00223818,Credit Card,0
IBMAML-00223819,Cash,0
IBMAML-00223869,Reinvestment,0
IBMAML-00223879,Cheque,0
IBMAML-00223880,Credit Card,0
IBMAML-00223881,Cash,0
IBMAML-00223915,Reinvestment,0
IBMAML-00223916,Reinvestment,0
IBMAML-00223920,Reinvestment,0
IBMAML-00223938,Cheque,0
IBMAML-00223939,Cheque,0
IBMAML-00223940,ACH,0
IBMAML-00223971,Cheque,0
IBMAML-00223972,Credit Card,0
IBMAML-00223973,Cash,0
IBMAML-00224009,Reinvestment,0
IBMAML-00224011,Cheque,0
IBMAML-00224012,Credit Card,0
IBMAML-00224013,ACH,0
IBMAML-00224221,Cheque,0
IBMAML-00224222,Credit Card,0
IBMAML-00224223,Cash,0
IBMAML-00224446,Reinvestment,0
IBMAML-00224494,Reinvestment,0
IBMAML-00224495,Reinvestment,0
IBMAML-00224532,Cheque,0
IBMAML-00224533,Cash,0
IBMAML-00224538,Cheque,0
IBMAML-00224559,Reinvestment,0
IBMAML-00224709,Cheque,0
IBMAML-00224710,Credit Card,0
IBMAML-00224711,Cash,0
IBMAML-00224725,Reinvestment,0
IBMAML-00224749,Cheque,0
IBMAML-00224750,Credit Card,0
IBMAML-00224751,Cash,0
IBMAML-00224805,Reinvestment,0
IBMAML-00224883,Reinvestment,0
IBMAML-00224886,Cheque,0
IBMAML-00224976,Reinvestment,0
IBMAML-00225121,Reinvestment,0
IBMAML-00225143,Cheque,0
IBMAML-00225144,Cash,0
IBMAML-00225169,Cheque,0
IBMAML-00225170,Credit Card,0
IBMAML-00225171,Cash,0
IBMAML-00225252,Reinvestment,0
IBMAML-00225264,Reinvestment,0
IBMAML-00225399,Cheque,0
IBMAML-00225400,Credit Card,0
IBMAML-00225401,Cash,0
IBMAML-00225454,Reinvestment,0
IBMAML-00225586,Cash,0
IBMAML-00225594,ACH,0
IBMAML-00225595,Cheque,0
IBMAML-00225698,Cheque,0
IBMAML-00225699,Credit Card,0
IBMAML-00225722,Reinvestment,0
IBMAML-00225822,Reinvestment,0
IBMAML-00225865,Reinvestment,0
IBMAML-00225869,Reinvestment,0
IBMAML-00225876,Reinvestment,0
IBMAML-00225884,Cheque,0
IBMAML-00225885,Credit Card,0
IBMAML-00225886,Cash,0
IBMAML-00225903,Cheque,0
IBMAML-00225904,Credit Card,0
IBMAML-00225905,Cash,0
IBMAML-00225906,Reinvestment,0
IBMAML-00225988,Reinvestment,0
IBMAML-00225997,Reinvestment,0
IBMAML-00225998,Reinvestment,0
IBMAML-00226075,Reinvestment,0
IBMAML-00226139,Reinvestment,0
IBMAML-00226145,Credit Card,0
IBMAML-00226146,Cash,0
IBMAML-00226325,Cheque,0
IBMAML-00226326,Credit Card,0
IBMAML-00226351,Cheque,0
IBMAML-00226352,Credit Card,0
IBMAML-00226396,Cheque,0
IBMAML-00226397,Credit Card,0
IBMAML-00226398,Cash,0
IBMAML-00226418,Reinvestment,0
IBMAML-00226610,Cheque,0
IBMAML-00226611,Credit Card,0
IBMAML-00226612,Cash,0
IBMAML-00226617,Cheque,0
IBMAML-00226618,Credit Card,0
IBMAML-00226619,Cash,0
IBMAML-00226650,Credit Card,0
IBMAML-00226812,Cheque,0
IBMAML-00226813,Cash,0
IBMAML-00226834,Cheque,0
IBMAML-00226857,Cheque,0
IBMAML-00226858,Credit Card,0
IBMAML-00226861,Reinvestment,0
IBMAML-00226919,Cash,0
IBMAML-00226968,Cheque,0
IBMAML-00226969,Credit Card,0
IBMAML-00226970,Cash,0
IBMAML-00227006,Reinvestment,0
IBMAML-00227007,ACH,0
IBMAML-00227009,Reinvestment,0
IBMAML-00227034,Cheque,0
IBMAML-00227035,Credit Card,0
IBMAML-00227036,Cash,0
IBMAML-00227038,Reinvestment,0
IBMAML-00227125,Reinvestment,0
IBMAML-00227126,Reinvestment,0
IBMAML-00227127,Reinvestment,0
IBMAML-00227166,Cheque,0
IBMAML-00227167,Credit Card,0
IBMAML-00227168,Cash,0
IBMAML-00227169,Wire,0
IBMAML-00227207,Reinvestment,0
IBMAML-00227261,Cheque,0
IBMAML-00227262,Credit Card,0
IBMAML-00227316,Cheque,0
IBMAML-00227317,Credit Card,0
IBMAML-00227348,Reinvestment,0
IBMAML-00227356,Reinvestment,0
IBMAML-00227382,Reinvestment,0
IBMAML-00227383,Reinvestment,0
IBMAML-00227385,ACH,0
IBMAML-00227493,Cash,0
IBMAML-00227494,Reinvestment,0
IBMAML-00227532,Credit Card,0
IBMAML-00227623,Reinvestment,0
IBMAML-00227624,Reinvestment,0
IBMAML-00227628,Reinvestment,0
IBMAML-00227646,Reinvestment,0
IBMAML-00227760,Reinvestment,0
IBMAML-00227911,Reinvestment,0
IBMAML-00227915,Reinvestment,0
IBMAML-00227973,Cash,0
IBMAML-00227995,Cheque,0
IBMAML-00227996,Credit Card,0
IBMAML-00227997,Cash,0
IBMAML-00228000,Reinvestment,0
IBMAML-00228002,Reinvestment,0
IBMAML-00228365,Cheque,0
IBMAML-00228366,Credit Card,0
IBMAML-00228367,Cash,0
IBMAML-00228444,Cheque,0
IBMAML-00228445,Credit Card,0
IBMAML-00228451,Reinvestment,0
IBMAML-00228452,Reinvestment,0
IBMAML-00228639,Cheque,0
IBMAML-00228640,Credit Card,0
IBMAML-00228645,Reinvestment,0
IBMAML-00228677,Cheque,0
IBMAML-00228678,Credit Card,0
IBMAML-00228820,Reinvestment,0
IBMAML-00228855,Cheque,0
IBMAML-00228899,Cheque,0
IBMAML-00228900,Credit Card,0
IBMAML-00228942,Cheque,0
IBMAML-00228943,Credit Card,0
IBMAML-00228944,Cash,0
IBMAML-00228949,Reinvestment,0
IBMAML-00228969,Reinvestment,0
IBMAML-00228991,Cheque,0
IBMAML-00229053,Cheque,0
IBMAML-00229054,Credit Card,0
IBMAML-00229055,Cash,0
IBMAML-00229098,Reinvestment,0
IBMAML-00229100,Reinvestment,0
IBMAML-00229101,Cheque,0
IBMAML-00229102,Credit Card,0
IBMAML-00229103,Cash,0
IBMAML-00229169,Cheque,0
IBMAML-00229170,Credit Card,0
IBMAML-00229171,Cash,0
IBMAML-00229344,Reinvestment,0
IBMAML-00229521,Cheque,0
IBMAML-00229522,Credit Card,0
IBMAML-00229528,Reinvestment,0
IBMAML-00229530,Reinvestment,0
IBMAML-00229550,Reinvestment,0
IBMAML-00229551,Cheque,0
IBMAML-00229552,Credit Card,0
IBMAML-00229553,ACH,0
IBMAML-00229583,Cheque,0
IBMAML-00229584,Cash,0
IBMAML-00229614,Cheque,0
IBMAML-00229615,Credit Card,0
IBMAML-00229629,Cash,0
IBMAML-00229658,Cheque,0
IBMAML-00229659,Credit Card,0
IBMAML-00229711,Cheque,0
IBMAML-00229712,Credit Card,0
IBMAML-00229769,Reinvestment,0
IBMAML-00229780,Reinvestment,0
IBMAML-00229781,Reinvestment,0
IBMAML-00229788,Cheque,0
IBMAML-00229789,ACH,0
IBMAML-00229810,Cheque,0
IBMAML-00229811,Credit Card,0
IBMAML-00229865,Reinvestment,0
IBMAML-00229905,Cheque,0
IBMAML-00229906,Cash,0
IBMAML-00230034,Cheque,0
IBMAML-00230035,Credit Card,0
IBMAML-00230036,ACH,0
IBMAML-00230056,Reinvestment,0
IBMAML-00230145,Cheque,0
IBMAML-00230146,Credit Card,0
IBMAML-00230147,Cash,0
IBMAML-00230198,Reinvestment,0
IBMAML-00230249,Reinvestment,0
IBMAML-00230262,Cheque,0
IBMAML-00230263,Credit Card,0
IBMAML-00230264,Cash,0
IBMAML-00230306,Cheque,0
IBMAML-00230307,Credit Card,0
IBMAML-00230310,Cheque,0
IBMAML-00230311,Credit Card,0
IBMAML-00230332,Cheque,0
IBMAML-00230333,Credit Card,0
IBMAML-00230334,Cash,0
IBMAML-00230335,ACH,0
IBMAML-00230512,Cheque,0
IBMAML-00230533,Reinvestment,0
IBMAML-00230534,Reinvestment,0
IBMAML-00230536,Reinvestment,0
IBMAML-00230537,Reinvestment,0
IBMAML-00230679,Cheque,0
IBMAML-00230681,Reinvestment,0
IBMAML-00230684,Reinvestment,0
IBMAML-00230732,Cheque,0
IBMAML-00230733,Credit Card,0
IBMAML-00230830,Reinvestment,0
IBMAML-00230831,Cheque,0
IBMAML-00230832,Reinvestment,0
IBMAML-00230859,Cheque,0
IBMAML-00230860,Cash,0
IBMAML-00230871,Cheque,0
IBMAML-00230950,Cheque,0
IBMAML-00230951,Credit Card,0
IBMAML-00230952,Cash,0
IBMAML-00230954,Reinvestment,0
IBMAML-00230976,Cheque,0
IBMAML-00230977,Cash,0
IBMAML-00231027,ACH,0
IBMAML-00231075,Cheque,0
IBMAML-00231076,Credit Card,0
IBMAML-00231077,Cash,0
IBMAML-00231080,Cheque,0
IBMAML-00231081,Credit Card,0
IBMAML-00231089,Reinvestment,0
IBMAML-00231090,Cheque,0
IBMAML-00231095,Cheque,0
IBMAML-00231096,Credit Card,0
IBMAML-00231097,Cash,0
IBMAML-00231103,Reinvestment,0
IBMAML-00231104,Cheque,0
IBMAML-00231106,Reinvestment,0
IBMAML-00231113,Reinvestment,0
IBMAML-00231152,Cheque,0
IBMAML-00231153,Credit Card,0
IBMAML-00231165,Reinvestment,0
IBMAML-00231171,Cheque,0
IBMAML-00231172,Credit Card,0
IBMAML-00231262,Reinvestment,0
IBMAML-00231263,Reinvestment,0
IBMAML-00231380,Cheque,0
IBMAML-00231381,Credit Card,0
IBMAML-00231461,Reinvestment,0
IBMAML-00231474,Reinvestment,0
IBMAML-00231532,Cheque,0
IBMAML-00231533,Cash,0
IBMAML-00231534,Reinvestment,0
IBMAML-00231537,Cheque,0
IBMAML-00231538,Credit Card,0
IBMAML-00231539,Cash,0
IBMAML-00231544,Cheque,0
IBMAML-00231545,Credit Card,0
IBMAML-00231553,Reinvestment,0
IBMAML-00231651,Cheque,0
IBMAML-00231653,Reinvestment,0
IBMAML-00231743,Cheque,0
IBMAML-00231744,Credit Card,0
IBMAML-00231753,Reinvestment,0
IBMAML-00231754,Cheque,0
IBMAML-00231755,Cash,0
IBMAML-00231796,Cheque,0
IBMAML-00231797,Credit Card,0
IBMAML-00231798,Cash,0
IBMAML-00231805,Cheque,0
IBMAML-00231806,Cash,0
IBMAML-00231828,Cheque,0
IBMAML-00231848,Cheque,0
IBMAML-00231849,Credit Card,0
IBMAML-00231850,Cash,0
IBMAML-00231855,Reinvestment,0
IBMAML-00231899,Cheque,0
IBMAML-00231900,Cash,0
IBMAML-00231933,Cheque,0
IBMAML-00231934,Credit Card,0
IBMAML-00232035,Reinvestment,0
IBMAML-00232036,Reinvestment,0
IBMAML-00232178,Cheque,0
IBMAML-00232224,Cheque,0
IBMAML-00232225,Credit Card,0
IBMAML-00232248,Cheque,0
IBMAML-00232249,Credit Card,0
IBMAML-00232374,Cheque,0
IBMAML-00232375,ACH,0
IBMAML-00232390,Cheque,0
IBMAML-00232423,Reinvestment,0
IBMAML-00232538,ACH,0
IBMAML-00232539,Reinvestment,0
IBMAML-00232572,Cheque,0
IBMAML-00232612,Cheque,0
IBMAML-00232613,Cheque,0
IBMAML-00232614,Credit Card,0
IBMAML-00232615,Cash,0
IBMAML-00232712,Reinvestment,0
IBMAML-00232823,Reinvestment,0
IBMAML-00232826,Cheque,0
IBMAML-00232827,Cash,0
IBMAML-00232832,Reinvestment,0
IBMAML-00232873,Cheque,0
IBMAML-00232874,Credit Card,0
IBMAML-00232875,Cash,0
IBMAML-00233088,Reinvestment,0
IBMAML-00233089,Reinvestment,0
IBMAML-00233115,Reinvestment,0
IBMAML-00233116,Cheque,0
IBMAML-00233253,Cheque,0
IBMAML-00233265,Cheque,0
IBMAML-00233266,Cash,0
IBMAML-00233279,Cheque,0
IBMAML-00233280,Credit Card,0
IBMAML-00233362,Cheque,0
IBMAML-00233363,Cash,0
IBMAML-00233398,Cheque,0
IBMAML-00233399,Credit Card,0
IBMAML-00233400,Cash,0
IBMAML-00233402,ACH,0
IBMAML-00233462,Reinvestment,0
IBMAML-00233506,Reinvestment,0
IBMAML-00233528,Reinvestment,0
IBMAML-00233632,Cheque,0
IBMAML-00233633,Credit Card,0
IBMAML-00233634,Cash,0
IBMAML-00233724,Reinvestment,0
IBMAML-00233846,Cheque,0
IBMAML-00233847,Cash,0
IBMAML-00233897,Cheque,0
IBMAML-00233898,Cash,0
IBMAML-00233918,Credit Card,0
IBMAML-00233919,Cash,0
IBMAML-00233925,Reinvestment,0
IBMAML-00234027,Cheque,0
IBMAML-00234028,Credit Card,0
IBMAML-00234086,Reinvestment,0
IBMAML-00234088,Reinvestment,0
IBMAML-00234095,Reinvestment,0
IBMAML-00234096,Reinvestment,0
IBMAML-00234109,Cheque,0
IBMAML-00234110,Credit Card,0
IBMAML-00234126,Cheque,0
IBMAML-00234127,Credit Card,0
IBMAML-00234128,Cash,0
IBMAML-00234211,Cheque,0
IBMAML-00234212,Cash,0
IBMAML-00234506,Cash,0
IBMAML-00234609,Cheque,0
IBMAML-00234610,Cash,0
IBMAML-00234621,Cheque,0
IBMAML-00234622,Cash,0
IBMAML-00234707,Cheque,0
IBMAML-00234767,Reinvestment,0
IBMAML-00234780,Reinvestment,0
IBMAML-00234781,Cheque,0
IBMAML-00234782,Cash,0
IBMAML-00234822,Cheque,0
IBMAML-00234823,Credit Card,0
IBMAML-00234824,Cash,0
IBMAML-00234886,Reinvestment,0
IBMAML-00234895,Reinvestment,0
IBMAML-00234907,Cheque,0
IBMAML-00234908,Credit Card,0
IBMAML-00235191,Cheque,0
IBMAML-00235192,Credit Card,0
IBMAML-00235193,Reinvestment,0
IBMAML-00235224,Reinvestment,0
IBMAML-00235225,Cheque,0
IBMAML-00235240,Cheque,0
IBMAML-00235242,Cheque,0
IBMAML-00235265,Reinvestment,0
IBMAML-00235282,Cheque,0
IBMAML-00235283,Credit Card,0
IBMAML-00235284,Cash,0
IBMAML-00235294,Cheque,0
IBMAML-00235310,Reinvestment,0
IBMAML-00235323,Reinvestment,0
IBMAML-00235341,Cheque,0
IBMAML-00235360,Reinvestment,0
IBMAML-00235384,Cheque,0
IBMAML-00235385,ACH,0
IBMAML-00235394,Cheque,0
IBMAML-00235395,Credit Card,0
IBMAML-00235396,Cash,0
IBMAML-00235425,Cheque,0
IBMAML-00235443,Credit Card,0
IBMAML-00235457,Cheque,0
IBMAML-00235458,Credit Card,0
IBMAML-00235471,Cheque,0
IBMAML-00235472,Credit Card,0
IBMAML-00235473,Cash,0
IBMAML-00235475,Cheque,0
IBMAML-00235476,Credit Card,0
IBMAML-00235498,Cheque,0
IBMAML-00235499,Credit Card,0
IBMAML-00235500,Cash,0
IBMAML-00235502,ACH,0
IBMAML-00235504,Reinvestment,0
IBMAML-00235517,Reinvestment,0
IBMAML-00235534,Cheque,0
IBMAML-00235535,Credit Card,0
IBMAML-00235536,Cash,0
IBMAML-00235596,Cheque,0
IBMAML-00235645,Reinvestment,0
IBMAML-00235700,Cheque,0
IBMAML-00235701,Cash,0
IBMAML-00235721,Cheque,0
IBMAML-00235722,Credit Card,0
IBMAML-00235723,Cash,0
IBMAML-00235873,Cheque,0
IBMAML-00235874,Cheque,0
IBMAML-00235875,Credit Card,0
IBMAML-00235876,Cash,0
IBMAML-00235877,Reinvestment,0
IBMAML-00235878,Reinvestment,0
IBMAML-00235890,Reinvestment,0
IBMAML-00235903,Cheque,0
IBMAML-00235904,Cash,0
IBMAML-00235957,Reinvestment,0
IBMAML-00235959,Cheque,0
IBMAML-00235960,Credit Card,0
IBMAML-00235966,Cheque,0
IBMAML-00235980,Reinvestment,0
IBMAML-00236052,Reinvestment,0
IBMAML-00236145,Cash,0
IBMAML-00236173,Reinvestment,0
IBMAML-00236174,Reinvestment,0
IBMAML-00236196,Cash,0
IBMAML-00236200,Cheque,0
IBMAML-00236201,Credit Card,0
IBMAML-00236202,Cash,0
IBMAML-00236237,ACH,0
IBMAML-00236259,Cheque,0
IBMAML-00236260,Credit Card,0
IBMAML-00236413,Cheque,0
IBMAML-00236414,Credit Card,0
IBMAML-00236415,Cash,0
IBMAML-00236462,Reinvestment,0
IBMAML-00236465,Reinvestment,0
IBMAML-00236587,Cheque,0
IBMAML-00236588,Credit Card,0
IBMAML-00236589,Cash,0
IBMAML-00236606,Cheque,0
IBMAML-00236607,Credit Card,0
IBMAML-00236608,Cash,0
IBMAML-00236611,Cheque,0
IBMAML-00236612,Credit Card,0
IBMAML-00236613,Cash,0
IBMAML-00236637,Cheque,0
IBMAML-00236638,Cash,0
IBMAML-00236700,Cheque,0
IBMAML-00236701,Cash,0
IBMAML-00236722,Reinvestment,0
IBMAML-00236770,Cheque,0
IBMAML-00236776,Reinvestment,0
IBMAML-00236802,Reinvestment,0
IBMAML-00236879,Cheque,0
IBMAML-00236881,Reinvestment,0
IBMAML-00236882,Cheque,0
IBMAML-00236883,Reinvestment,0
IBMAML-00236919,Cheque,0
IBMAML-00236955,Reinvestment,0
IBMAML-00236969,Cheque,0
IBMAML-00236975,Cheque,0
IBMAML-00237036,Cheque,0
IBMAML-00237037,Credit Card,0
IBMAML-00237038,Cash,0
IBMAML-00237047,Cheque,0
IBMAML-00237048,Cash,0
IBMAML-00237146,Cheque,0
IBMAML-00237172,Cheque,0
IBMAML-00237173,Credit Card,0
IBMAML-00237192,Cheque,0
IBMAML-00237193,Credit Card,0
IBMAML-00237202,Cheque,0
IBMAML-00237203,Credit Card,0
IBMAML-00237207,Reinvestment,0
IBMAML-00237229,Reinvestment,0
IBMAML-00237258,Cheque,0
IBMAML-00237259,Credit Card,0
IBMAML-00237299,Credit Card,0
IBMAML-00237320,Reinvestment,0
IBMAML-00237321,Reinvestment,0
IBMAML-00237390,Reinvestment,0
IBMAML-00237441,Reinvestment,0
IBMAML-00237447,Reinvestment,0
IBMAML-00237473,Cheque,0
IBMAML-00237474,Credit Card,0
IBMAML-00237499,Cheque,0
IBMAML-00237500,Cash,0
IBMAML-00237551,Reinvestment,0
IBMAML-00237555,Cheque,0
IBMAML-00237556,Credit Card,0
IBMAML-00237557,Cash,0
IBMAML-00237575,Reinvestment,0
IBMAML-00237645,Reinvestment,0
IBMAML-00237672,Cheque,0
IBMAML-00237673,Credit Card,0
IBMAML-00237674,Cash,0
IBMAML-00237740,Cash,0
IBMAML-00237796,Reinvestment,0
IBMAML-00237803,Cheque,0
IBMAML-00237804,Credit Card,0
IBMAML-00237805,Cash,0
IBMAML-00237854,Reinvestment,0
IBMAML-00237855,Reinvestment,0
IBMAML-00238137,Reinvestment,0
IBMAML-00238248,Cash,0
IBMAML-00238312,Cheque,0
IBMAML-00238313,Credit Card,0
IBMAML-00238351,Reinvestment,0
IBMAML-00238405,Cheque,0
IBMAML-00238483,Cheque,0
IBMAML-00238577,Cheque,0
IBMAML-00238578,Cash,0
IBMAML-00238583,Reinvestment,0
IBMAML-00238585,Cheque,0
IBMAML-00238586,Cash,0
IBMAML-00238651,Reinvestment,0
IBMAML-00238720,Reinvestment,0
IBMAML-00238848,Reinvestment,0
IBMAML-00238938,Cheque,0
IBMAML-00238939,Credit Card,0
IBMAML-00238994,Cheque,0
IBMAML-00238995,Credit Card,0
IBMAML-00238996,Cash,0
IBMAML-00239019,ACH,0
IBMAML-00239020,Reinvestment,0
IBMAML-00239166,Reinvestment,0
IBMAML-00239191,Cheque,0
IBMAML-00239192,Cash,0
IBMAML-00239200,Reinvestment,0
IBMAML-00239281,Cheque,0
IBMAML-00239282,Credit Card,0
IBMAML-00239283,Cash,0
IBMAML-00239298,Cheque,0
IBMAML-00239299,Credit Card,0
IBMAML-00239300,Cash,0
IBMAML-00239328,Cheque,0
IBMAML-00239329,Credit Card,0
IBMAML-00239337,Cheque,0
IBMAML-00239338,Cash,0
IBMAML-00239345,Reinvestment,0
IBMAML-00239391,Cheque,0
IBMAML-00239392,Credit Card,0
IBMAML-00239393,Cash,0
IBMAML-00239432,Cheque,0
IBMAML-00239477,Cheque,0
IBMAML-00239478,Credit Card,0
IBMAML-00239479,Cash,0
IBMAML-00239551,Cheque,0
IBMAML-00239552,Credit Card,0
IBMAML-00239553,Cash,0
IBMAML-00239639,Cheque,0
IBMAML-00239640,Credit Card,0
IBMAML-00239641,Cash,0
IBMAML-00239714,Cheque,0
IBMAML-00239715,Credit Card,0
IBMAML-00239716,Cash,0
IBMAML-00239720,Reinvestment,0
IBMAML-00239721,Reinvestment,0
IBMAML-00239725,Cheque,0
IBMAML-00239726,Credit Card,0
IBMAML-00239727,Cash,0
IBMAML-00239767,Cheque,0
IBMAML-00239788,Cheque,0
IBMAML-00239789,Credit Card,0
IBMAML-00239790,Cash,0
IBMAML-00239829,Reinvestment,0
IBMAML-00239830,Reinvestment,0
IBMAML-00239891,Reinvestment,0
IBMAML-00239892,Reinvestment,0
IBMAML-00239920,Reinvestment,0
IBMAML-00239932,Reinvestment,0
IBMAML-00239944,Cheque,0
IBMAML-00239945,Credit Card,0
IBMAML-00239946,Cash,0
IBMAML-00240047,Cheque,0
IBMAML-00240173,Cheque,0
IBMAML-00240174,Credit Card,0
IBMAML-00240228,Reinvestment,0
IBMAML-00240236,Reinvestment,0
IBMAML-00240239,Reinvestment,0
IBMAML-00240361,Cheque,0
IBMAML-00240363,Reinvestment,0
IBMAML-00240403,Reinvestment,0
IBMAML-00240409,ACH,0
IBMAML-00240416,Reinvestment,0
IBMAML-00240501,Reinvestment,0
IBMAML-00240513,Reinvestment,0
IBMAML-00240528,Reinvestment,0
IBMAML-00240529,Reinvestment,0
IBMAML-00240643,Reinvestment,0
IBMAML-00240660,Cheque,0
IBMAML-00240661,Credit Card,0
IBMAML-00240662,Cash,0
IBMAML-00240663,ACH,0
IBMAML-00240664,Wire,0
IBMAML-00240732,Cheque,0
IBMAML-00240735,Reinvestment,0
IBMAML-00240874,Reinvestment,0
IBMAML-00240983,Cash,0
IBMAML-00241029,Reinvestment,0
IBMAML-00241032,Cheque,0
IBMAML-00241041,Reinvestment,0
IBMAML-00241062,Cheque,0
IBMAML-00241103,Cheque,0
IBMAML-00241104,Credit Card,0
IBMAML-00241105,Cash,0
IBMAML-00241143,Cheque,0
IBMAML-00241144,Credit Card,0
IBMAML-00241145,Cash,0
IBMAML-00241153,Reinvestment,0
IBMAML-00241218,Reinvestment,0
IBMAML-00241219,ACH,0
IBMAML-00241220,Cheque,0
IBMAML-00241221,Credit Card,0
IBMAML-00241222,Cash,0
IBMAML-00241223,ACH,0
IBMAML-00241224,Credit Card,0
IBMAML-00241235,Reinvestment,0
IBMAML-00241278,Cheque,0
IBMAML-00241279,Credit Card,0
IBMAML-00241421,Cheque,0
IBMAML-00241422,Credit Card,0
IBMAML-00241423,Cheque,0
IBMAML-00241424,Credit Card,0
IBMAML-00241437,Reinvestment,0
IBMAML-00241441,Cheque,0
IBMAML-00241501,Cheque,0
IBMAML-00241502,Cash,0
IBMAML-00241529,Reinvestment,0
IBMAML-00241569,Cheque,0
IBMAML-00241570,Credit Card,0
IBMAML-00241572,Cheque,0
IBMAML-00241573,Cash,0
IBMAML-00241661,Cheque,0
IBMAML-00241666,Cheque,0
IBMAML-00241719,Reinvestment,0
IBMAML-00241735,Cheque,0
IBMAML-00241801,Reinvestment,0
IBMAML-00241802,Reinvestment,0
IBMAML-00241825,Cheque,0
IBMAML-00241826,Cash,0
IBMAML-00241886,Cheque,0
IBMAML-00241970,Reinvestment,0
IBMAML-00241972,Cheque,0
IBMAML-00241973,Reinvestment,0
IBMAML-00241974,Reinvestment,0
IBMAML-00241976,Cheque,0
IBMAML-00241977,Credit Card,0
IBMAML-00242000,Reinvestment,0
IBMAML-00242076,Reinvestment,0
IBMAML-00242098,Reinvestment,0
IBMAML-00242115,Cheque,0
IBMAML-00242116,Credit Card,0
IBMAML-00242117,Cash,0
IBMAML-00242152,Cheque,0
IBMAML-00242153,Credit Card,0
IBMAML-00242154,ACH,0
IBMAML-00242339,Cheque,0
IBMAML-00242340,Credit Card,0
IBMAML-00242343,Cheque,0
IBMAML-00242386,Cheque,0
IBMAML-00242387,Credit Card,0
IBMAML-00242388,Cash,0
IBMAML-00242647,Cheque,0
IBMAML-00242648,Cash,0
IBMAML-00242810,Reinvestment,0
IBMAML-00242812,Cheque,0
IBMAML-00242813,Reinvestment,0
IBMAML-00242854,Cheque,0
IBMAML-00242855,Credit Card,0
IBMAML-00242856,Cash,0
IBMAML-00242950,Cheque,0
IBMAML-00242951,Credit Card,0
IBMAML-00242952,Cash,0
IBMAML-00242992,Cheque,0
IBMAML-00242993,Cash,0
IBMAML-00243023,Reinvestment,0
IBMAML-00243082,Cheque,0
IBMAML-00243083,Wire,0
IBMAML-00243116,Cheque,0
IBMAML-00243117,Credit Card,0
IBMAML-00243161,Credit Card,0
IBMAML-00243265,Reinvestment,0
IBMAML-00243266,Cheque,0
IBMAML-00243267,Credit Card,0
IBMAML-00243268,ACH,0
IBMAML-00243269,Reinvestment,0
IBMAML-00243272,Cheque,0
IBMAML-00243327,Cheque,0
IBMAML-00243328,Credit Card,0
IBMAML-00243383,Cheque,0
IBMAML-00243384,Credit Card,0
IBMAML-00243487,Cheque,0
IBMAML-00243488,Credit Card,0
IBMAML-00243489,Cash,0
IBMAML-00243580,Cheque,0
IBMAML-00243581,Credit Card,0
IBMAML-00243582,Cash,0
IBMAML-00243681,Reinvestment,0
IBMAML-00243699,Cheque,0
IBMAML-00243719,Reinvestment,0
IBMAML-00243720,Cheque,0
IBMAML-00243749,Reinvestment,0
IBMAML-00243751,Reinvestment,0
IBMAML-00243779,Cheque,0
IBMAML-00243780,Credit Card,0
IBMAML-00243781,Cash,0
IBMAML-00243856,Reinvestment,0
IBMAML-00243877,Reinvestment,0
IBMAML-00243891,Cheque,0
IBMAML-00243957,Cheque,0
IBMAML-00243958,Credit Card,0
IBMAML-00244073,Cheque,0
IBMAML-00244090,Cheque,0
IBMAML-00244091,Cash,0
IBMAML-00244109,Cheque,0
IBMAML-00244110,Credit Card,0
IBMAML-00244111,Cash,0
IBMAML-00244116,Cheque,0
IBMAML-00244190,Reinvestment,0
IBMAML-00244191,Cheque,0
IBMAML-00244192,Reinvestment,0
IBMAML-00244314,Cheque,0
IBMAML-00244315,Credit Card,0
IBMAML-00244396,Cheque,0
IBMAML-00244397,Credit Card,0
IBMAML-00244398,Wire,0
IBMAML-00244399,Reinvestment,0
IBMAML-00244401,Cheque,0
IBMAML-00244402,Credit Card,0
IBMAML-00244406,Cheque,0
IBMAML-00244407,Credit Card,0
IBMAML-00244450,Cheque,0
IBMAML-00244452,Reinvestment,0
IBMAML-00244476,Cheque,0
IBMAML-00244477,Wire,0
IBMAML-00244493,Reinvestment,0
IBMAML-00244684,Cheque,0
IBMAML-00244685,Cash,0
IBMAML-00244774,Cheque,0
IBMAML-00244790,Cheque,0
IBMAML-00244797,Reinvestment,0
IBMAML-00244902,Cheque,0
IBMAML-00244903,Credit Card,0
IBMAML-00244904,Cash,0
IBMAML-00244917,Cheque,0
IBMAML-00245050,Cheque,0
IBMAML-00245051,Cash,0
IBMAML-00245075,Cheque,0
IBMAML-00245080,Reinvestment,0
IBMAML-00245081,Reinvestment,0
IBMAML-00245082,Reinvestment,0
IBMAML-00245083,Reinvestment,0
IBMAML-00245203,Cash,0
IBMAML-00245229,Cheque,0
IBMAML-00245232,Reinvestment,0
IBMAML-00245267,Cheque,0
IBMAML-00245268,Credit Card,0
IBMAML-00245269,Cash,0
IBMAML-00245320,Cheque,0
IBMAML-00245321,Credit Card,0
IBMAML-00245380,Cheque,0
IBMAML-00245381,Credit Card,0
IBMAML-00245387,Reinvestment,0
IBMAML-00245388,Cheque,0
IBMAML-00245389,Credit Card,0
IBMAML-00245390,Wire,0
IBMAML-00245392,Reinvestment,0
IBMAML-00245458,Reinvestment,0
IBMAML-00245464,Reinvestment,0
IBMAML-00245465,Reinvestment,0
IBMAML-00245504,Cheque,0
IBMAML-00245505,Credit Card,0
IBMAML-00245640,Cheque,0
IBMAML-00245641,Credit Card,0
IBMAML-00245642,Cash,0
IBMAML-00245719,Cheque,0
IBMAML-00245722,Cheque,0
IBMAML-00245723,Credit Card,0
IBMAML-00245788,Cheque,0
IBMAML-00245789,Credit Card,0
IBMAML-00245790,Cheque,0
IBMAML-00245791,Credit Card,0
IBMAML-00245909,Cheque,0
IBMAML-00245910,Credit Card,0
IBMAML-00245911,Cash,0
IBMAML-00245913,Reinvestment,0
IBMAML-00245959,Reinvestment,0
IBMAML-00245969,Cheque,0
IBMAML-00245970,Credit Card,0
IBMAML-00245971,Cash,0
IBMAML-00245972,Wire,0
IBMAML-00245987,Reinvestment,0
IBMAML-00245992,ACH,0
IBMAML-00246009,ACH,0
IBMAML-00246020,Reinvestment,0
IBMAML-00246025,Credit Card,0
IBMAML-00246044,Reinvestment,0
IBMAML-00246045,Cheque,0
IBMAML-00246046,Credit Card,0
IBMAML-00246047,Cash,0
IBMAML-00246048,ACH,0
IBMAML-00246049,Wire,0
IBMAML-00246079,Cheque,0
IBMAML-00246080,Credit Card,0
IBMAML-00246146,Cheque,0
IBMAML-00246147,Cheque,0
IBMAML-00246148,Credit Card,0
IBMAML-00246149,Cash,0
IBMAML-00246167,Reinvestment,0
IBMAML-00246195,Cheque,0
IBMAML-00246225,Reinvestment,0
IBMAML-00246227,Reinvestment,0
IBMAML-00246253,Reinvestment,0
IBMAML-00246254,Reinvestment,0
IBMAML-00246290,Cheque,0
IBMAML-00246291,Cash,0
IBMAML-00246311,Cheque,0
IBMAML-00246312,Credit Card,0
IBMAML-00246315,Cheque,0
IBMAML-00246341,Reinvestment,0
IBMAML-00246412,Cheque,0
IBMAML-00246491,Reinvestment,0
IBMAML-00246522,Reinvestment,0
IBMAML-00246538,Cheque,0
IBMAML-00246539,Cash,0
IBMAML-00246599,Cheque,0
IBMAML-00246600,Credit Card,0
IBMAML-00246601,Cash,0
IBMAML-00246725,Reinvestment,0
IBMAML-00246727,Reinvestment,0
IBMAML-00246747,Reinvestment,0
IBMAML-00246750,Cheque,0
IBMAML-00246751,Credit Card,0
IBMAML-00246752,Cash,0
IBMAML-00246788,Reinvestment,0
IBMAML-00246826,Reinvestment,0
IBMAML-00246830,Reinvestment,0
IBMAML-00246831,Cheque,0
IBMAML-00246832,Credit Card,0
IBMAML-00246833,Cash,0
IBMAML-00246834,Wire,0
IBMAML-00246887,Reinvestment,0
IBMAML-00246913,Reinvestment,0
IBMAML-00246917,Cheque,0
IBMAML-00246918,Credit Card,0
IBMAML-00246960,Cheque,0
IBMAML-00246961,Credit Card,0
IBMAML-00246962,Cash,0
IBMAML-00246999,Cheque,0
IBMAML-00247000,Cash,0
IBMAML-00247005,Cheque,0
IBMAML-00247006,Credit Card,0
IBMAML-00247007,Cash,0
IBMAML-00247082,Cheque,0
IBMAML-00247083,Cash,0
IBMAML-00247152,Reinvestment,0
IBMAML-00247161,Cheque,0
IBMAML-00247168,Cheque,0
IBMAML-00247169,Credit Card,0
IBMAML-00247201,Cheque,0
IBMAML-00247202,Cash,0
IBMAML-00247214,Cheque,0
IBMAML-00247215,Credit Card,0
IBMAML-00247216,Cheque,0
IBMAML-00247312,Reinvestment,0
IBMAML-00247313,Reinvestment,0
IBMAML-00247314,Reinvestment,0
IBMAML-00247320,Cheque,0
IBMAML-00247321,Credit Card,0
IBMAML-00247366,Reinvestment,0
IBMAML-00247384,Cheque,0
IBMAML-00247385,Credit Card,0
IBMAML-00247672,Cheque,0
IBMAML-00247673,Credit Card,0
IBMAML-00247674,Cash,0
IBMAML-00247688,Reinvestment,0
IBMAML-00247689,Reinvestment,0
IBMAML-00247690,Credit Card,0
IBMAML-00247691,ACH,0
IBMAML-00247699,Cheque,0
IBMAML-00247717,Cheque,0
IBMAML-00247718,Credit Card,0
IBMAML-00247741,Reinvestment,0
IBMAML-00247781,ACH,0
IBMAML-00247788,Cheque,0
IBMAML-00247789,Credit Card,0
IBMAML-00247877,Cheque,0
IBMAML-00247878,Credit Card,0
IBMAML-00248016,Cheque,0
IBMAML-00248017,Credit Card,0
IBMAML-00248074,Cheque,0
IBMAML-00248083,Credit Card,0
IBMAML-00248090,Cheque,0
IBMAML-00248091,Credit Card,0
IBMAML-00248092,Cash,0
IBMAML-00248106,Cheque,0
IBMAML-00248265,Cheque,0
IBMAML-00248266,Credit Card,0
IBMAML-00248267,Wire,0
IBMAML-00248284,Cheque,0
IBMAML-00248285,Credit Card,0
IBMAML-00248296,Cheque,0
IBMAML-00248297,ACH,0
IBMAML-00248315,Reinvestment,0
IBMAML-00248370,Cheque,0
IBMAML-00248371,Credit Card,0
IBMAML-00248373,Reinvestment,0
IBMAML-00248396,Cheque,0
IBMAML-00248397,Credit Card,0
IBMAML-00248398,Cash,0
IBMAML-00256100,Cash,1
IBMAML-00299902,Cheque,1
IBMAML-00317687,ACH,1
IBMAML-00317689,ACH,1
IBMAML-00317691,ACH,1
IBMAML-00317693,ACH,1
IBMAML-00317695,ACH,1
IBMAML-00317696,ACH,1
IBMAML-00317699,ACH,1
IBMAML-00317702,ACH,1
IBMAML-00317704,ACH,1
IBMAML-00317706,ACH,1
IBMAML-00318128,ACH,1
IBMAML-00318129,ACH,1
IBMAML-00318130,ACH,1
IBMAML-00318131,ACH,1
IBMAML-00318132,ACH,1
IBMAML-00329559,Cheque,1
IBMAML-00333075,ACH,1
IBMAML-00335269,Credit Card,1
IBMAML-00336938,ACH,1
IBMAML-00337207,Cheque,1
IBMAML-00337865,ACH,1
IBMAML-00338645,Cash,1
IBMAML-00341050,ACH,1
IBMAML-00341521,ACH,1
IBMAML-00342356,Cheque,1
IBMAML-00343695,ACH,1
IBMAML-00343698,ACH,1
IBMAML-00343700,ACH,1
IBMAML-00343702,ACH,1
IBMAML-00343704,ACH,1
IBMAML-00343705,ACH,1
IBMAML-00343707,ACH,1
IBMAML-00343709,ACH,1
IBMAML-00343710,ACH,1
IBMAML-00343712,ACH,1
IBMAML-00343713,ACH,1
IBMAML-00343714,ACH,1
IBMAML-00343715,ACH,1
IBMAML-00343716,ACH,1
IBMAML-00343717,ACH,1
IBMAML-00343719,ACH,1
IBMAML-00343721,ACH,1
IBMAML-00343723,ACH,1
IBMAML-00343725,ACH,1
IBMAML-00343727,ACH,1
IBMAML-00343728,ACH,1
IBMAML-00343730,ACH,1
IBMAML-00343760,ACH,1
IBMAML-00343762,ACH,1
IBMAML-00343764,ACH,1
IBMAML-00343766,ACH,1
IBMAML-00343768,ACH,1
IBMAML-00343770,ACH,1
IBMAML-00343772,ACH,1
IBMAML-00343774,ACH,1
IBMAML-00343776,ACH,1
IBMAML-00343778,ACH,1
IBMAML-00343780,ACH,1
IBMAML-00343782,ACH,1
IBMAML-00343784,ACH,1
IBMAML-00343786,ACH,1
IBMAML-00343788,ACH,1
IBMAML-00343790,ACH,1
IBMAML-00343792,ACH,1
IBMAML-00345129,ACH,1
IBMAML-00346312,Credit Card,1
IBMAML-00348684,ACH,1
IBMAML-00362231,ACH,1
IBMAML-00362251,Cheque,1
IBMAML-00369699,Cheque,1
IBMAML-00369894,ACH,1
IBMAML-00372997,ACH,1
IBMAML-00373098,Cash,1
IBMAML-00375937,ACH,1
IBMAML-00376646,ACH,1
IBMAML-00376648,ACH,1
IBMAML-00376650,ACH,1
IBMAML-00376652,ACH,1
IBMAML-00376654,ACH,1
IBMAML-00376908,ACH,1
IBMAML-00376910,ACH,1
IBMAML-00376913,ACH,1
IBMAML-00376915,ACH,1
IBMAML-00376916,ACH,1
IBMAML-00376919,ACH,1
IBMAML-00376922,ACH,1
IBMAML-00376924,ACH,1
IBMAML-00376926,ACH,1
IBMAML-00376928,ACH,1
IBMAML-00376938,ACH,1
IBMAML-00376940,ACH,1
IBMAML-00376942,ACH,1
IBMAML-00376944,ACH,1
IBMAML-00376946,ACH,1
IBMAML-00376948,ACH,1
IBMAML-00376950,ACH,1
IBMAML-00376952,ACH,1
IBMAML-00376954,ACH,1
IBMAML-00376956,ACH,1
IBMAML-00376958,ACH,1
IBMAML-00376960,ACH,1
IBMAML-00376996,ACH,1
IBMAML-00376998,ACH,1
IBMAML-00381989,ACH,1
IBMAML-00383722,ACH,1
IBMAML-00383723,ACH,1
IBMAML-00383725,ACH,1
IBMAML-00383726,ACH,1
IBMAML-00383727,ACH,1
IBMAML-00383729,ACH,1
IBMAML-00383730,ACH,1
IBMAML-00383732,ACH,1
IBMAML-00383733,ACH,1
IBMAML-00383735,ACH,1
IBMAML-00383737,ACH,1
IBMAML-00383739,ACH,1
IBMAML-00383740,ACH,1
IBMAML-00385463,ACH,1
IBMAML-00385725,Cheque,1
IBMAML-00390951,ACH,1
IBMAML-00399605,Cheque,1
IBMAML-00401035,ACH,1
IBMAML-00403572,ACH,1
IBMAML-00407615,ACH,1
IBMAML-00417021,ACH,1
IBMAML-00418369,ACH,1
IBMAML-00418371,ACH,1
IBMAML-00418373,ACH,1
IBMAML-00418375,ACH,1
IBMAML-00418377,ACH,1
IBMAML-00418378,ACH,1
IBMAML-00418379,ACH,1
IBMAML-00418381,ACH,1
IBMAML-00421344,ACH,1
IBMAML-00422301,Cheque,1
IBMAML-00423078,Credit Card,1
IBMAML-00431165,Cheque,1
IBMAML-00444468,ACH,1
IBMAML-00444469,ACH,1
IBMAML-00444470,ACH,1
IBMAML-00444471,ACH,1
IBMAML-00446994,ACH,1
IBMAML-00449500,ACH,1
IBMAML-00456909,Cheque,1
IBMAML-00463398,ACH,1
IBMAML-00471231,ACH,1
IBMAML-00472772,ACH,1
IBMAML-00477796,ACH,1
IBMAML-00477797,ACH,1
IBMAML-00479718,Cash,1
IBMAML-00482508,ACH,1
IBMAML-00488528,Cheque,1
IBMAML-00494407,ACH,1
IBMAML-00494409,ACH,1
IBMAML-00494411,ACH,1
IBMAML-00494413,ACH,1
IBMAML-00494415,ACH,1
IBMAML-00494416,ACH,1
IBMAML-00494418,ACH,1
IBMAML-00494420,ACH,1
IBMAML-00494422,ACH,1
IBMAML-00494424,ACH,1
IBMAML-00494426,ACH,1
IBMAML-00494428,ACH,1
IBMAML-00497704,ACH,1
IBMAML-00500043,Credit Card,1
IBMAML-00505077,Credit Card,1
IBMAML-00505124,ACH,1
IBMAML-00509142,Cash,1
IBMAML-00513644,ACH,1
IBMAML-00513918,Cash,1
IBMAML-00515512,ACH,1
IBMAML-00516449,ACH,1
IBMAML-00518372,ACH,1
IBMAML-00523172,Cheque,1
IBMAML-00525219,ACH,1
IBMAML-00527385,Cheque,1
IBMAML-00527946,ACH,1
IBMAML-00527947,ACH,1
IBMAML-00527948,ACH,1
IBMAML-00527949,ACH,1
IBMAML-00527950,ACH,1
IBMAML-00527951,ACH,1
IBMAML-00527952,ACH,1
IBMAML-00527953,ACH,1
IBMAML-00527954,ACH,1
IBMAML-00527955,ACH,1
IBMAML-00527956,ACH,1
IBMAML-00527957,ACH,1
IBMAML-00527958,ACH,1
IBMAML-00527959,ACH,1
IBMAML-00527960,ACH,1
IBMAML-00527961,ACH,1
IBMAML-00535663,ACH,1
IBMAML-00535665,ACH,1
IBMAML-00535667,ACH,1
IBMAML-00535669,ACH,1
IBMAML-00535671,ACH,1
IBMAML-00535673,ACH,1
IBMAML-00535675,ACH,1
IBMAML-00535677,ACH,1
IBMAML-00538133,Cash,1
IBMAML-00538968,Cheque,1
IBMAML-00545062,ACH,1
IBMAML-00545063,ACH,1
IBMAML-00545064,ACH,1
IBMAML-00555866,Credit Card,1
IBMAML-00556013,Credit Card,1
IBMAML-00557729,ACH,1
IBMAML-00558588,ACH,1
IBMAML-00558763,Credit Card,1
IBMAML-00560046,Cheque,1
IBMAML-00561809,Cheque,1
IBMAML-00565384,Cash,1
IBMAML-00568777,ACH,1
IBMAML-00570613,ACH,1
IBMAML-00577885,ACH,1
IBMAML-00578843,ACH,1
IBMAML-00578845,ACH,1
IBMAML-00578847,ACH,1
IBMAML-00578850,ACH,1
IBMAML-00578851,ACH,1
IBMAML-00578852,ACH,1
IBMAML-00578853,ACH,1
IBMAML-00578854,ACH,1
IBMAML-00578856,ACH,1
IBMAML-00578858,ACH,1
IBMAML-00578860,ACH,1
IBMAML-00578862,ACH,1
IBMAML-00578863,ACH,1
IBMAML-00578864,ACH,1
IBMAML-00578866,ACH,1
IBMAML-00578869,ACH,1
IBMAML-00578870,ACH,1
IBMAML-00578872,ACH,1
IBMAML-00578873,ACH,1
IBMAML-00578874,ACH,1
IBMAML-00578876,ACH,1
IBMAML-00578879,ACH,1
IBMAML-00578880,ACH,1
IBMAML-00578881,ACH,1
IBMAML-00578882,ACH,1
IBMAML-00578884,ACH,1
IBMAML-00578886,ACH,1
IBMAML-00578888,ACH,1
IBMAML-00578890,ACH,1
IBMAML-00578893,ACH,1
IBMAML-00578895,ACH,1
IBMAML-00578897,ACH,1
IBMAML-00580438,Cheque,1
IBMAML-00585462,ACH,1
IBMAML-00585464,ACH,1
IBMAML-00585465,ACH,1
IBMAML-00585467,ACH,1
IBMAML-00585470,ACH,1
IBMAML-00585473,ACH,1
IBMAML-00585474,ACH,1
IBMAML-00585475,ACH,1
IBMAML-00585478,ACH,1
IBMAML-00585479,ACH,1
IBMAML-00586264,ACH,1
IBMAML-00586266,ACH,1
IBMAML-00586268,ACH,1
IBMAML-00586270,ACH,1
IBMAML-00586271,ACH,1
IBMAML-00586272,ACH,1
IBMAML-00586274,ACH,1
IBMAML-00586275,ACH,1
IBMAML-00586277,ACH,1
IBMAML-00586279,ACH,1
IBMAML-00589970,ACH,1
IBMAML-00593561,Cheque,1
IBMAML-00595313,ACH,1
IBMAML-00595315,ACH,1
IBMAML-00597081,Cheque,1
IBMAML-00597655,ACH,1
IBMAML-00599477,Cheque,1
IBMAML-00599706,ACH,1
IBMAML-00601018,ACH,1
IBMAML-00602697,ACH,1
IBMAML-00602698,ACH,1
IBMAML-00603028,Cheque,1
IBMAML-00606320,ACH,1
IBMAML-00609078,Cash,1
IBMAML-00611980,ACH,1
IBMAML-00617773,Cheque,1
IBMAML-00618111,Cash,1
IBMAML-00618379,ACH,1
IBMAML-00619282,ACH,1
IBMAML-00619283,ACH,1
IBMAML-00620628,ACH,1
IBMAML-00628237,ACH,1
IBMAML-00628270,ACH,1
IBMAML-00628272,ACH,1
IBMAML-00628274,ACH,1
IBMAML-00628276,ACH,1
IBMAML-00628277,ACH,1
IBMAML-00628279,ACH,1
IBMAML-00628281,ACH,1
IBMAML-00628282,ACH,1
IBMAML-00628283,ACH,1
IBMAML-00628284,ACH,1
IBMAML-00628285,ACH,1
IBMAML-00628373,Bitcoin,1
IBMAML-00639302,Cash,1
IBMAML-00639528,Credit Card,1
IBMAML-00641608,ACH,1
IBMAML-00644819,ACH,1
IBMAML-00644821,ACH,1
IBMAML-00644823,ACH,1
IBMAML-00644825,ACH,1
IBMAML-00644827,ACH,1
IBMAML-00644829,ACH,1
IBMAML-00644831,ACH,1
IBMAML-00644833,ACH,1
IBMAML-00644835,ACH,1
IBMAML-00644837,ACH,1
IBMAML-00644839,ACH,1
IBMAML-00644841,ACH,1
IBMAML-00644843,ACH,1
IBMAML-00647248,ACH,1
IBMAML-00649312,Cheque,1
IBMAML-00652016,Cheque,1
IBMAML-00654368,ACH,1
IBMAML-00655527,ACH,1
IBMAML-00661492,ACH,1
IBMAML-00667308,Cheque,1
IBMAML-00678517,ACH,1
IBMAML-00678518,ACH,1
IBMAML-00678520,ACH,1
IBMAML-00678522,ACH,1
IBMAML-00678524,ACH,1
IBMAML-00683499,Cash,1
IBMAML-00694532,Cheque,1
IBMAML-00695425,ACH,1
IBMAML-00695427,ACH,1
IBMAML-00695429,ACH,1
IBMAML-00695431,ACH,1
IBMAML-00695433,ACH,1
IBMAML-00695435,ACH,1
IBMAML-00695437,ACH,1
IBMAML-00695439,ACH,1
IBMAML-00695441,ACH,1
IBMAML-00695443,ACH,1
IBMAML-00695445,ACH,1
IBMAML-00695447,ACH,1
IBMAML-00695449,ACH,1
IBMAML-00695451,ACH,1
IBMAML-00695453,ACH,1
IBMAML-00695455,ACH,1
IBMAML-00695457,ACH,1
IBMAML-00695459,ACH,1
IBMAML-00695461,ACH,1
IBMAML-00695463,ACH,1
IBMAML-00695465,ACH,1
IBMAML-00695467,ACH,1
IBMAML-00695469,ACH,1
IBMAML-00695471,ACH,1
IBMAML-00695473,ACH,1
IBMAML-00699072,ACH,1
IBMAML-00705284,Cheque,1
IBMAML-00708540,ACH,1
IBMAML-00724536,ACH,1
IBMAML-00726435,ACH,1
IBMAML-00735684,ACH,1
IBMAML-00741273,ACH,1
IBMAML-00747927,Credit Card,1
IBMAML-00754808,Cheque,1
IBMAML-00756442,ACH,1
IBMAML-00759794,ACH,1
IBMAML-00761172,ACH,1
IBMAML-00762389,ACH,1
IBMAML-00762391,ACH,1
IBMAML-00762393,ACH,1
IBMAML-00764993,ACH,1
IBMAML-00767185,ACH,1
IBMAML-00768792,Credit Card,1
IBMAML-00769894,ACH,1
IBMAML-00774446,Cheque,1
IBMAML-00776890,ACH,1
IBMAML-00783751,Cash,1
IBMAML-00784658,ACH,1
IBMAML-00791946,Cheque,1
IBMAML-00796610,ACH,1
IBMAML-00797400,ACH,1
IBMAML-00799491,ACH,1
IBMAML-00801894,ACH,1
IBMAML-00810067,Cheque,1
IBMAML-00811583,ACH,1
IBMAML-00811663,ACH,1
IBMAML-00812677,ACH,1
IBMAML-00812679,ACH,1
IBMAML-00812681,ACH,1
IBMAML-00812683,ACH,1
IBMAML-00812684,ACH,1
IBMAML-00812686,ACH,1
IBMAML-00812688,ACH,1
IBMAML-00812689,ACH,1
IBMAML-00812691,ACH,1
IBMAML-00812693,ACH,1
IBMAML-00812694,ACH,1
IBMAML-00812695,ACH,1
IBMAML-00812697,ACH,1
IBMAML-00812699,ACH,1
IBMAML-00812701,ACH,1
IBMAML-00812703,ACH,1
IBMAML-00812705,ACH,1
IBMAML-00812706,ACH,1
IBMAML-00812707,ACH,1
IBMAML-00812708,ACH,1
IBMAML-00812710,ACH,1
IBMAML-00812711,ACH,1
IBMAML-00819894,ACH,1
IBMAML-00820160,Credit Card,1
IBMAML-00825120,ACH,1
IBMAML-00826207,Cheque,1
IBMAML-00828780,Cheque,1
IBMAML-00829648,ACH,1
IBMAML-00830727,ACH,1
IBMAML-00831174,ACH,1
IBMAML-00831740,Credit Card,1
IBMAML-00840488,Credit Card,1
IBMAML-00845279,Cheque,1
IBMAML-00853268,ACH,1
IBMAML-00853271,ACH,1
IBMAML-00853272,ACH,1
IBMAML-00853275,ACH,1
IBMAML-00853276,ACH,1
IBMAML-00853279,ACH,1
IBMAML-00853280,ACH,1
IBMAML-00853283,ACH,1
IBMAML-00853285,ACH,1
IBMAML-00853286,ACH,1
IBMAML-00853287,ACH,1
IBMAML-00853289,ACH,1
IBMAML-00853290,ACH,1
IBMAML-00853291,ACH,1
IBMAML-00853292,ACH,1
IBMAML-00853294,ACH,1
IBMAML-00853295,ACH,1
IBMAML-00853296,ACH,1
IBMAML-00853297,ACH,1
IBMAML-00853299,ACH,1
IBMAML-00853896,Cheque,1
IBMAML-00855656,Cheque,1
IBMAML-00857166,Cheque,1
IBMAML-00860748,ACH,1
IBMAML-00867788,ACH,1
IBMAML-00870117,ACH,1
IBMAML-00870348,Cheque,1
IBMAML-00872120,ACH,1
IBMAML-00872315,Credit Card,1
IBMAML-00873220,Cheque,1
IBMAML-00879904,ACH,1
IBMAML-00879905,ACH,1
IBMAML-00879907,ACH,1
IBMAML-00879910,ACH,1
IBMAML-00879912,ACH,1
IBMAML-00879914,ACH,1
IBMAML-00879915,ACH,1
IBMAML-00879916,ACH,1
IBMAML-00879918,ACH,1
IBMAML-00879920,ACH,1
IBMAML-00879922,ACH,1
IBMAML-00879925,ACH,1
IBMAML-00879927,ACH,1
IBMAML-00879929,ACH,1
IBMAML-00879931,ACH,1
IBMAML-00879934,ACH,1
IBMAML-00879936,ACH,1
IBMAML-00879938,ACH,1
IBMAML-00879940,ACH,1
IBMAML-00879942,ACH,1
IBMAML-00879944,ACH,1
IBMAML-00879945,ACH,1
IBMAML-00880625,ACH,1
IBMAML-00881807,Cheque,1
IBMAML-00884683,ACH,1
IBMAML-00884872,Cheque,1
IBMAML-00887448,ACH,1
IBMAML-00887449,ACH,1
IBMAML-00889268,ACH,1
IBMAML-00892595,Cheque,1
IBMAML-00896266,ACH,1
IBMAML-00899357,ACH,1
IBMAML-00903800,ACH,1
IBMAML-00903802,ACH,1
IBMAML-00903804,ACH,1
IBMAML-00903806,ACH,1
IBMAML-00903807,ACH,1
IBMAML-00903809,ACH,1
IBMAML-00903811,ACH,1
IBMAML-00903813,ACH,1
IBMAML-00903815,ACH,1
IBMAML-00903817,ACH,1
IBMAML-00905697,ACH,1
IBMAML-00906153,ACH,1
IBMAML-00907005,Cash,1
IBMAML-00907210,ACH,1
IBMAML-00910380,Cheque,1
IBMAML-00916639,ACH,1
IBMAML-00918431,Cash,1
IBMAML-00919672,ACH,1
IBMAML-00920852,ACH,1
IBMAML-00920853,ACH,1
IBMAML-00922522,ACH,1
IBMAML-00925146,Cheque,1
IBMAML-00925661,ACH,1
IBMAML-00929960,ACH,1
IBMAML-00929962,ACH,1
IBMAML-00929965,ACH,1
IBMAML-00929967,ACH,1
IBMAML-00929968,ACH,1
IBMAML-00929971,ACH,1
IBMAML-00929973,ACH,1
IBMAML-00929992,ACH,1
IBMAML-00929994,ACH,1
IBMAML-00934088,Cheque,1
IBMAML-00937145,ACH,1
IBMAML-00937308,ACH,1
IBMAML-00940724,ACH,1
IBMAML-00944658,ACH,1
IBMAML-00948506,ACH,1
IBMAML-00950821,ACH,1
IBMAML-00956092,Credit Card,1
IBMAML-00960125,Cheque,1
IBMAML-00962675,ACH,1
IBMAML-00963084,Cash,1
IBMAML-00963526,ACH,1
IBMAML-00963528,ACH,1
IBMAML-00963530,ACH,1
IBMAML-00963531,ACH,1
IBMAML-00963533,ACH,1
IBMAML-00963535,ACH,1
IBMAML-00963537,ACH,1
IBMAML-00963539,ACH,1
IBMAML-00963541,ACH,1
IBMAML-00963543,ACH,1
IBMAML-00963544,ACH,1
IBMAML-00963546,ACH,1
IBMAML-00963547,ACH,1
IBMAML-00963548,ACH,1
IBMAML-00972610,ACH,1
IBMAML-00987142,Cheque,1
IBMAML-00989538,ACH,1
IBMAML-00999021,Cheque,1
IBMAML-00999945,Cheque,1
IBMAML-01002964,ACH,1
IBMAML-01005424,ACH,1
IBMAML-01005557,ACH,1
IBMAML-01005978,ACH,1
IBMAML-01007000,Credit Card,1
IBMAML-01008892,ACH,1
IBMAML-01013058,ACH,1
IBMAML-01014341,Bitcoin,1
IBMAML-01015158,ACH,1
IBMAML-01015896,Credit Card,1
IBMAML-01016937,ACH,1
IBMAML-01018000,ACH,1
IBMAML-01021470,ACH,1
IBMAML-01022158,Cash,1
IBMAML-01025400,Cheque,1
IBMAML-01025407,Cheque,1
IBMAML-01026010,ACH,1
IBMAML-01030763,ACH,1
IBMAML-01030764,ACH,1
IBMAML-01033311,Cheque,1
IBMAML-01037090,Credit Card,1
IBMAML-01037365,ACH,1
IBMAML-01037366,ACH,1
IBMAML-01037368,ACH,1
IBMAML-01037370,ACH,1
IBMAML-01040088,Credit Card,1
IBMAML-01041261,ACH,1
IBMAML-01041347,Cheque,1
IBMAML-01047227,ACH,1
IBMAML-01047229,ACH,1
IBMAML-01047231,ACH,1
IBMAML-01047233,ACH,1
IBMAML-01047235,ACH,1
IBMAML-01047237,ACH,1
IBMAML-01047239,ACH,1
IBMAML-01047241,ACH,1
IBMAML-01047243,ACH,1
IBMAML-01047245,ACH,1
IBMAML-01047247,ACH,1
IBMAML-01047249,ACH,1
IBMAML-01051028,ACH,1
IBMAML-01053974,ACH,1
IBMAML-01053975,ACH,1
IBMAML-01053977,ACH,1
IBMAML-01053979,ACH,1
IBMAML-01053981,ACH,1
IBMAML-01053983,ACH,1
IBMAML-01053984,ACH,1
IBMAML-01053986,ACH,1
IBMAML-01057579,ACH,1
IBMAML-01058011,ACH,1
IBMAML-01061644,ACH,1
IBMAML-01064038,ACH,1
IBMAML-01064048,ACH,1
IBMAML-01064049,ACH,1
IBMAML-01064050,ACH,1
IBMAML-01068504,Credit Card,1
IBMAML-01075946,ACH,1
IBMAML-01076443,Cheque,1
IBMAML-01077910,ACH,1
IBMAML-01088132,Credit Card,1
IBMAML-01088435,ACH,1
IBMAML-01089115,ACH,1
IBMAML-01089502,ACH,1
IBMAML-01093360,ACH,1
IBMAML-01097123,Credit Card,1
IBMAML-01117616,ACH,1
IBMAML-01117896,ACH,1
IBMAML-01124686,Credit Card,1
IBMAML-01127508,Cheque,1
IBMAML-01129650,Cheque,1
IBMAML-01134353,ACH,1
IBMAML-01137304,ACH,1
IBMAML-01139176,ACH,1
IBMAML-01140240,Credit Card,1
IBMAML-01148541,ACH,1
IBMAML-01152058,ACH,1
IBMAML-01152059,ACH,1
IBMAML-01152061,ACH,1
IBMAML-01152063,ACH,1
IBMAML-01152064,ACH,1
IBMAML-01152065,ACH,1
IBMAML-01152066,ACH,1
IBMAML-01152067,ACH,1
IBMAML-01152068,ACH,1
IBMAML-01152069,ACH,1
IBMAML-01152071,ACH,1
IBMAML-01152073,ACH,1
IBMAML-01152074,ACH,1
IBMAML-01152075,ACH,1
IBMAML-01152174,Credit Card,1
IBMAML-01153635,ACH,1
IBMAML-01156604,Cheque,1
IBMAML-01158173,ACH,1
IBMAML-01158183,ACH,1
IBMAML-01158553,ACH,1
IBMAML-01163317,ACH,1
IBMAML-01164642,Cheque,1
IBMAML-01165463,Cheque,1
IBMAML-01169210,Cheque,1
IBMAML-01169812,Cheque,1
IBMAML-01170177,ACH,1
IBMAML-01173747,ACH,1
IBMAML-01174562,Cheque,1
IBMAML-01175578,ACH,1
IBMAML-01177625,Cash,1
IBMAML-01182973,ACH,1
IBMAML-01183642,Cheque,1
IBMAML-01189264,Cash,1
IBMAML-01191163,ACH,1
IBMAML-01191306,ACH,1
IBMAML-01191308,ACH,1
IBMAML-01191310,ACH,1
IBMAML-01191312,ACH,1
IBMAML-01191314,ACH,1
IBMAML-01191316,ACH,1
IBMAML-01191318,ACH,1
IBMAML-01191320,ACH,1
IBMAML-01191322,ACH,1
IBMAML-01191324,ACH,1
IBMAML-01191326,ACH,1
IBMAML-01191328,ACH,1
IBMAML-01191330,ACH,1
IBMAML-01191332,ACH,1
IBMAML-01191334,ACH,1
IBMAML-01191336,ACH,1
IBMAML-01191338,ACH,1
IBMAML-01191340,ACH,1
IBMAML-01191342,ACH,1
IBMAML-01191344,ACH,1
IBMAML-01191346,ACH,1
IBMAML-01191348,ACH,1
IBMAML-01191350,ACH,1
IBMAML-01191352,ACH,1
IBMAML-01191354,ACH,1
IBMAML-01191355,ACH,1
IBMAML-01196057,Cash,1
IBMAML-01205657,ACH,1
IBMAML-01206620,ACH,1
IBMAML-01209919,ACH,1
IBMAML-01210643,Credit Card,1
IBMAML-01219107,ACH,1
IBMAML-01219321,Credit Card,1
IBMAML-01229276,ACH,1
IBMAML-01230624,ACH,1
IBMAML-01230995,ACH,1
IBMAML-01231787,ACH,1
IBMAML-01236891,Cheque,1
IBMAML-01237915,ACH,1
IBMAML-01237917,ACH,1
IBMAML-01237918,ACH,1
IBMAML-01237919,ACH,1
IBMAML-01237920,ACH,1
IBMAML-01237922,ACH,1
IBMAML-01237924,ACH,1
IBMAML-01237926,ACH,1
IBMAML-01237928,ACH,1
IBMAML-01237929,ACH,1
IBMAML-01237930,ACH,1
IBMAML-01237931,ACH,1
IBMAML-01237933,ACH,1
IBMAML-01237935,ACH,1
IBMAML-01237936,ACH,1
IBMAML-01237937,ACH,1
IBMAML-01237939,ACH,1
IBMAML-01237940,ACH,1
IBMAML-01237942,ACH,1
IBMAML-01237944,ACH,1
IBMAML-01237946,ACH,1
IBMAML-01237948,ACH,1
IBMAML-01237950,ACH,1
IBMAML-01237951,ACH,1
IBMAML-01237952,ACH,1
IBMAML-01237954,ACH,1
IBMAML-01237956,ACH,1
IBMAML-01237958,ACH,1
IBMAML-01241225,ACH,1
IBMAML-01246630,ACH,1
IBMAML-01247268,Credit Card,1
IBMAML-01247275,Cash,1
IBMAML-01247572,Cash,1
IBMAML-01250108,ACH,1
IBMAML-01251837,Cash,1
IBMAML-01253868,Bitcoin,1
IBMAML-01259595,ACH,1
IBMAML-01268893,Bitcoin,1
IBMAML-01269344,ACH,1
IBMAML-01273641,ACH,1
IBMAML-01276349,ACH,1
IBMAML-01280714,ACH,1
IBMAML-01283847,ACH,1
IBMAML-01283849,ACH,1
IBMAML-01283850,ACH,1
IBMAML-01283851,ACH,1
IBMAML-01283852,ACH,1
IBMAML-01283853,ACH,1
IBMAML-01283854,ACH,1
IBMAML-01283856,ACH,1
IBMAML-01283858,ACH,1
IBMAML-01290876,Cheque,1
IBMAML-01296597,ACH,1
IBMAML-01299493,ACH,1
IBMAML-01299495,ACH,1
IBMAML-01299497,ACH,1
IBMAML-01299499,ACH,1
IBMAML-01301598,Credit Card,1
IBMAML-01310429,ACH,1
IBMAML-01313768,Cheque,1
IBMAML-01317597,Cheque,1
IBMAML-01320269,ACH,1
IBMAML-01321805,ACH,1
IBMAML-01324120,Cheque,1
IBMAML-01326233,ACH,1
IBMAML-01329823,ACH,1
IBMAML-01331007,Bitcoin,1
IBMAML-01334765,Cheque,1
IBMAML-01338215,ACH,1
IBMAML-01338316,Credit Card,1
IBMAML-01338554,ACH,1
IBMAML-01341111,ACH,1
IBMAML-01344984,ACH,1
IBMAML-01346578,ACH,1
IBMAML-01346579,ACH,1
IBMAML-01346630,Bitcoin,1
IBMAML-01353476,ACH,1
IBMAML-01355309,Credit Card,1
IBMAML-01355466,ACH,1
IBMAML-01357508,ACH,1
IBMAML-01357576,Cheque,1
IBMAML-01359057,Cheque,1
IBMAML-01360281,Cheque,1
IBMAML-01364740,ACH,1
IBMAML-01371072,ACH,1
IBMAML-01372901,ACH,1
IBMAML-01373543,ACH,1
IBMAML-01375209,ACH,1
IBMAML-01380131,Cash,1
IBMAML-01380245,Cheque,1
IBMAML-01381865,ACH,1
IBMAML-01383697,ACH,1
IBMAML-01385856,ACH,1
IBMAML-01392714,ACH,1
IBMAML-01392715,ACH,1
IBMAML-01392717,ACH,1
IBMAML-01392719,ACH,1
IBMAML-01392721,ACH,1
IBMAML-01392723,ACH,1
IBMAML-01392744,ACH,1
IBMAML-01392746,ACH,1
IBMAML-01392778,ACH,1
IBMAML-01392780,ACH,1
IBMAML-01392782,ACH,1
IBMAML-01392783,ACH,1
IBMAML-01392785,ACH,1
IBMAML-01392787,ACH,1
IBMAML-01397170,Cheque,1
IBMAML-01399510,ACH,1
IBMAML-01402864,Cheque,1
IBMAML-01406743,Cheque,1
IBMAML-01409793,Credit Card,1
IBMAML-01416870,Cheque,1
IBMAML-01425320,ACH,1
IBMAML-01425809,ACH,1
IBMAML-01427466,ACH,1
IBMAML-01429080,ACH,1
IBMAML-01429403,Cheque,1
IBMAML-01440692,Cash,1
IBMAML-01442838,ACH,1
IBMAML-01450182,ACH,1
IBMAML-01452442,ACH,1
IBMAML-01454238,ACH,1
IBMAML-01454240,ACH,1
IBMAML-01454241,ACH,1
IBMAML-01454243,ACH,1
IBMAML-01454244,ACH,1
IBMAML-01454246,ACH,1
IBMAML-01454248,ACH,1
IBMAML-01454250,ACH,1
IBMAML-01454252,ACH,1
IBMAML-01454254,ACH,1
IBMAML-01454256,ACH,1
IBMAML-01463895,Credit Card,1
IBMAML-01467529,ACH,1
IBMAML-01469568,ACH,1
IBMAML-01469569,ACH,1
IBMAML-01469571,ACH,1
IBMAML-01469573,ACH,1
IBMAML-01469574,ACH,1
IBMAML-01469577,ACH,1
IBMAML-01469579,ACH,1
IBMAML-01469582,ACH,1
IBMAML-01469584,ACH,1
IBMAML-01469586,ACH,1
IBMAML-01469588,ACH,1
IBMAML-01469590,ACH,1
IBMAML-01475874,ACH,1
IBMAML-01476078,ACH,1
IBMAML-01476080,ACH,1
IBMAML-01478445,ACH,1
IBMAML-01479305,ACH,1
IBMAML-01479828,Credit Card,1
IBMAML-01480946,Cash,1
IBMAML-01483507,Credit Card,1
IBMAML-01484006,ACH,1
IBMAML-01484859,ACH,1
IBMAML-01484887,ACH,1
IBMAML-01484889,ACH,1
IBMAML-01484977,Bitcoin,1
IBMAML-01485843,Cash,1
IBMAML-01487523,ACH,1
IBMAML-01500111,ACH,1
IBMAML-01500113,ACH,1
IBMAML-01500115,ACH,1
IBMAML-01500117,ACH,1
IBMAML-01500118,ACH,1
IBMAML-01500120,ACH,1
IBMAML-01500122,ACH,1
IBMAML-01500124,ACH,1
IBMAML-01500126,ACH,1
IBMAML-01500128,ACH,1
IBMAML-01500130,ACH,1
IBMAML-01500131,ACH,1
IBMAML-01500133,ACH,1
IBMAML-01500135,ACH,1
IBMAML-01500136,ACH,1
IBMAML-01500138,ACH,1
IBMAML-01500139,ACH,1
IBMAML-01500141,ACH,1
IBMAML-01500143,ACH,1
IBMAML-01500145,ACH,1
IBMAML-01500147,ACH,1
IBMAML-01500148,ACH,1
IBMAML-01500150,ACH,1
IBMAML-01500153,ACH,1
IBMAML-01500155,ACH,1
IBMAML-01500157,ACH,1
IBMAML-01500159,ACH,1
IBMAML-01500162,ACH,1
IBMAML-01500164,ACH,1
IBMAML-01500165,ACH,1
IBMAML-01503319,Credit Card,1
IBMAML-01506561,ACH,1
IBMAML-01508445,Cash,1
IBMAML-01511392,Credit Card,1
IBMAML-01514128,ACH,1
IBMAML-01516418,ACH,1
IBMAML-01520702,Cheque,1
IBMAML-01522031,ACH,1
IBMAML-01522382,ACH,1
IBMAML-01522383,ACH,1
IBMAML-01523998,Credit Card,1
IBMAML-01524596,Credit Card,1
IBMAML-01534150,ACH,1
IBMAML-01535634,Cheque,1
IBMAML-01537977,ACH,1
IBMAML-01537999,Cheque,1
IBMAML-01538758,Cash,1
IBMAML-01543551,ACH,1
IBMAML-01545697,ACH,1
IBMAML-01546401,ACH,1
IBMAML-01546402,ACH,1
IBMAML-01546404,ACH,1
IBMAML-01546407,ACH,1
IBMAML-01546410,ACH,1
IBMAML-01546412,ACH,1
IBMAML-01547172,ACH,1
IBMAML-01547435,ACH,1
IBMAML-01547594,ACH,1
IBMAML-01547787,ACH,1
IBMAML-01549909,Credit Card,1
IBMAML-01555987,Cheque,1
IBMAML-01558527,ACH,1
IBMAML-01562615,Cheque,1
IBMAML-01563728,ACH,1
IBMAML-01564327,Cash,1
IBMAML-01565108,Cheque,1
IBMAML-01565971,Cheque,1
IBMAML-01566516,ACH,1
IBMAML-01567107,Cash,1
IBMAML-01568211,Credit Card,1
IBMAML-01575000,Credit Card,1
IBMAML-01575096,ACH,1
IBMAML-01577211,ACH,1
IBMAML-01577213,ACH,1
IBMAML-01577215,ACH,1
IBMAML-01577217,ACH,1
IBMAML-01577219,ACH,1
IBMAML-01577222,ACH,1
IBMAML-01577224,ACH,1
IBMAML-01577226,ACH,1
IBMAML-01577228,ACH,1
IBMAML-01577230,ACH,1
IBMAML-01577232,ACH,1
IBMAML-01577234,ACH,1
IBMAML-01577236,ACH,1
IBMAML-01577239,ACH,1
IBMAML-01577240,ACH,1
IBMAML-01577242,ACH,1
IBMAML-01577243,ACH,1
IBMAML-01577245,ACH,1
IBMAML-01577247,ACH,1
IBMAML-01577250,ACH,1
IBMAML-01577251,ACH,1
IBMAML-01577253,ACH,1
IBMAML-01577255,ACH,1
IBMAML-01577258,ACH,1
IBMAML-01577259,ACH,1
IBMAML-01577262,ACH,1
IBMAML-01577264,ACH,1
IBMAML-01577267,ACH,1
IBMAML-01577269,ACH,1
IBMAML-01577270,ACH,1
IBMAML-01577272,ACH,1
IBMAML-01577273,ACH,1
IBMAML-01577857,ACH,1
IBMAML-01578554,ACH,1
IBMAML-01578895,ACH,1
IBMAML-01578960,ACH,1
IBMAML-01579295,ACH,1
IBMAML-01579656,ACH,1
IBMAML-01580494,ACH,1
IBMAML-01585298,Cash,1
IBMAML-01585476,ACH,1
IBMAML-01587310,ACH,1
IBMAML-01588106,ACH,1
IBMAML-01592608,ACH,1
IBMAML-01592611,ACH,1
IBMAML-01598279,Cheque,1
IBMAML-01600776,ACH,1
IBMAML-01601986,ACH,1
IBMAML-01602519,Cheque,1
IBMAML-01610342,ACH,1
IBMAML-01614866,Cheque,1
IBMAML-01617107,ACH,1
IBMAML-01620497,ACH,1
IBMAML-01628904,Credit Card,1
IBMAML-01628924,Credit Card,1
IBMAML-01633793,Cheque,1
IBMAML-01636751,ACH,1
IBMAML-01637886,ACH,1
IBMAML-01639586,ACH,1
IBMAML-01639589,ACH,1
IBMAML-01639591,ACH,1
IBMAML-01639594,ACH,1
IBMAML-01639596,ACH,1
IBMAML-01639598,ACH,1
IBMAML-01639599,ACH,1
IBMAML-01639601,ACH,1
IBMAML-01639603,ACH,1
IBMAML-01639606,ACH,1
IBMAML-01639608,ACH,1
IBMAML-01639610,ACH,1
IBMAML-01639611,ACH,1
IBMAML-01639613,ACH,1
IBMAML-01639617,ACH,1
IBMAML-01639618,ACH,1
IBMAML-01639619,ACH,1
IBMAML-01639620,ACH,1
IBMAML-01640860,Cheque,1
IBMAML-01643791,ACH,1
IBMAML-01644724,ACH,1
IBMAML-01645330,Cheque,1
IBMAML-01651801,ACH,1
IBMAML-01658082,Cash,1
IBMAML-01658942,Credit Card,1
IBMAML-01660773,Credit Card,1
IBMAML-01668694,ACH,1
IBMAML-01672592,ACH,1
IBMAML-01673009,ACH,1
IBMAML-01673915,Credit Card,1
IBMAML-01678904,Cheque,1
IBMAML-01685587,ACH,1
IBMAML-01685588,ACH,1
IBMAML-01686140,ACH,1
IBMAML-01691765,Cheque,1
IBMAML-01692253,ACH,1
IBMAML-01692254,ACH,1
IBMAML-01701919,ACH,1
IBMAML-01703201,ACH,1
IBMAML-01703338,ACH,1
IBMAML-01712617,ACH,1
IBMAML-01714469,ACH,1
IBMAML-01717940,ACH,1
IBMAML-01719358,ACH,1
IBMAML-01721240,ACH,1
IBMAML-01721308,ACH,1
IBMAML-01724195,Cheque,1
IBMAML-01731443,ACH,1
IBMAML-01731567,ACH,1
IBMAML-01731568,ACH,1
IBMAML-01731754,Bitcoin,1
IBMAML-01734162,ACH,1
IBMAML-01734531,ACH,1
IBMAML-01746376,ACH,1
IBMAML-01746378,ACH,1
IBMAML-01746380,ACH,1
IBMAML-01746383,ACH,1
IBMAML-01746595,ACH,1
IBMAML-01746596,ACH,1
IBMAML-01746597,ACH,1
IBMAML-01746598,ACH,1
IBMAML-01746599,ACH,1
IBMAML-01746600,ACH,1
IBMAML-01746602,ACH,1
IBMAML-01746605,ACH,1
IBMAML-01746606,ACH,1
IBMAML-01746608,ACH,1
IBMAML-01746610,ACH,1
IBMAML-01746612,ACH,1
IBMAML-01754451,Credit Card,1
IBMAML-01757295,ACH,1
IBMAML-01757369,ACH,1
IBMAML-01764422,ACH,1
IBMAML-01766997,ACH,1
IBMAML-01767388,ACH,1
IBMAML-01770627,Cheque,1
IBMAML-01780481,Cheque,1
IBMAML-01782318,ACH,1
IBMAML-01784906,Cheque,1
IBMAML-01787528,ACH,1
IBMAML-01792949,ACH,1
IBMAML-01792951,ACH,1
IBMAML-01792953,ACH,1
IBMAML-01795738,ACH,1
IBMAML-01808347,ACH,1
IBMAML-01808349,ACH,1
IBMAML-01808351,ACH,1
IBMAML-01808353,ACH,1
IBMAML-01808355,ACH,1
IBMAML-01808390,ACH,1
IBMAML-01808392,ACH,1
IBMAML-01808393,ACH,1
IBMAML-01808394,ACH,1
IBMAML-01808395,ACH,1
IBMAML-01808397,ACH,1
IBMAML-01808399,ACH,1
IBMAML-01809300,ACH,1
IBMAML-01809449,ACH,1
IBMAML-01813080,ACH,1
IBMAML-01815701,ACH,1
IBMAML-01821690,Cheque,1
IBMAML-01823687,Bitcoin,1
IBMAML-01829614,ACH,1
IBMAML-01831136,Credit Card,1
IBMAML-01835942,Cheque,1
IBMAML-01836536,Cheque,1
IBMAML-01838454,ACH,1
IBMAML-01839092,ACH,1
IBMAML-01839094,ACH,1
IBMAML-01839096,ACH,1
IBMAML-01839097,ACH,1
IBMAML-01839098,ACH,1
IBMAML-01839100,ACH,1
IBMAML-01839101,ACH,1
IBMAML-01839103,ACH,1
IBMAML-01839105,ACH,1
IBMAML-01839107,ACH,1
IBMAML-01839108,ACH,1
IBMAML-01839109,ACH,1
IBMAML-01839111,ACH,1
IBMAML-01839118,ACH,1
IBMAML-01839120,ACH,1
IBMAML-01839121,ACH,1
IBMAML-01839123,ACH,1
IBMAML-01839125,ACH,1
IBMAML-01839127,ACH,1
IBMAML-01839129,ACH,1
IBMAML-01839131,ACH,1
IBMAML-01839133,ACH,1
IBMAML-01839410,Bitcoin,1
IBMAML-01848352,Credit Card,1
IBMAML-01849607,Credit Card,1
IBMAML-01849785,ACH,1
IBMAML-01850953,Cheque,1
IBMAML-01852703,ACH,1
IBMAML-01852933,Cheque,1
IBMAML-01854433,ACH,1
IBMAML-01854434,ACH,1
IBMAML-01854436,ACH,1
IBMAML-01854438,ACH,1
IBMAML-01854440,ACH,1
IBMAML-01854442,ACH,1
IBMAML-01854445,ACH,1
IBMAML-01854446,ACH,1
IBMAML-01854447,ACH,1
IBMAML-01854493,ACH,1
IBMAML-01854495,ACH,1
IBMAML-01854496,ACH,1
IBMAML-01854498,ACH,1
IBMAML-01854500,ACH,1
IBMAML-01854501,ACH,1
IBMAML-01854503,ACH,1
IBMAML-01854504,ACH,1
IBMAML-01854505,ACH,1
IBMAML-01854507,ACH,1
IBMAML-01854509,ACH,1
IBMAML-01854511,ACH,1
IBMAML-01854512,ACH,1
IBMAML-01854513,ACH,1
IBMAML-01854515,ACH,1
IBMAML-01854516,ACH,1
IBMAML-01854518,ACH,1
IBMAML-01854519,ACH,1
IBMAML-01854521,ACH,1
IBMAML-01854523,ACH,1
IBMAML-01854525,ACH,1
IBMAML-01854527,ACH,1
IBMAML-01854529,ACH,1
IBMAML-01854531,ACH,1
IBMAML-01858937,ACH,1
IBMAML-01867460,Credit Card,1
IBMAML-01868403,Cheque,1
IBMAML-01888468,Bitcoin,1
IBMAML-01889866,Cheque,1
IBMAML-01890258,ACH,1
IBMAML-01890439,ACH,1
IBMAML-01890464,ACH,1
IBMAML-01891856,ACH,1
IBMAML-01892356,ACH,1
IBMAML-01892452,ACH,1
IBMAML-01892453,ACH,1
IBMAML-01892454,ACH,1
IBMAML-01892455,ACH,1
IBMAML-01892778,ACH,1
IBMAML-01893107,ACH,1
IBMAML-01893750,ACH,1
IBMAML-01894232,Credit Card,1
IBMAML-01894448,ACH,1
IBMAML-01896438,ACH,1
IBMAML-01896440,ACH,1
IBMAML-01896442,ACH,1
IBMAML-01896444,ACH,1
IBMAML-01896446,ACH,1
IBMAML-01896448,ACH,1
IBMAML-01896450,ACH,1
IBMAML-01896452,ACH,1
IBMAML-01896454,ACH,1
IBMAML-01896456,ACH,1
IBMAML-01896458,ACH,1
IBMAML-01896460,ACH,1
IBMAML-01896462,ACH,1
IBMAML-01896464,ACH,1
IBMAML-01896466,ACH,1
IBMAML-01896468,ACH,1
IBMAML-01896470,ACH,1
IBMAML-01896472,ACH,1
IBMAML-01896474,ACH,1
IBMAML-01896480,ACH,1
IBMAML-01896482,ACH,1
IBMAML-01896484,ACH,1
IBMAML-01896485,ACH,1
IBMAML-01896487,ACH,1
IBMAML-01896489,ACH,1
IBMAML-01896491,ACH,1
IBMAML-01896493,ACH,1
IBMAML-01896495,ACH,1
IBMAML-01896497,ACH,1
IBMAML-01896499,ACH,1
IBMAML-01896502,ACH,1
IBMAML-01896504,ACH,1
IBMAML-01896506,ACH,1
IBMAML-01896508,ACH,1
IBMAML-01896510,ACH,1
IBMAML-01896512,ACH,1
IBMAML-01896514,ACH,1
IBMAML-01896516,ACH,1
IBMAML-01896518,ACH,1
IBMAML-01896520,ACH,1
IBMAML-01896522,ACH,1
IBMAML-01896524,ACH,1
IBMAML-01896527,ACH,1
IBMAML-01896529,ACH,1
IBMAML-01896532,ACH,1
IBMAML-01896535,ACH,1
IBMAML-01896536,ACH,1
IBMAML-01896537,ACH,1
IBMAML-01896538,ACH,1
IBMAML-01896540,ACH,1
IBMAML-01896542,ACH,1
IBMAML-01896543,ACH,1
IBMAML-01896544,ACH,1
IBMAML-01896545,ACH,1
IBMAML-01896546,ACH,1
IBMAML-01896548,ACH,1
IBMAML-01896550,ACH,1
IBMAML-01896551,ACH,1
IBMAML-01896552,ACH,1
IBMAML-01896554,ACH,1
IBMAML-01896556,ACH,1
IBMAML-01896557,ACH,1
IBMAML-01896559,ACH,1
IBMAML-01897379,ACH,1
IBMAML-01899485,Cash,1
IBMAML-01900373,ACH,1
IBMAML-01900392,ACH,1
IBMAML-01900884,ACH,1
IBMAML-01902116,ACH,1
IBMAML-01902413,Cash,1
IBMAML-01902569,ACH,1
IBMAML-01903829,ACH,1
IBMAML-01904058,ACH,1
IBMAML-01904352,Credit Card,1
IBMAML-01904417,ACH,1
IBMAML-01904418,ACH,1
IBMAML-01906853,Credit Card,1
IBMAML-01908226,ACH,1
IBMAML-01908227,ACH,1
IBMAML-01910551,ACH,1
IBMAML-01910569,ACH,1
IBMAML-01916002,ACH,1
IBMAML-01916069,ACH,1
IBMAML-01916071,ACH,1
IBMAML-01916073,ACH,1
IBMAML-01916074,ACH,1
IBMAML-01916076,ACH,1
IBMAML-01916078,ACH,1
IBMAML-01916080,ACH,1
IBMAML-01916082,ACH,1
IBMAML-01916083,ACH,1
IBMAML-01916085,ACH,1
IBMAML-01916087,ACH,1
IBMAML-01916089,ACH,1
IBMAML-01916091,ACH,1
IBMAML-01916104,ACH,1
IBMAML-01916106,ACH,1
IBMAML-01916107,ACH,1
IBMAML-01916108,ACH,1
IBMAML-01916109,ACH,1
IBMAML-01916110,ACH,1
IBMAML-01916355,ACH,1
IBMAML-01916613,ACH,1
IBMAML-01917040,ACH,1
IBMAML-01917332,Cheque,1
IBMAML-01917562,ACH,1
IBMAML-01918002,ACH,1
IBMAML-01918134,ACH,1
IBMAML-01920310,ACH,1
IBMAML-01920312,ACH,1
IBMAML-01920781,ACH,1
IBMAML-01920835,ACH,1
IBMAML-01921426,ACH,1
IBMAML-01922240,ACH,1
IBMAML-01922765,ACH,1
IBMAML-01924311,ACH,1
IBMAML-01924313,ACH,1
IBMAML-01924315,ACH,1
IBMAML-01924317,ACH,1
IBMAML-01924319,ACH,1
IBMAML-01924321,ACH,1
IBMAML-01924323,ACH,1
IBMAML-01924325,ACH,1
IBMAML-01924327,ACH,1
IBMAML-01924329,ACH,1
IBMAML-01924331,ACH,1
IBMAML-01924333,ACH,1
IBMAML-01924335,ACH,1
IBMAML-01924337,ACH,1
IBMAML-01924339,ACH,1
IBMAML-01924341,ACH,1
IBMAML-01924693,ACH,1
IBMAML-01926022,ACH,1
IBMAML-01926961,ACH,1
IBMAML-01928479,ACH,1
IBMAML-01928481,ACH,1
IBMAML-01928483,ACH,1
IBMAML-01928485,ACH,1
IBMAML-01928487,ACH,1
IBMAML-01928489,ACH,1
IBMAML-01928491,ACH,1
IBMAML-01928493,ACH,1
IBMAML-01928495,ACH,1
IBMAML-01928497,ACH,1
IBMAML-01928499,ACH,1
IBMAML-01928501,ACH,1
IBMAML-01928503,ACH,1
IBMAML-01928505,ACH,1
IBMAML-01928507,ACH,1
IBMAML-01928509,ACH,1
IBMAML-01928511,ACH,1
IBMAML-01928513,ACH,1
IBMAML-01928515,ACH,1
IBMAML-01928517,ACH,1
IBMAML-01928519,ACH,1
IBMAML-01928575,Bitcoin,1
IBMAML-01928724,ACH,1
IBMAML-01929015,Cash,1
IBMAML-01929168,ACH,1
IBMAML-01931260,ACH,1
IBMAML-01932435,ACH,1
IBMAML-01932437,ACH,1
IBMAML-01932438,ACH,1
IBMAML-01932439,ACH,1
IBMAML-01932441,ACH,1
IBMAML-01932443,ACH,1
IBMAML-01932445,ACH,1
IBMAML-01932447,ACH,1
IBMAML-01932448,ACH,1
IBMAML-01932450,ACH,1
IBMAML-01932452,ACH,1
IBMAML-01933155,ACH,1
IBMAML-01933958,ACH,1
IBMAML-01933960,Credit Card,1
IBMAML-01935140,Cheque,1
IBMAML-01935362,ACH,1
IBMAML-01936544,ACH,1
IBMAML-01936546,ACH,1
IBMAML-01936548,ACH,1
IBMAML-01936550,ACH,1
IBMAML-01936552,ACH,1
IBMAML-01936554,ACH,1
IBMAML-01936556,ACH,1
IBMAML-01936557,ACH,1
IBMAML-01936559,ACH,1
IBMAML-01936561,ACH,1
IBMAML-01936562,ACH,1
IBMAML-01936563,ACH,1
IBMAML-01936564,ACH,1
IBMAML-01936565,ACH,1
IBMAML-01936566,ACH,1
IBMAML-01936568,ACH,1
IBMAML-01936570,ACH,1
IBMAML-01936572,ACH,1
IBMAML-01936573,ACH,1
IBMAML-01936575,ACH,1
IBMAML-01936577,ACH,1
IBMAML-01936579,ACH,1
IBMAML-01936581,ACH,1
IBMAML-01936583,ACH,1
IBMAML-01936876,Cheque,1
IBMAML-01937278,Cheque,1
IBMAML-01938148,Cheque,1
IBMAML-01939354,ACH,1
IBMAML-01939609,ACH,1
IBMAML-01941465,Cash,1
IBMAML-01942918,ACH,1
IBMAML-01944663,ACH,1
IBMAML-01944665,ACH,1
IBMAML-01944667,ACH,1
IBMAML-01944668,ACH,1
IBMAML-01944670,ACH,1
IBMAML-01944672,ACH,1
IBMAML-01945438,Cheque,1
IBMAML-01945959,ACH,1
IBMAML-01946454,Cheque,1
IBMAML-01947365,ACH,1
IBMAML-01947466,Cheque,1
IBMAML-01947746,ACH,1
IBMAML-01948602,ACH,1
IBMAML-01948604,ACH,1
IBMAML-01948606,ACH,1
IBMAML-01948608,ACH,1
IBMAML-01948610,ACH,1
IBMAML-01948613,ACH,1
IBMAML-01948615,ACH,1
IBMAML-01948617,ACH,1
IBMAML-01949310,Cheque,1
IBMAML-01950242,Cheque,1
IBMAML-01951535,ACH,1
IBMAML-01952376,ACH,1
IBMAML-01952450,ACH,1
IBMAML-01952473,ACH,1
IBMAML-01953325,Credit Card,1
IBMAML-01953767,ACH,1
IBMAML-01953837,ACH,1
IBMAML-01954166,ACH,1
IBMAML-01954736,ACH,1
IBMAML-01954840,ACH,1
IBMAML-01955538,ACH,1
IBMAML-01955595,ACH,1
IBMAML-01956752,ACH,1
IBMAML-01957372,ACH,1
IBMAML-01958662,ACH,1
IBMAML-01959630,ACH,1
IBMAML-01962284,ACH,1
IBMAML-01962893,ACH,1
IBMAML-01965752,ACH,1
IBMAML-01965778,ACH,1
IBMAML-01966094,ACH,1
IBMAML-01966883,ACH,1
IBMAML-01968352,ACH,1
IBMAML-01970264,ACH,1
IBMAML-01970743,ACH,1
IBMAML-01972306,Cash,1
IBMAML-01972407,ACH,1
IBMAML-01974253,ACH,1
IBMAML-01975023,ACH,1
IBMAML-01975835,ACH,1
IBMAML-01976832,ACH,1
IBMAML-01977925,ACH,1
IBMAML-01977930,ACH,1
IBMAML-01979324,ACH,1
IBMAML-01979647,ACH,1
IBMAML-01980891,Credit Card,1
IBMAML-01981249,ACH,1
IBMAML-01982255,ACH,1
IBMAML-01982453,ACH,1
IBMAML-01982464,ACH,1
IBMAML-01982465,ACH,1
IBMAML-01983559,ACH,1
IBMAML-01984439,ACH,1
IBMAML-01984624,ACH,1
IBMAML-01984626,ACH,1
IBMAML-01984627,ACH,1
IBMAML-01984628,ACH,1
IBMAML-01984629,ACH,1
IBMAML-01984630,ACH,1
IBMAML-01984631,ACH,1
IBMAML-01984632,ACH,1
IBMAML-01985025,ACH,1
IBMAML-01986510,ACH,1
IBMAML-01986884,Cheque,1
IBMAML-01987101,ACH,1
IBMAML-01988184,Cheque,1
IBMAML-01989310,ACH,1
IBMAML-01991874,Cash,1
IBMAML-01991928,Cash,1
IBMAML-01993735,ACH,1
IBMAML-01995257,ACH,1
IBMAML-01997677,ACH,1
IBMAML-01997791,Cheque,1
IBMAML-01998595,ACH,1
IBMAML-01999240,Cheque,1
IBMAML-01999894,ACH,1
IBMAML-02000936,ACH,1
IBMAML-02003305,ACH,1
IBMAML-02004366,ACH,1
IBMAML-02004899,ACH,1
IBMAML-02007941,Credit Card,1
IBMAML-02008421,Bitcoin,1
IBMAML-02010286,ACH,1
IBMAML-02010636,Cash,1
IBMAML-02012558,ACH,1
IBMAML-02012559,ACH,1
IBMAML-02012560,ACH,1
IBMAML-02012939,ACH,1
IBMAML-02013635,ACH,1
IBMAML-02015214,ACH,1
IBMAML-02016474,ACH,1
IBMAML-02016678,ACH,1
IBMAML-02016679,ACH,1
IBMAML-02016680,ACH,1
IBMAML-02016682,ACH,1
IBMAML-02016684,ACH,1
IBMAML-02016685,ACH,1
IBMAML-02016687,ACH,1
IBMAML-02016689,ACH,1
IBMAML-02016691,ACH,1
IBMAML-02016692,ACH,1
IBMAML-02016694,ACH,1
IBMAML-02016695,ACH,1
IBMAML-02016697,ACH,1
IBMAML-02018552,Credit Card,1
IBMAML-02018729,Cheque,1
IBMAML-02020679,ACH,1
IBMAML-02020680,ACH,1
IBMAML-02021692,Credit Card,1
IBMAML-02023748,ACH,1
IBMAML-02024586,ACH,1
IBMAML-02024587,ACH,1
IBMAML-02024589,ACH,1
IBMAML-02024591,ACH,1
IBMAML-02024593,ACH,1
IBMAML-02024639,Bitcoin,1
IBMAML-02025874,Cheque,1
IBMAML-02026555,ACH,1
IBMAML-02026614,ACH,1
IBMAML-02027376,ACH,1
IBMAML-02028100,ACH,1
IBMAML-02028255,ACH,1
IBMAML-02028615,ACH,1
IBMAML-02028617,ACH,1
IBMAML-02028620,ACH,1
IBMAML-02028623,ACH,1
IBMAML-02028626,ACH,1
IBMAML-02028629,ACH,1
IBMAML-02030664,ACH,1
IBMAML-02030722,ACH,1
IBMAML-02032101,ACH,1
IBMAML-02032779,Bitcoin,1
IBMAML-02034322,ACH,1
IBMAML-02037143,Credit Card,1
IBMAML-02037215,ACH,1
IBMAML-02038469,ACH,1
IBMAML-02039708,ACH,1
IBMAML-02040665,ACH,1
IBMAML-02040667,ACH,1
IBMAML-02040669,ACH,1
IBMAML-02042164,Cash,1
IBMAML-02044080,ACH,1
IBMAML-02044874,ACH,1
IBMAML-02044876,ACH,1
IBMAML-02044878,ACH,1
IBMAML-02044881,ACH,1
IBMAML-02044883,ACH,1
IBMAML-02044886,ACH,1
IBMAML-02048257,ACH,1
IBMAML-02049270,ACH,1
IBMAML-02049912,ACH,1
IBMAML-02050654,ACH,1
IBMAML-02051005,Cheque,1
IBMAML-02051536,ACH,1
IBMAML-02051676,ACH,1
IBMAML-02053836,ACH,1
IBMAML-02054326,ACH,1
IBMAML-02054989,Cheque,1
IBMAML-02055562,ACH,1
IBMAML-02056609,ACH,1
IBMAML-02058188,ACH,1
IBMAML-02058514,ACH,1
IBMAML-02059564,ACH,1
IBMAML-02060992,ACH,1
IBMAML-02061229,ACH,1
IBMAML-02061230,ACH,1
IBMAML-02061339,Bitcoin,1
IBMAML-02062979,ACH,1
IBMAML-02063249,ACH,1
IBMAML-02063740,ACH,1
IBMAML-02064800,Credit Card,1
IBMAML-02064807,ACH,1
IBMAML-02065977,ACH,1
IBMAML-02066342,ACH,1
IBMAML-02066624,ACH,1
IBMAML-02067063,ACH,1
IBMAML-02067943,ACH,1
IBMAML-02069967,ACH,1
IBMAML-02070618,ACH,1
IBMAML-02070781,ACH,1
IBMAML-02072100,ACH,1
IBMAML-02072456,Credit Card,1
IBMAML-02072975,Credit Card,1
IBMAML-02073417,ACH,1
IBMAML-02073418,ACH,1
IBMAML-02073419,ACH,1
IBMAML-02073420,ACH,1
IBMAML-02073874,ACH,1
IBMAML-02073908,ACH,1
IBMAML-02075194,ACH,1
IBMAML-02075319,ACH,1
IBMAML-02077473,ACH,1
IBMAML-02077474,ACH,1
IBMAML-02079352,Credit Card,1
IBMAML-02082385,ACH,1
IBMAML-02085926,ACH,1
IBMAML-02086934,ACH,1
IBMAML-02086990,ACH,1
IBMAML-02091525,Cheque,1
IBMAML-02095579,ACH,1
IBMAML-02095581,ACH,1
IBMAML-02095610,ACH,1
IBMAML-02095612,ACH,1
IBMAML-02095614,ACH,1
IBMAML-02095616,ACH,1
IBMAML-02095617,ACH,1
IBMAML-02095619,ACH,1
IBMAML-02095621,ACH,1
IBMAML-02095623,ACH,1
IBMAML-02095624,ACH,1
IBMAML-02095626,ACH,1
IBMAML-02095714,Bitcoin,1
IBMAML-02098606,ACH,1
IBMAML-02098881,ACH,1
IBMAML-02099116,ACH,1
IBMAML-02099222,Credit Card,1
IBMAML-02100927,Credit Card,1
IBMAML-02102913,ACH,1
IBMAML-02103818,ACH,1
IBMAML-02105093,ACH,1
IBMAML-02105368,Cheque,1
IBMAML-02110398,ACH,1
IBMAML-02110450,ACH,1
IBMAML-02111151,ACH,1
IBMAML-02111378,ACH,1
IBMAML-02111871,ACH,1
IBMAML-02115847,Credit Card,1
IBMAML-02115927,ACH,1
IBMAML-02116313,ACH,1
IBMAML-02116314,ACH,1
IBMAML-02116316,ACH,1
IBMAML-02116318,ACH,1
IBMAML-02116319,ACH,1
IBMAML-02116320,ACH,1
IBMAML-02116321,ACH,1
IBMAML-02116323,ACH,1
IBMAML-02116325,ACH,1
IBMAML-02116327,ACH,1
IBMAML-02116328,ACH,1
IBMAML-02116330,ACH,1
IBMAML-02116331,ACH,1
IBMAML-02116332,ACH,1
IBMAML-02116334,ACH,1
IBMAML-02116336,ACH,1
IBMAML-02116337,ACH,1
IBMAML-02116339,ACH,1
IBMAML-02116341,ACH,1
IBMAML-02116343,ACH,1
IBMAML-02116936,ACH,1
IBMAML-02118924,ACH,1
IBMAML-02120339,ACH,1
IBMAML-02120421,ACH,1
IBMAML-02120423,ACH,1
IBMAML-02120425,ACH,1
IBMAML-02120427,ACH,1
IBMAML-02120429,ACH,1
IBMAML-02120431,ACH,1
IBMAML-02120433,ACH,1
IBMAML-02120686,ACH,1
IBMAML-02121041,ACH,1
IBMAML-02122626,ACH,1
IBMAML-02126272,ACH,1
IBMAML-02126275,ACH,1
IBMAML-02127620,ACH,1
IBMAML-02127842,ACH,1
IBMAML-02128531,ACH,1
IBMAML-02128533,ACH,1
IBMAML-02128535,ACH,1
IBMAML-02128537,ACH,1
IBMAML-02128539,ACH,1
IBMAML-02128540,ACH,1
IBMAML-02128542,ACH,1
IBMAML-02131248,ACH,1
IBMAML-02131783,Credit Card,1
IBMAML-02132644,ACH,1
IBMAML-02132645,ACH,1
IBMAML-02132646,ACH,1
IBMAML-02132647,ACH,1
IBMAML-02132648,ACH,1
IBMAML-02132649,ACH,1
IBMAML-02132650,ACH,1
IBMAML-02132651,ACH,1
IBMAML-02132652,ACH,1
IBMAML-02132653,ACH,1
IBMAML-02132654,ACH,1
IBMAML-02132655,ACH,1
IBMAML-02132657,ACH,1
IBMAML-02132658,ACH,1
IBMAML-02132660,ACH,1
IBMAML-02132661,ACH,1
IBMAML-02132662,ACH,1
IBMAML-02132663,ACH,1
IBMAML-02132664,ACH,1
IBMAML-02132665,ACH,1
IBMAML-02132666,ACH,1
IBMAML-02132667,ACH,1
IBMAML-02132668,ACH,1
IBMAML-02134441,Cheque,1
IBMAML-02135015,ACH,1
IBMAML-02135967,ACH,1
IBMAML-02136586,ACH,1
IBMAML-02136588,ACH,1
IBMAML-02136590,ACH,1
IBMAML-02138003,ACH,1
IBMAML-02139477,ACH,1
IBMAML-02140170,ACH,1
IBMAML-02141990,Cash,1
IBMAML-02142273,ACH,1
IBMAML-02143504,ACH,1
IBMAML-02145086,ACH,1
IBMAML-02145388,ACH,1
IBMAML-02147373,ACH,1
IBMAML-02147603,ACH,1
IBMAML-02148598,ACH,1
IBMAML-02148600,ACH,1
IBMAML-02148601,ACH,1
IBMAML-02149371,ACH,1
IBMAML-02150226,Cheque,1
IBMAML-02150319,ACH,1
IBMAML-02150320,ACH,1
IBMAML-02150321,ACH,1
IBMAML-02150322,ACH,1
IBMAML-02150323,ACH,1
IBMAML-02150325,ACH,1
IBMAML-02150326,ACH,1
IBMAML-02150328,ACH,1
IBMAML-02150330,ACH,1
IBMAML-02150331,ACH,1
IBMAML-02150332,ACH,1
IBMAML-02152055,Cheque,1
IBMAML-02152474,ACH,1
IBMAML-02153078,ACH,1
IBMAML-02153641,ACH,1
IBMAML-02155036,ACH,1
IBMAML-02155851,Cheque,1
IBMAML-02156335,ACH,1
IBMAML-02156742,ACH,1
IBMAML-02160247,ACH,1
IBMAML-02160248,ACH,1
IBMAML-02160250,ACH,1
IBMAML-02160252,ACH,1
IBMAML-02161869,ACH,1
IBMAML-02163940,ACH,1
IBMAML-02164466,ACH,1
IBMAML-02164698,ACH,1
IBMAML-02166965,ACH,1
IBMAML-02167444,ACH,1
IBMAML-02168936,Cheque,1
IBMAML-02169881,ACH,1
IBMAML-02171141,ACH,1
IBMAML-02171385,ACH,1
IBMAML-02171858,ACH,1
IBMAML-02172231,ACH,1
IBMAML-02172411,ACH,1
IBMAML-02172413,ACH,1
IBMAML-02172415,ACH,1
IBMAML-02172417,ACH,1
IBMAML-02172419,ACH,1
IBMAML-02172422,ACH,1
IBMAML-02172423,ACH,1
IBMAML-02172425,ACH,1
IBMAML-02172427,ACH,1
IBMAML-02172429,ACH,1
IBMAML-02172431,ACH,1
IBMAML-02172433,ACH,1
IBMAML-02172435,ACH,1
IBMAML-02172437,ACH,1
IBMAML-02172439,ACH,1
IBMAML-02172441,ACH,1
IBMAML-02172443,ACH,1
IBMAML-02172445,ACH,1
IBMAML-02172447,ACH,1
IBMAML-02172450,ACH,1
IBMAML-02172452,ACH,1
IBMAML-02172454,ACH,1
IBMAML-02172456,ACH,1
IBMAML-02172458,ACH,1
IBMAML-02172460,ACH,1
IBMAML-02172462,ACH,1
IBMAML-02173717,Credit Card,1
IBMAML-02175342,ACH,1
IBMAML-02176387,ACH,1
IBMAML-02176389,ACH,1
IBMAML-02176391,ACH,1
IBMAML-02176393,ACH,1
IBMAML-02176395,ACH,1
IBMAML-02176397,ACH,1
IBMAML-02176399,ACH,1
IBMAML-02176400,ACH,1
IBMAML-02176401,ACH,1
IBMAML-02176403,ACH,1
IBMAML-02176405,ACH,1
IBMAML-02176407,ACH,1
IBMAML-02176983,ACH,1
IBMAML-02176995,ACH,1
IBMAML-02178402,ACH,1
IBMAML-02179827,ACH,1
IBMAML-02180320,ACH,1
IBMAML-02180322,ACH,1
IBMAML-02180323,ACH,1
IBMAML-02181341,ACH,1
IBMAML-02181718,ACH,1
IBMAML-02183848,ACH,1
IBMAML-02184271,ACH,1
IBMAML-02184272,ACH,1
IBMAML-02184274,ACH,1
IBMAML-02184276,ACH,1
IBMAML-02184278,ACH,1
IBMAML-02184280,ACH,1
IBMAML-02184282,ACH,1
IBMAML-02184284,ACH,1
IBMAML-02184286,ACH,1
IBMAML-02184288,ACH,1
IBMAML-02184290,ACH,1
IBMAML-02184291,ACH,1
IBMAML-02184293,ACH,1
IBMAML-02184294,ACH,1
IBMAML-02184296,ACH,1
IBMAML-02184297,ACH,1
IBMAML-02184299,ACH,1
IBMAML-02184301,ACH,1
IBMAML-02184303,ACH,1
IBMAML-02184305,ACH,1
IBMAML-02184307,ACH,1
IBMAML-02184309,ACH,1
IBMAML-02184311,ACH,1
IBMAML-02184312,ACH,1
IBMAML-02186629,Cheque,1
IBMAML-02186724,Cheque,1
IBMAML-02187594,Cheque,1
IBMAML-02188905,ACH,1
IBMAML-02191160,ACH,1
IBMAML-02191772,ACH,1
IBMAML-02192348,ACH,1
IBMAML-02192350,ACH,1
IBMAML-02192352,ACH,1
IBMAML-02192354,ACH,1
IBMAML-02192356,ACH,1
IBMAML-02192358,ACH,1
IBMAML-02192361,ACH,1
IBMAML-02192884,ACH,1
IBMAML-02193011,ACH,1
IBMAML-02193063,ACH,1
IBMAML-02193302,ACH,1
IBMAML-02196201,ACH,1
IBMAML-02196202,ACH,1
IBMAML-02196203,ACH,1
IBMAML-02197151,ACH,1
IBMAML-02197585,ACH,1
IBMAML-02197781,ACH,1
IBMAML-02198132,ACH,1
IBMAML-02198393,ACH,1
IBMAML-02198491,ACH,1
IBMAML-02199572,ACH,1
IBMAML-02201773,ACH,1
IBMAML-02203691,ACH,1
IBMAML-02204225,ACH,1
IBMAML-02204227,ACH,1
IBMAML-02204229,ACH,1
IBMAML-02204230,ACH,1
IBMAML-02204233,ACH,1
IBMAML-02204236,ACH,1
IBMAML-02204238,ACH,1
IBMAML-02204241,ACH,1
IBMAML-02204244,ACH,1
IBMAML-02204246,ACH,1
IBMAML-02204248,ACH,1
IBMAML-02204462,ACH,1
IBMAML-02206133,ACH,1
IBMAML-02208015,ACH,1
IBMAML-02208328,ACH,1
IBMAML-02208804,Cheque,1
IBMAML-02210284,Credit Card,1
IBMAML-02212252,ACH,1
IBMAML-02216079,ACH,1
IBMAML-02216666,ACH,1
IBMAML-02216668,ACH,1
IBMAML-02216670,ACH,1
IBMAML-02216671,ACH,1
IBMAML-02216673,ACH,1
IBMAML-02216675,ACH,1
IBMAML-02216677,ACH,1
IBMAML-02216678,ACH,1
IBMAML-02216680,ACH,1
IBMAML-02216682,ACH,1
IBMAML-02217197,ACH,1
IBMAML-02218322,ACH,1
IBMAML-02218382,Cheque,1
IBMAML-02218403,ACH,1
IBMAML-02218450,Cheque,1
IBMAML-02221290,ACH,1
IBMAML-02223495,ACH,1
IBMAML-02224160,ACH,1
IBMAML-02224497,ACH,1
IBMAML-02224633,ACH,1
IBMAML-02224670,Bitcoin,1
IBMAML-02225426,ACH,1
IBMAML-02227099,ACH,1
IBMAML-02227981,ACH,1
IBMAML-02228112,ACH,1
IBMAML-02229718,ACH,1
IBMAML-02229741,ACH,1
IBMAML-02230288,ACH,1
IBMAML-02230413,ACH,1
IBMAML-02230414,ACH,1
IBMAML-02230996,Cheque,1
IBMAML-02232678,ACH,1
IBMAML-02232680,ACH,1
IBMAML-02232682,ACH,1
IBMAML-02232684,ACH,1
IBMAML-02232685,ACH,1
IBMAML-02232686,ACH,1
IBMAML-02232688,ACH,1
IBMAML-02233463,ACH,1
IBMAML-02234562,ACH,1
IBMAML-02234563,ACH,1
IBMAML-02234565,ACH,1
IBMAML-02234567,ACH,1
IBMAML-02234569,ACH,1
IBMAML-02234571,ACH,1
IBMAML-02234573,ACH,1
IBMAML-02234575,ACH,1
IBMAML-02234577,ACH,1
IBMAML-02236615,ACH,1
IBMAML-02236764,ACH,1
IBMAML-02236766,ACH,1
IBMAML-02236768,ACH,1
IBMAML-02236769,ACH,1
IBMAML-02236771,ACH,1
IBMAML-02236772,ACH,1
IBMAML-02236773,ACH,1
IBMAML-02236774,ACH,1
IBMAML-02236776,ACH,1
IBMAML-02236778,ACH,1
IBMAML-02236781,ACH,1
IBMAML-02237383,ACH,1
IBMAML-02239429,ACH,1
IBMAML-02240586,ACH,1
IBMAML-02241832,ACH,1
IBMAML-02244730,ACH,1
IBMAML-02244732,ACH,1
IBMAML-02244736,ACH,1
IBMAML-02244739,ACH,1
IBMAML-02244740,ACH,1
IBMAML-02244741,ACH,1
IBMAML-02244742,ACH,1
IBMAML-02244743,ACH,1
IBMAML-02248672,ACH,1
IBMAML-02248674,ACH,1
IBMAML-02248676,ACH,1
IBMAML-02248678,ACH,1
IBMAML-02248679,ACH,1
IBMAML-02248681,ACH,1
IBMAML-02248683,ACH,1
IBMAML-02248685,ACH,1
IBMAML-02248687,ACH,1
IBMAML-02248688,ACH,1
IBMAML-02248689,ACH,1
IBMAML-02248691,ACH,1
IBMAML-02248693,ACH,1
IBMAML-02248695,ACH,1
IBMAML-02248696,ACH,1
IBMAML-02248698,ACH,1
IBMAML-02248700,ACH,1
IBMAML-02248702,ACH,1
IBMAML-02248704,ACH,1
IBMAML-02248706,ACH,1
IBMAML-02248708,ACH,1
IBMAML-02248710,ACH,1
IBMAML-02248712,ACH,1
IBMAML-02248714,ACH,1
IBMAML-02248716,ACH,1
IBMAML-02248719,ACH,1
IBMAML-02248721,ACH,1
IBMAML-02248723,ACH,1
IBMAML-02250200,ACH,1
IBMAML-02250711,ACH,1
IBMAML-02251485,ACH,1
IBMAML-02252772,ACH,1
IBMAML-02252773,ACH,1
IBMAML-02254500,ACH,1
IBMAML-02254555,ACH,1
IBMAML-02255558,ACH,1
IBMAML-02255981,ACH,1
IBMAML-02256425,ACH,1
IBMAML-02256694,ACH,1
IBMAML-02260542,ACH,1
IBMAML-02264485,ACH,1
IBMAML-02265877,ACH,1
IBMAML-02266822,ACH,1
IBMAML-02266887,ACH,1
IBMAML-02267983,ACH,1
IBMAML-02268667,ACH,1
IBMAML-02269466,ACH,1
IBMAML-02273019,ACH,1
IBMAML-02273021,ACH,1
IBMAML-02273023,ACH,1
IBMAML-02273026,ACH,1
IBMAML-02273028,ACH,1
IBMAML-02273030,ACH,1
IBMAML-02273032,ACH,1
IBMAML-02273035,ACH,1
IBMAML-02273037,ACH,1
IBMAML-02273038,ACH,1
IBMAML-02273040,ACH,1
IBMAML-02273042,ACH,1
IBMAML-02273044,ACH,1
IBMAML-02273045,ACH,1
IBMAML-02273047,ACH,1
IBMAML-02273049,ACH,1
IBMAML-02273051,ACH,1
IBMAML-02273054,ACH,1
IBMAML-02273056,ACH,1
IBMAML-02273059,ACH,1
IBMAML-02273061,ACH,1
IBMAML-02273062,ACH,1
IBMAML-02273064,ACH,1
IBMAML-02273066,ACH,1
IBMAML-02273068,ACH,1
IBMAML-02273069,ACH,1
IBMAML-02273707,ACH,1
IBMAML-02275448,ACH,1
IBMAML-02275554,ACH,1
IBMAML-02277134,ACH,1
IBMAML-02277135,ACH,1
IBMAML-02277769,ACH,1
IBMAML-02278946,ACH,1
IBMAML-02278947,ACH,1
IBMAML-02278948,ACH,1
IBMAML-02278950,ACH,1
IBMAML-02278951,ACH,1
IBMAML-02278953,ACH,1
IBMAML-02278954,ACH,1
IBMAML-02278955,ACH,1
IBMAML-02278957,ACH,1
IBMAML-02278958,ACH,1
IBMAML-02278960,ACH,1
IBMAML-02278962,ACH,1
IBMAML-02278964,ACH,1
IBMAML-02278965,ACH,1
IBMAML-02278967,ACH,1
IBMAML-02278968,ACH,1
IBMAML-02279067,ACH,1
IBMAML-02280394,ACH,1
IBMAML-02280665,ACH,1
IBMAML-02282781,Cheque,1
IBMAML-02284012,ACH,1
IBMAML-02284934,ACH,1
IBMAML-02285030,ACH,1
IBMAML-02285031,ACH,1
IBMAML-02285033,ACH,1
IBMAML-02285034,ACH,1
IBMAML-02285036,ACH,1
IBMAML-02285037,ACH,1
IBMAML-02285039,ACH,1
IBMAML-02285040,ACH,1
IBMAML-02285042,ACH,1
IBMAML-02285044,ACH,1
IBMAML-02285045,ACH,1
IBMAML-02285046,ACH,1
IBMAML-02285047,ACH,1
IBMAML-02285128,Bitcoin,1
IBMAML-02290997,ACH,1
IBMAML-02297098,ACH,1
IBMAML-02297276,ACH,1
IBMAML-02300276,ACH,1
IBMAML-02302581,Cash,1
IBMAML-02302791,Cheque,1
IBMAML-02313402,ACH,1
IBMAML-02313404,ACH,1
IBMAML-02313406,ACH,1
IBMAML-02313407,ACH,1
IBMAML-02313409,ACH,1
IBMAML-02313410,ACH,1
IBMAML-02313411,ACH,1
IBMAML-02313413,ACH,1
IBMAML-02313414,ACH,1
IBMAML-02313416,ACH,1
IBMAML-02313417,ACH,1
IBMAML-02313419,ACH,1
IBMAML-02313420,ACH,1
IBMAML-02313421,ACH,1
IBMAML-02313424,ACH,1
IBMAML-02313425,ACH,1
IBMAML-02313427,ACH,1
IBMAML-02313428,ACH,1
IBMAML-02313430,ACH,1
IBMAML-02313431,ACH,1
IBMAML-02313433,ACH,1
IBMAML-02313435,ACH,1
IBMAML-02313437,ACH,1
IBMAML-02313439,ACH,1
IBMAML-02313440,ACH,1
IBMAML-02313442,ACH,1
IBMAML-02313444,ACH,1
IBMAML-02316310,ACH,1
IBMAML-02316672,ACH,1
IBMAML-02317037,Cheque,1
IBMAML-02319239,ACH,1
IBMAML-02319241,ACH,1
IBMAML-02319243,ACH,1
IBMAML-02319245,ACH,1
IBMAML-02319246,ACH,1
IBMAML-02319248,ACH,1
IBMAML-02319249,ACH,1
IBMAML-02319251,ACH,1
IBMAML-02319253,ACH,1
IBMAML-02319255,ACH,1
IBMAML-02319257,ACH,1
IBMAML-02319259,ACH,1
IBMAML-02319261,ACH,1
IBMAML-02319262,ACH,1
IBMAML-02323715,Cheque,1
IBMAML-02324333,ACH,1
IBMAML-02325466,ACH,1
IBMAML-02325960,ACH,1
IBMAML-02327290,ACH,1
IBMAML-02327980,ACH,1
IBMAML-02328659,ACH,1
IBMAML-02330752,ACH,1
IBMAML-02331837,ACH,1
IBMAML-02332835,ACH,1
IBMAML-02332837,ACH,1
IBMAML-02332838,ACH,1
IBMAML-02332840,ACH,1
IBMAML-02332842,ACH,1
IBMAML-02332843,ACH,1
IBMAML-02332844,ACH,1
IBMAML-02332847,ACH,1
IBMAML-02332849,ACH,1
IBMAML-02332852,ACH,1
IBMAML-02332854,ACH,1
IBMAML-02332855,ACH,1
IBMAML-02332856,ACH,1
IBMAML-02332858,ACH,1
IBMAML-02332859,ACH,1
IBMAML-02332861,ACH,1
IBMAML-02332862,ACH,1
IBMAML-02332864,ACH,1
IBMAML-02332866,ACH,1
IBMAML-02332867,ACH,1
IBMAML-02332868,ACH,1
IBMAML-02332870,ACH,1
IBMAML-02332872,ACH,1
IBMAML-02332873,ACH,1
IBMAML-02332875,ACH,1
IBMAML-02332877,ACH,1
IBMAML-02333287,ACH,1
IBMAML-02334196,Cash,1
IBMAML-02339662,ACH,1
IBMAML-02340801,Cheque,1
IBMAML-02342038,ACH,1
IBMAML-02343199,ACH,1
IBMAML-02346211,Cheque,1
IBMAML-02347494,Cheque,1
IBMAML-02348162,ACH,1
IBMAML-02348498,ACH,1
IBMAML-02348500,ACH,1
IBMAML-02348502,ACH,1
IBMAML-02348504,ACH,1
IBMAML-02348506,ACH,1
IBMAML-02348508,ACH,1
IBMAML-02348510,ACH,1
IBMAML-02348511,ACH,1
IBMAML-02348513,ACH,1
IBMAML-02348515,ACH,1
IBMAML-02348517,ACH,1
IBMAML-02348519,ACH,1
IBMAML-02349079,ACH,1
IBMAML-02350788,Credit Card,1
IBMAML-02351342,Credit Card,1
IBMAML-02352765,Cheque,1
IBMAML-02354273,ACH,1
IBMAML-02355695,ACH,1
IBMAML-02355777,ACH,1
IBMAML-02357233,ACH,1
IBMAML-02357844,Credit Card,1
IBMAML-02358560,ACH,1
IBMAML-02358562,ACH,1
IBMAML-02358564,ACH,1
IBMAML-02358565,ACH,1
IBMAML-02358567,ACH,1
IBMAML-02358569,ACH,1
IBMAML-02358570,ACH,1
IBMAML-02358572,ACH,1
IBMAML-02358574,ACH,1
IBMAML-02358576,ACH,1
IBMAML-02358577,ACH,1
IBMAML-02358579,ACH,1
IBMAML-02358581,ACH,1
IBMAML-02358582,ACH,1
IBMAML-02358584,ACH,1
IBMAML-02358586,ACH,1
IBMAML-02358600,ACH,1
IBMAML-02358603,ACH,1
IBMAML-02358606,ACH,1
IBMAML-02358609,ACH,1
IBMAML-02358612,ACH,1
IBMAML-02358614,ACH,1
IBMAML-02358616,ACH,1
IBMAML-02358619,ACH,1
IBMAML-02358620,ACH,1
IBMAML-02358622,ACH,1
IBMAML-02360570,Cash,1
IBMAML-02361237,ACH,1
IBMAML-02361782,Credit Card,1
IBMAML-02362726,Cheque,1
IBMAML-02364233,ACH,1
IBMAML-02365252,Cheque,1
IBMAML-02367716,ACH,1
IBMAML-02369906,Credit Card,1
IBMAML-02370736,Cheque,1
IBMAML-02371515,ACH,1
IBMAML-02372662,Cash,1
IBMAML-02372763,ACH,1
IBMAML-02372764,ACH,1
IBMAML-02373283,Credit Card,1
IBMAML-02373974,ACH,1
IBMAML-02383041,ACH,1
IBMAML-02383225,ACH,1
IBMAML-02384121,Cheque,1
IBMAML-02387549,ACH,1
IBMAML-02387550,ACH,1
IBMAML-02387553,ACH,1
IBMAML-02387555,ACH,1
IBMAML-02387722,ACH,1
IBMAML-02387724,ACH,1
IBMAML-02387726,ACH,1
IBMAML-02387728,ACH,1
IBMAML-02387730,ACH,1
IBMAML-02387732,ACH,1
IBMAML-02387734,ACH,1
IBMAML-02387736,ACH,1
IBMAML-02387738,ACH,1
IBMAML-02387740,ACH,1
IBMAML-02387742,ACH,1
IBMAML-02387744,ACH,1
IBMAML-02387746,ACH,1
IBMAML-02387748,ACH,1
IBMAML-02387750,ACH,1
IBMAML-02387752,ACH,1
IBMAML-02387754,ACH,1
IBMAML-02388762,Cheque,1
IBMAML-02389198,ACH,1
IBMAML-02391642,ACH,1
IBMAML-02392197,ACH,1
IBMAML-02392198,ACH,1
IBMAML-02393420,Credit Card,1
IBMAML-02397541,ACH,1
IBMAML-02397604,ACH,1
IBMAML-02397606,ACH,1
IBMAML-02397624,Bitcoin,1
IBMAML-02400556,ACH,1
IBMAML-02411736,ACH,1
IBMAML-02413353,ACH,1
IBMAML-02417019,ACH,1
IBMAML-02419778,ACH,1
IBMAML-02421089,ACH,1
IBMAML-02424333,ACH,1
IBMAML-02426930,ACH,1
IBMAML-02426931,ACH,1
IBMAML-02429969,ACH,1
IBMAML-02431397,ACH,1
IBMAML-02431399,ACH,1
IBMAML-02437191,ACH,1
IBMAML-02446663,Bitcoin,1
IBMAML-02450241,ACH,1
IBMAML-02450874,Cheque,1
IBMAML-02455322,ACH,1
IBMAML-02456053,ACH,1
IBMAML-02456055,ACH,1
IBMAML-02456057,ACH,1
IBMAML-02456078,ACH,1
IBMAML-02456079,ACH,1
IBMAML-02456081,ACH,1
IBMAML-02456083,ACH,1
IBMAML-02456085,ACH,1
IBMAML-02456087,ACH,1
IBMAML-02456088,ACH,1
IBMAML-02456090,ACH,1
IBMAML-02456092,ACH,1
IBMAML-02456094,ACH,1
IBMAML-02456096,ACH,1
IBMAML-02456098,ACH,1
IBMAML-02456100,ACH,1
IBMAML-02456102,ACH,1
IBMAML-02456103,ACH,1
IBMAML-02458378,Credit Card,1
IBMAML-02461082,Cheque,1
IBMAML-02462370,Cheque,1
IBMAML-02463538,ACH,1
IBMAML-02465626,ACH,1
IBMAML-02470014,Credit Card,1
IBMAML-02470145,ACH,1
IBMAML-02474419,Cash,1
IBMAML-02484750,ACH,1
IBMAML-02485446,Credit Card,1
IBMAML-02485811,ACH,1
IBMAML-02485812,ACH,1
IBMAML-02485814,ACH,1
IBMAML-02485817,ACH,1
IBMAML-02485820,ACH,1
IBMAML-02485822,ACH,1
IBMAML-02485824,ACH,1
IBMAML-02486045,Bitcoin,1
IBMAML-02496936,ACH,1
IBMAML-02500145,Cheque,1
IBMAML-02501979,ACH,1
IBMAML-02506384,Cash,1
IBMAML-02507210,ACH,1
IBMAML-02511750,ACH,1
IBMAML-02512489,Credit Card,1
IBMAML-02517806,ACH,1
IBMAML-02520396,ACH,1
IBMAML-02530281,ACH,1
IBMAML-02530946,ACH,1
IBMAML-02535587,Credit Card,1
IBMAML-02538971,ACH,1
IBMAML-02538972,ACH,1
IBMAML-02542251,ACH,1
IBMAML-02544270,ACH,1
IBMAML-02544761,ACH,1
IBMAML-02548023,ACH,1
IBMAML-02548025,ACH,1
IBMAML-02548026,ACH,1
IBMAML-02549000,ACH,1
IBMAML-02552606,Credit Card,1
IBMAML-02556472,ACH,1
IBMAML-02558191,ACH,1
IBMAML-02560214,ACH,1
IBMAML-02563618,ACH,1
IBMAML-02563620,ACH,1
IBMAML-02563621,ACH,1
IBMAML-02565913,ACH,1
IBMAML-02566198,ACH,1
IBMAML-02569872,Cash,1
IBMAML-02574145,ACH,1
IBMAML-02574609,Credit Card,1
IBMAML-02575312,Cheque,1
IBMAML-02577836,ACH,1
IBMAML-02580052,ACH,1
IBMAML-02581332,Cheque,1
IBMAML-02583387,Bitcoin,1
IBMAML-02583442,Bitcoin,1
IBMAML-02589327,Cheque,1
IBMAML-02590019,Credit Card,1
IBMAML-02592798,Bitcoin,1
IBMAML-02594672,ACH,1
IBMAML-02596892,ACH,1
IBMAML-02597381,ACH,1
IBMAML-02599905,Credit Card,1
IBMAML-02600647,Cash,1
IBMAML-02602290,ACH,1
IBMAML-02602686,ACH,1
IBMAML-02602727,Cash,1
IBMAML-02602886,Cheque,1
IBMAML-02604058,ACH,1
IBMAML-02604091,ACH,1
IBMAML-02607107,ACH,1
IBMAML-02607650,ACH,1
IBMAML-02611853,ACH,1
IBMAML-02611980,ACH,1
IBMAML-02611982,ACH,1
IBMAML-02611983,ACH,1
IBMAML-02611984,ACH,1
IBMAML-02611986,ACH,1
IBMAML-02611988,ACH,1
IBMAML-02611990,ACH,1
IBMAML-02611992,ACH,1
IBMAML-02611993,ACH,1
IBMAML-02611995,ACH,1
IBMAML-02611996,ACH,1
IBMAML-02611998,ACH,1
IBMAML-02612000,ACH,1
IBMAML-02612002,ACH,1
IBMAML-02612148,ACH,1
IBMAML-02612150,ACH,1
IBMAML-02612152,ACH,1
IBMAML-02612153,ACH,1
IBMAML-02612155,ACH,1
IBMAML-02612158,ACH,1
IBMAML-02612160,ACH,1
IBMAML-02612162,ACH,1
IBMAML-02612164,ACH,1
IBMAML-02612166,ACH,1
IBMAML-02612168,ACH,1
IBMAML-02612170,ACH,1
IBMAML-02612172,ACH,1
IBMAML-02612173,ACH,1
IBMAML-02612175,ACH,1
IBMAML-02612178,ACH,1
IBMAML-02612180,ACH,1
IBMAML-02612181,ACH,1
IBMAML-02612183,ACH,1
IBMAML-02612185,ACH,1
IBMAML-02612187,ACH,1
IBMAML-02612189,ACH,1
IBMAML-02612191,ACH,1
IBMAML-02612193,ACH,1
IBMAML-02614674,Cheque,1
IBMAML-02616576,ACH,1
IBMAML-02616583,ACH,1
IBMAML-02616584,ACH,1
IBMAML-02621965,ACH,1
IBMAML-02621967,ACH,1
IBMAML-02621969,ACH,1
IBMAML-02623347,ACH,1
IBMAML-02624638,ACH,1
IBMAML-02628201,Cheque,1
IBMAML-02629493,ACH,1
IBMAML-02629596,ACH,1
IBMAML-02629624,ACH,1
IBMAML-02630704,Cheque,1
IBMAML-02631779,ACH,1
IBMAML-02631780,ACH,1
IBMAML-02631781,ACH,1
IBMAML-02631782,ACH,1
IBMAML-02631783,ACH,1
IBMAML-02631784,ACH,1
IBMAML-02631785,ACH,1
IBMAML-02635256,ACH,1
IBMAML-02639977,ACH,1
IBMAML-02640320,ACH,1
IBMAML-02640512,ACH,1
IBMAML-02640796,ACH,1
IBMAML-02640836,Cash,1
IBMAML-02641330,ACH,1
IBMAML-02641333,ACH,1
IBMAML-02641335,ACH,1
IBMAML-02641336,ACH,1
IBMAML-02643656,Cheque,1
IBMAML-02645714,ACH,1
IBMAML-02645715,ACH,1
IBMAML-02649323,Cheque,1
IBMAML-02651076,ACH,1
IBMAML-02651078,ACH,1
IBMAML-02651079,ACH,1
IBMAML-02651081,ACH,1
IBMAML-02651083,ACH,1
IBMAML-02651085,ACH,1
IBMAML-02651087,ACH,1
IBMAML-02651089,ACH,1
IBMAML-02651090,ACH,1
IBMAML-02651092,ACH,1
IBMAML-02651094,ACH,1
IBMAML-02651097,ACH,1
IBMAML-02651099,ACH,1
IBMAML-02651101,ACH,1
IBMAML-02651103,ACH,1
IBMAML-02651105,ACH,1
IBMAML-02651107,ACH,1
IBMAML-02651109,ACH,1
IBMAML-02651110,ACH,1
IBMAML-02651113,ACH,1
IBMAML-02651115,ACH,1
IBMAML-02651118,ACH,1
IBMAML-02651119,ACH,1
IBMAML-02651120,ACH,1
IBMAML-02651121,ACH,1
IBMAML-02651123,ACH,1
IBMAML-02651991,Cheque,1
IBMAML-02652597,ACH,1
IBMAML-02652990,Cheque,1
IBMAML-02653536,Credit Card,1
IBMAML-02653982,ACH,1
IBMAML-02655544,ACH,1
IBMAML-02655545,ACH,1
IBMAML-02655546,ACH,1
IBMAML-02655547,ACH,1
IBMAML-02655549,ACH,1
IBMAML-02655551,ACH,1
IBMAML-02655553,ACH,1
IBMAML-02655554,ACH,1
IBMAML-02655556,ACH,1
IBMAML-02655558,ACH,1
IBMAML-02655559,ACH,1
IBMAML-02655560,ACH,1
IBMAML-02655562,ACH,1
IBMAML-02655564,ACH,1
IBMAML-02660391,ACH,1
IBMAML-02662780,ACH,1
IBMAML-02662831,ACH,1
IBMAML-02666231,ACH,1
IBMAML-02667197,Cheque,1
IBMAML-02670329,ACH,1
IBMAML-02670330,ACH,1
IBMAML-02670331,ACH,1
IBMAML-02673682,Credit Card,1
IBMAML-02674766,Cheque,1
IBMAML-02679511,Cheque,1
IBMAML-02679732,ACH,1
IBMAML-02680589,ACH,1
IBMAML-02684620,ACH,1
IBMAML-02687410,ACH,1
IBMAML-02689575,ACH,1
IBMAML-02689576,ACH,1
IBMAML-02689577,ACH,1
IBMAML-02689578,ACH,1
IBMAML-02689579,ACH,1
IBMAML-02689582,ACH,1
IBMAML-02689583,ACH,1
IBMAML-02689585,ACH,1
IBMAML-02691383,ACH,1
IBMAML-02692261,ACH,1
IBMAML-02698343,ACH,1
IBMAML-02699101,Cheque,1
IBMAML-02699184,Credit Card,1
IBMAML-02699455,ACH,1
IBMAML-02699456,ACH,1
IBMAML-02699457,ACH,1
IBMAML-02699458,ACH,1
IBMAML-02699459,ACH,1
IBMAML-02700159,ACH,1
IBMAML-02702577,ACH,1
IBMAML-02702997,Cheque,1
IBMAML-02704308,Cheque,1
IBMAML-02706976,Cheque,1
IBMAML-02718745,ACH,1
IBMAML-02718747,ACH,1
IBMAML-02718749,ACH,1
IBMAML-02718750,ACH,1
IBMAML-02718752,ACH,1
IBMAML-02718754,ACH,1
IBMAML-02722183,ACH,1
IBMAML-02724608,ACH,1
IBMAML-02725168,ACH,1
IBMAML-02726439,Cheque,1
IBMAML-02726687,Cheque,1
IBMAML-02728721,ACH,1
IBMAML-02733639,ACH,1
IBMAML-02738562,Cheque,1
IBMAML-02738838,ACH,1
IBMAML-02740704,ACH,1
IBMAML-02741755,ACH,1
IBMAML-02742455,Cheque,1
IBMAML-02743084,ACH,1
IBMAML-02743427,Credit Card,1
IBMAML-02747668,ACH,1
IBMAML-02747670,ACH,1
IBMAML-02747673,ACH,1
IBMAML-02747675,ACH,1
IBMAML-02747676,ACH,1
IBMAML-02747678,ACH,1
IBMAML-02747680,ACH,1
IBMAML-02747682,ACH,1
IBMAML-02747684,ACH,1
IBMAML-02747686,ACH,1
IBMAML-02748861,Cash,1
IBMAML-02749579,Cash,1
IBMAML-02750097,ACH,1
IBMAML-02756964,ACH,1
IBMAML-02757789,ACH,1
IBMAML-02757790,ACH,1
IBMAML-02757791,ACH,1
IBMAML-02757792,ACH,1
IBMAML-02760782,ACH,1
IBMAML-02762109,ACH,1
IBMAML-02762110,ACH,1
IBMAML-02762111,ACH,1
IBMAML-02762112,ACH,1
IBMAML-02762113,ACH,1
IBMAML-02762114,ACH,1
IBMAML-02764211,Cheque,1
IBMAML-02764534,ACH,1
IBMAML-02767654,Bitcoin,1
IBMAML-02770631,Credit Card,1
IBMAML-02772090,ACH,1
IBMAML-02777540,ACH,1
IBMAML-02779475,ACH,1
IBMAML-02780155,Cheque,1
IBMAML-02783223,ACH,1
IBMAML-02785273,ACH,1
IBMAML-02800956,ACH,1
IBMAML-02802146,ACH,1
IBMAML-02807079,ACH,1
IBMAML-02807914,ACH,1
IBMAML-02809337,ACH,1
IBMAML-02812094,Credit Card,1
IBMAML-02813113,ACH,1
IBMAML-02813629,ACH,1
IBMAML-02814465,Credit Card,1
IBMAML-02814520,Credit Card,1
IBMAML-02815081,Cheque,1
IBMAML-02817196,ACH,1
IBMAML-02820514,ACH,1
IBMAML-02821099,ACH,1
IBMAML-02821100,ACH,1
IBMAML-02821101,ACH,1
IBMAML-02821102,ACH,1
IBMAML-02825510,ACH,1
IBMAML-02825511,ACH,1
IBMAML-02825512,ACH,1
IBMAML-02825513,ACH,1
IBMAML-02825514,ACH,1
IBMAML-02825517,ACH,1
IBMAML-02825518,ACH,1
IBMAML-02825519,ACH,1
IBMAML-02825520,ACH,1
IBMAML-02825522,ACH,1
IBMAML-02825523,ACH,1
IBMAML-02825525,ACH,1
IBMAML-02825526,ACH,1
IBMAML-02825527,ACH,1
IBMAML-02825528,ACH,1
IBMAML-02825530,ACH,1
IBMAML-02825532,ACH,1
IBMAML-02825534,ACH,1
IBMAML-02825536,ACH,1
IBMAML-02825538,ACH,1
IBMAML-02825539,ACH,1
IBMAML-02825540,ACH,1
IBMAML-02825542,ACH,1
IBMAML-02825544,ACH,1
IBMAML-02825548,ACH,1
IBMAML-02825550,ACH,1
IBMAML-02825552,ACH,1
IBMAML-02825553,ACH,1
IBMAML-02825554,ACH,1
IBMAML-02825556,ACH,1
IBMAML-02825558,ACH,1
IBMAML-02825560,ACH,1
IBMAML-02825562,ACH,1
IBMAML-02825564,ACH,1
IBMAML-02825566,ACH,1
IBMAML-02825567,ACH,1
IBMAML-02825568,ACH,1
IBMAML-02825569,ACH,1
IBMAML-02825571,ACH,1
IBMAML-02829351,Credit Card,1
IBMAML-02830670,ACH,1
IBMAML-02830672,ACH,1
IBMAML-02830674,ACH,1
IBMAML-02830849,ACH,1
IBMAML-02830850,ACH,1
IBMAML-02832181,Cheque,1
IBMAML-02832882,ACH,1
IBMAML-02834816,Credit Card,1
IBMAML-02835587,ACH,1
IBMAML-02837411,ACH,1
IBMAML-02838442,Credit Card,1
IBMAML-02839150,ACH,1
IBMAML-02842106,ACH,1
IBMAML-02842595,ACH,1
IBMAML-02844359,Cheque,1
IBMAML-02846234,ACH,1
IBMAML-02848306,ACH,1
IBMAML-02849911,Cheque,1
IBMAML-02857126,ACH,1
IBMAML-02857965,ACH,1
IBMAML-02859516,Cash,1
IBMAML-02860251,ACH,1
IBMAML-02860252,ACH,1
IBMAML-02860254,ACH,1
IBMAML-02860257,ACH,1
IBMAML-02860258,ACH,1
IBMAML-02860260,ACH,1
IBMAML-02860262,ACH,1
IBMAML-02860264,ACH,1
IBMAML-02860266,ACH,1
IBMAML-02860268,ACH,1
IBMAML-02860270,ACH,1
IBMAML-02860273,ACH,1
IBMAML-02860275,ACH,1
IBMAML-02860277,ACH,1
IBMAML-02860279,ACH,1
IBMAML-02860281,ACH,1
IBMAML-02860316,ACH,1
IBMAML-02860317,ACH,1
IBMAML-02860318,ACH,1
IBMAML-02860320,ACH,1
IBMAML-02860322,ACH,1
IBMAML-02860323,ACH,1
IBMAML-02860325,ACH,1
IBMAML-02860327,ACH,1
IBMAML-02862448,ACH,1
IBMAML-02864755,ACH,1
IBMAML-02864757,ACH,1
IBMAML-02864759,ACH,1
IBMAML-02864760,ACH,1
IBMAML-02864762,ACH,1
IBMAML-02864763,ACH,1
IBMAML-02864766,ACH,1
IBMAML-02864768,ACH,1
IBMAML-02867566,ACH,1
IBMAML-02878830,ACH,1
IBMAML-02879899,Cheque,1
IBMAML-02885493,ACH,1
IBMAML-02886046,ACH,1
IBMAML-02888057,ACH,1
IBMAML-02890431,ACH,1
IBMAML-02890848,ACH,1
IBMAML-02891863,ACH,1
IBMAML-02892387,Cash,1
IBMAML-02893024,Credit Card,1
IBMAML-02898826,ACH,1
IBMAML-02899855,ACH,1
IBMAML-02900334,ACH,1
IBMAML-02901992,ACH,1
IBMAML-02902050,ACH,1
IBMAML-02905059,Credit Card,1
IBMAML-02908917,ACH,1
IBMAML-02908919,ACH,1
IBMAML-02908921,ACH,1
IBMAML-02908923,ACH,1
IBMAML-02916033,ACH,1
IBMAML-02916208,ACH,1
IBMAML-02916529,Cheque,1
IBMAML-02918767,ACH,1
IBMAML-02918769,ACH,1
IBMAML-02918771,ACH,1
IBMAML-02918773,ACH,1
IBMAML-02918774,ACH,1
IBMAML-02918777,ACH,1
IBMAML-02919494,ACH,1
IBMAML-02922083,Credit Card,1
IBMAML-02922883,Credit Card,1
IBMAML-02924898,Cheque,1
IBMAML-02926011,ACH,1
IBMAML-02928614,ACH,1
IBMAML-02928615,ACH,1
IBMAML-02928617,ACH,1
IBMAML-02928619,ACH,1
IBMAML-02928620,ACH,1
IBMAML-02928622,ACH,1
IBMAML-02928624,ACH,1
IBMAML-02928626,ACH,1
IBMAML-02928628,ACH,1
IBMAML-02928630,ACH,1
IBMAML-02928632,ACH,1
IBMAML-02928634,ACH,1
IBMAML-02928635,ACH,1
IBMAML-02928636,ACH,1
IBMAML-02928638,ACH,1
IBMAML-02928639,ACH,1
IBMAML-02928640,ACH,1
IBMAML-02928641,ACH,1
IBMAML-02928642,ACH,1
IBMAML-02928643,ACH,1
IBMAML-02928644,ACH,1
IBMAML-02928645,ACH,1
IBMAML-02929726,ACH,1
IBMAML-02930690,Cheque,1
IBMAML-02931864,ACH,1
IBMAML-02932802,ACH,1
IBMAML-02934227,ACH,1
IBMAML-02938442,ACH,1
IBMAML-02938624,Bitcoin,1
IBMAML-02938940,ACH,1
IBMAML-02939392,ACH,1
IBMAML-02941164,ACH,1
IBMAML-02942967,ACH,1
IBMAML-02943998,ACH,1
IBMAML-02945580,ACH,1
IBMAML-02947164,ACH,1
IBMAML-02947705,ACH,1
IBMAML-02947905,ACH,1
IBMAML-02947906,ACH,1
IBMAML-02947908,ACH,1
IBMAML-02947910,ACH,1
IBMAML-02947912,ACH,1
IBMAML-02947914,ACH,1
IBMAML-02947916,ACH,1
IBMAML-02947919,ACH,1
IBMAML-02947921,ACH,1
IBMAML-02947923,ACH,1
IBMAML-02949020,ACH,1
IBMAML-02949346,Credit Card,1
IBMAML-02952532,ACH,1
IBMAML-02954405,ACH,1
IBMAML-02958539,Cheque,1
IBMAML-02958881,ACH,1
IBMAML-02961540,ACH,1
IBMAML-02965078,ACH,1
IBMAML-02966912,ACH,1
IBMAML-02976940,ACH,1
IBMAML-02976942,ACH,1
IBMAML-02976944,ACH,1
IBMAML-02976946,ACH,1
IBMAML-02976948,ACH,1
IBMAML-02976950,ACH,1
IBMAML-02976951,ACH,1
IBMAML-02978435,ACH,1
IBMAML-02978687,ACH,1
IBMAML-02979209,Credit Card,1
IBMAML-02980330,ACH,1
IBMAML-02982341,ACH,1
IBMAML-02986783,ACH,1
IBMAML-02988867,ACH,1
IBMAML-02991064,ACH,1
IBMAML-02991067,ACH,1
IBMAML-02991890,ACH,1
IBMAML-02993674,ACH,1
IBMAML-02997074,Credit Card,1
IBMAML-02998254,Cheque,1
IBMAML-03005384,ACH,1
IBMAML-03006137,ACH,1
IBMAML-03006138,ACH,1
IBMAML-03007359,ACH,1
IBMAML-03009449,Credit Card,1
IBMAML-03010562,ACH,1
IBMAML-03010564,ACH,1
IBMAML-03015977,ACH,1
IBMAML-03016184,ACH,1
IBMAML-03016185,ACH,1
IBMAML-03016187,ACH,1
IBMAML-03016189,ACH,1
IBMAML-03019108,ACH,1
IBMAML-03028216,ACH,1
IBMAML-03029781,ACH,1
IBMAML-03030574,ACH,1
IBMAML-03032445,ACH,1
IBMAML-03032588,ACH,1
IBMAML-03034083,ACH,1
IBMAML-03035768,ACH,1
IBMAML-03035771,ACH,1
IBMAML-03035773,ACH,1
IBMAML-03035775,ACH,1
IBMAML-03035777,ACH,1
IBMAML-03035779,ACH,1
IBMAML-03035780,ACH,1
IBMAML-03035781,ACH,1
IBMAML-03035783,ACH,1
IBMAML-03035785,ACH,1
IBMAML-03035786,ACH,1
IBMAML-03035788,ACH,1
IBMAML-03035790,ACH,1
IBMAML-03035792,ACH,1
IBMAML-03035793,ACH,1
IBMAML-03035794,ACH,1
IBMAML-03035795,ACH,1
IBMAML-03035796,ACH,1
IBMAML-03035798,ACH,1
IBMAML-03035800,ACH,1
IBMAML-03035801,ACH,1
IBMAML-03035802,ACH,1
IBMAML-03035804,ACH,1
IBMAML-03035806,ACH,1
IBMAML-03035807,ACH,1
IBMAML-03035809,ACH,1
IBMAML-03035902,Cheque,1
IBMAML-03036282,ACH,1
IBMAML-03039802,ACH,1
IBMAML-03046796,ACH,1
IBMAML-03050568,ACH,1
IBMAML-03050604,ACH,1
IBMAML-03052122,Cheque,1
IBMAML-03052957,ACH,1
IBMAML-03055082,Credit Card,1
IBMAML-03055205,ACH,1
IBMAML-03055207,ACH,1
IBMAML-03055210,ACH,1
IBMAML-03055212,ACH,1
IBMAML-03055214,ACH,1
IBMAML-03055217,ACH,1
IBMAML-03055219,ACH,1
IBMAML-03055221,ACH,1
IBMAML-03055580,Bitcoin,1
IBMAML-03060120,ACH,1
IBMAML-03062590,Cash,1
IBMAML-03063351,Cheque,1
IBMAML-03064834,ACH,1
IBMAML-03064836,ACH,1
IBMAML-03064837,ACH,1
IBMAML-03064851,ACH,1
IBMAML-03064853,ACH,1
IBMAML-03064855,ACH,1
IBMAML-03064857,ACH,1
IBMAML-03065252,ACH,1
IBMAML-03075106,Credit Card,1
IBMAML-03075227,ACH,1
IBMAML-03075908,Credit Card,1
IBMAML-03077365,ACH,1
IBMAML-03078903,ACH,1
IBMAML-03080161,ACH,1
IBMAML-03083369,ACH,1
IBMAML-03084284,ACH,1
IBMAML-03084286,ACH,1
IBMAML-03084515,Bitcoin,1
IBMAML-03084607,Bitcoin,1
IBMAML-03086359,ACH,1
IBMAML-03087040,Cheque,1
IBMAML-03093014,Cash,1
IBMAML-03098030,ACH,1
IBMAML-03099067,ACH,1
IBMAML-03100206,ACH,1
IBMAML-03104401,Cheque,1
IBMAML-03107292,Credit Card,1
IBMAML-03107942,ACH,1
IBMAML-03111302,ACH,1
IBMAML-03112256,ACH,1
IBMAML-03114015,Bitcoin,1
IBMAML-03114299,ACH,1
IBMAML-03115164,ACH,1
IBMAML-03115968,Cheque,1
IBMAML-03117645,ACH,1
IBMAML-03117668,ACH,1
IBMAML-03117670,ACH,1
IBMAML-03117671,ACH,1
IBMAML-03117673,ACH,1
IBMAML-03117674,ACH,1
IBMAML-03117676,ACH,1
IBMAML-03117677,ACH,1
IBMAML-03117679,ACH,1
IBMAML-03117680,ACH,1
IBMAML-03117681,ACH,1
IBMAML-03117683,ACH,1
IBMAML-03117684,ACH,1
IBMAML-03117686,ACH,1
IBMAML-03117688,ACH,1
IBMAML-03117690,ACH,1
IBMAML-03117692,ACH,1
IBMAML-03118018,Cheque,1
IBMAML-03118031,ACH,1
IBMAML-03123037,ACH,1
IBMAML-03123392,ACH,1
IBMAML-03123394,ACH,1
IBMAML-03123395,ACH,1
IBMAML-03123397,ACH,1
IBMAML-03123399,ACH,1
IBMAML-03123401,ACH,1
IBMAML-03123402,ACH,1
IBMAML-03123404,ACH,1
IBMAML-03123406,ACH,1
IBMAML-03123408,ACH,1
IBMAML-03123410,ACH,1
IBMAML-03123412,ACH,1
IBMAML-03123414,ACH,1
IBMAML-03123416,ACH,1
IBMAML-03123418,ACH,1
IBMAML-03123420,ACH,1
IBMAML-03123422,ACH,1
IBMAML-03123424,ACH,1
IBMAML-03123426,ACH,1
IBMAML-03123428,ACH,1
IBMAML-03123430,ACH,1
IBMAML-03123432,ACH,1
IBMAML-03123434,ACH,1
IBMAML-03123436,ACH,1
IBMAML-03123438,ACH,1
IBMAML-03123440,ACH,1
IBMAML-03123442,ACH,1
IBMAML-03123450,ACH,1
IBMAML-03123452,ACH,1
IBMAML-03123454,ACH,1
IBMAML-03123456,ACH,1
IBMAML-03123457,ACH,1
IBMAML-03123459,ACH,1
IBMAML-03123461,ACH,1
IBMAML-03123463,ACH,1
IBMAML-03123465,ACH,1
IBMAML-03123467,ACH,1
IBMAML-03123469,ACH,1
IBMAML-03123471,ACH,1
IBMAML-03123473,ACH,1
IBMAML-03123476,ACH,1
IBMAML-03123478,ACH,1
IBMAML-03123481,ACH,1
IBMAML-03123485,ACH,1
IBMAML-03123486,ACH,1
IBMAML-03123487,ACH,1
IBMAML-03123488,ACH,1
IBMAML-03128227,ACH,1
IBMAML-03129175,ACH,1
IBMAML-03130952,ACH,1
IBMAML-03131601,ACH,1
IBMAML-03131944,Cheque,1
IBMAML-03132998,ACH,1
IBMAML-03132999,ACH,1
IBMAML-03133001,ACH,1
IBMAML-03133002,ACH,1
IBMAML-03133004,ACH,1
IBMAML-03133006,ACH,1
IBMAML-03133008,ACH,1
IBMAML-03133010,ACH,1
IBMAML-03133012,ACH,1
IBMAML-03133014,ACH,1
IBMAML-03133016,ACH,1
IBMAML-03133018,ACH,1
IBMAML-03133020,ACH,1
IBMAML-03133021,ACH,1
IBMAML-03133023,ACH,1
IBMAML-03133025,ACH,1
IBMAML-03133027,ACH,1
IBMAML-03133029,ACH,1
IBMAML-03133031,ACH,1
IBMAML-03133033,ACH,1
IBMAML-03133034,ACH,1
IBMAML-03139246,Cash,1
IBMAML-03141884,Credit Card,1
IBMAML-03142937,ACH,1
IBMAML-03143257,Bitcoin,1
IBMAML-03144584,ACH,1
IBMAML-03145112,ACH,1
IBMAML-03145744,ACH,1
IBMAML-03149859,Credit Card,1
IBMAML-03151299,ACH,1
IBMAML-03151369,Credit Card,1
IBMAML-03152125,ACH,1
IBMAML-03152352,ACH,1
IBMAML-03154651,Cheque,1
IBMAML-03155157,ACH,1
IBMAML-03159128,Cash,1
IBMAML-03162459,ACH,1
IBMAML-03162460,ACH,1
IBMAML-03162461,ACH,1
IBMAML-03162462,ACH,1
IBMAML-03162463,ACH,1
IBMAML-03162464,ACH,1
IBMAML-03162466,ACH,1
IBMAML-03162467,ACH,1
IBMAML-03162468,ACH,1
IBMAML-03162469,ACH,1
IBMAML-03162470,ACH,1
IBMAML-03162471,ACH,1
IBMAML-03162472,ACH,1
IBMAML-03162473,ACH,1
IBMAML-03162475,ACH,1
IBMAML-03162478,ACH,1
IBMAML-03162480,ACH,1
IBMAML-03162482,ACH,1
IBMAML-03162484,ACH,1
IBMAML-03162486,ACH,1
IBMAML-03162488,ACH,1
IBMAML-03162490,ACH,1
IBMAML-03162492,ACH,1
IBMAML-03162494,ACH,1
IBMAML-03162497,ACH,1
IBMAML-03162498,ACH,1
IBMAML-03162500,ACH,1
IBMAML-03162502,ACH,1
IBMAML-03162504,ACH,1
IBMAML-03162506,ACH,1
IBMAML-03162508,ACH,1
IBMAML-03162510,ACH,1
IBMAML-03162512,ACH,1
IBMAML-03162514,ACH,1
IBMAML-03162516,ACH,1
IBMAML-03162518,ACH,1
IBMAML-03162520,ACH,1
IBMAML-03162522,ACH,1
IBMAML-03162524,ACH,1
IBMAML-03162526,ACH,1
IBMAML-03162528,ACH,1
IBMAML-03162530,ACH,1
IBMAML-03167814,ACH,1
IBMAML-03169174,Cheque,1
IBMAML-03172734,Bitcoin,1
IBMAML-03174267,ACH,1
IBMAML-03174663,Credit Card,1
IBMAML-03174718,ACH,1
IBMAML-03175198,ACH,1
IBMAML-03178322,Cheque,1
IBMAML-03182150,ACH,1
IBMAML-03182152,ACH,1
IBMAML-03182154,ACH,1
IBMAML-03182156,ACH,1
IBMAML-03182158,ACH,1
IBMAML-03182160,ACH,1
IBMAML-03182162,ACH,1
IBMAML-03184340,ACH,1
IBMAML-03184748,ACH,1
IBMAML-03185109,ACH,1
IBMAML-03186163,ACH,1
IBMAML-03186543,ACH,1
IBMAML-03188788,ACH,1
IBMAML-03193747,ACH,1
IBMAML-03197107,Credit Card,1
IBMAML-03201409,ACH,1
IBMAML-03201410,ACH,1
IBMAML-03201412,ACH,1
IBMAML-03201414,ACH,1
IBMAML-03201416,ACH,1
IBMAML-03201418,ACH,1
IBMAML-03201421,ACH,1
IBMAML-03201423,ACH,1
IBMAML-03201426,ACH,1
IBMAML-03201428,ACH,1
IBMAML-03201770,ACH,1
IBMAML-03204720,ACH,1
IBMAML-03205463,ACH,1
IBMAML-03207513,ACH,1
IBMAML-03208457,Credit Card,1
IBMAML-03208822,ACH,1
IBMAML-03214580,ACH,1
IBMAML-03215817,ACH,1
IBMAML-03217145,ACH,1
IBMAML-03218772,ACH,1
IBMAML-03221940,Cheque,1
IBMAML-03227729,ACH,1
IBMAML-03229561,ACH,1
IBMAML-03229683,Credit Card,1
IBMAML-03231765,Cheque,1
IBMAML-03235825,ACH,1
IBMAML-03239556,Credit Card,1
IBMAML-03240079,ACH,1
IBMAML-03240080,ACH,1
IBMAML-03240081,ACH,1
IBMAML-03240082,ACH,1
IBMAML-03240083,ACH,1
IBMAML-03240148,Bitcoin,1
IBMAML-03241619,ACH,1
IBMAML-03242023,ACH,1
IBMAML-03242198,ACH,1
IBMAML-03242502,Cash,1
IBMAML-03243510,ACH,1
IBMAML-03243855,ACH,1
IBMAML-03249409,ACH,1
IBMAML-03249683,ACH,1
IBMAML-03249684,ACH,1
IBMAML-03249687,ACH,1
IBMAML-03249690,ACH,1
IBMAML-03252654,ACH,1
IBMAML-03254724,ACH,1
IBMAML-03273371,ACH,1
IBMAML-03274531,Credit Card,1
IBMAML-03274646,ACH,1
IBMAML-03277629,ACH,1
IBMAML-03278178,ACH,1
IBMAML-03278418,ACH,1
IBMAML-03279082,Cheque,1
IBMAML-03279337,ACH,1
IBMAML-03285982,ACH,1
IBMAML-03290134,ACH,1
IBMAML-03293599,ACH,1
IBMAML-03299052,Credit Card,1
IBMAML-03303576,ACH,1
IBMAML-03303578,ACH,1
IBMAML-03303579,ACH,1
IBMAML-03303581,ACH,1
IBMAML-03303583,ACH,1
IBMAML-03303584,ACH,1
IBMAML-03303586,ACH,1
IBMAML-03303588,ACH,1
IBMAML-03303590,ACH,1
IBMAML-03303592,ACH,1
IBMAML-03303594,ACH,1
IBMAML-03303595,ACH,1
IBMAML-03303597,ACH,1
IBMAML-03303599,ACH,1
IBMAML-03303600,ACH,1
IBMAML-03303601,ACH,1
IBMAML-03303603,ACH,1
IBMAML-03303606,ACH,1
IBMAML-03303608,ACH,1
IBMAML-03303610,ACH,1
IBMAML-03303612,ACH,1
IBMAML-03303614,ACH,1
IBMAML-03305347,ACH,1
IBMAML-03306432,Cheque,1
IBMAML-03313375,ACH,1
IBMAML-03313378,ACH,1
IBMAML-03313380,ACH,1
IBMAML-03313383,ACH,1
IBMAML-03313385,ACH,1
IBMAML-03313387,ACH,1
IBMAML-03319348,Cheque,1
IBMAML-03322438,ACH,1
IBMAML-03324430,Credit Card,1
IBMAML-03326583,Cheque,1
IBMAML-03326788,ACH,1
IBMAML-03326789,ACH,1
IBMAML-03326791,ACH,1
IBMAML-03326793,ACH,1
IBMAML-03326794,ACH,1
IBMAML-03326796,ACH,1
IBMAML-03326798,ACH,1
IBMAML-03326799,ACH,1
IBMAML-03326801,ACH,1
IBMAML-03326802,ACH,1
IBMAML-03326804,ACH,1
IBMAML-03326805,ACH,1
IBMAML-03326806,ACH,1
IBMAML-03326808,ACH,1
IBMAML-03326810,ACH,1
IBMAML-03326811,ACH,1
IBMAML-03326812,ACH,1
IBMAML-03326814,ACH,1
IBMAML-03331420,Credit Card,1
IBMAML-03332513,ACH,1
IBMAML-03332514,ACH,1
IBMAML-03332516,ACH,1
IBMAML-03332518,ACH,1
IBMAML-03332520,ACH,1
IBMAML-03332522,ACH,1
IBMAML-03332523,ACH,1
IBMAML-03332525,ACH,1
IBMAML-03332526,ACH,1
IBMAML-03332528,ACH,1
IBMAML-03332530,ACH,1
IBMAML-03332532,ACH,1
IBMAML-03336536,ACH,1
IBMAML-03338314,Cash,1
IBMAML-03339273,ACH,1
IBMAML-03339538,ACH,1
IBMAML-03340097,Credit Card,1
IBMAML-03342050,ACH,1
IBMAML-03342052,ACH,1
IBMAML-03342054,ACH,1
IBMAML-03342055,ACH,1
IBMAML-03346618,Credit Card,1
IBMAML-03346720,ACH,1
IBMAML-03348579,ACH,1
IBMAML-03348632,Cheque,1
IBMAML-03351991,ACH,1
IBMAML-03351993,ACH,1
IBMAML-03351994,ACH,1
IBMAML-03351996,ACH,1
IBMAML-03351997,ACH,1
IBMAML-03351998,ACH,1
IBMAML-03352000,ACH,1
IBMAML-03352002,ACH,1
IBMAML-03352003,ACH,1
IBMAML-03352006,ACH,1
IBMAML-03352008,ACH,1
IBMAML-03352010,ACH,1
IBMAML-03352011,ACH,1
IBMAML-03352012,ACH,1
IBMAML-03352014,ACH,1
IBMAML-03352016,ACH,1
IBMAML-03352018,ACH,1
IBMAML-03352020,ACH,1
IBMAML-03352023,ACH,1
IBMAML-03352316,Bitcoin,1
IBMAML-03352761,Cheque,1
IBMAML-03355384,ACH,1
IBMAML-03360061,Cheque,1
IBMAML-03361186,ACH,1
IBMAML-03362083,Credit Card,1
IBMAML-03364629,ACH,1
IBMAML-03365977,ACH,1
IBMAML-03369070,Credit Card,1
IBMAML-03371061,ACH,1
IBMAML-03371282,Cash,1
IBMAML-03372063,ACH,1
IBMAML-03372074,ACH,1
IBMAML-03372466,Credit Card,1
IBMAML-03379674,ACH,1
IBMAML-03388270,Cash,1
IBMAML-03388570,ACH,1
IBMAML-03390558,ACH,1
IBMAML-03390730,Cheque,1
IBMAML-03391385,ACH,1
IBMAML-03393142,ACH,1
IBMAML-03395876,ACH,1
IBMAML-03395877,ACH,1
IBMAML-03395878,ACH,1
IBMAML-03395879,ACH,1
IBMAML-03395880,ACH,1
IBMAML-03395882,ACH,1
IBMAML-03395883,ACH,1
IBMAML-03395884,ACH,1
IBMAML-03397356,Cheque,1
IBMAML-03398173,Credit Card,1
IBMAML-03400435,Cheque,1
IBMAML-03403190,ACH,1
IBMAML-03404444,ACH,1
IBMAML-03407269,ACH,1
IBMAML-03408338,Cheque,1
IBMAML-03411040,ACH,1
IBMAML-03411041,ACH,1
IBMAML-03411043,ACH,1
IBMAML-03411046,ACH,1
IBMAML-03411048,ACH,1
IBMAML-03411050,ACH,1
IBMAML-03411051,ACH,1
IBMAML-03411052,ACH,1
IBMAML-03411053,ACH,1
IBMAML-03411054,ACH,1
IBMAML-03411055,ACH,1
IBMAML-03411056,ACH,1
IBMAML-03411058,ACH,1
IBMAML-03411060,ACH,1
IBMAML-03411062,ACH,1
IBMAML-03411064,ACH,1
IBMAML-03411066,ACH,1
IBMAML-03411068,ACH,1
IBMAML-03411069,ACH,1
IBMAML-03411070,ACH,1
IBMAML-03411072,ACH,1
IBMAML-03411074,ACH,1
IBMAML-03411075,ACH,1
IBMAML-03411077,ACH,1
IBMAML-03411078,ACH,1
IBMAML-03411079,ACH,1
IBMAML-03411081,ACH,1
IBMAML-03411084,ACH,1
IBMAML-03420276,ACH,1
IBMAML-03420797,ACH,1
IBMAML-03420799,ACH,1
IBMAML-03420801,ACH,1
IBMAML-03420803,ACH,1
IBMAML-03420805,ACH,1
IBMAML-03420807,ACH,1
IBMAML-03426110,Cheque,1
IBMAML-03427987,ACH,1
IBMAML-03429165,Cash,1
IBMAML-03430406,ACH,1
IBMAML-03436646,Cash,1
IBMAML-03439965,ACH,1
IBMAML-03441390,ACH,1
IBMAML-03442933,ACH,1
IBMAML-03444530,ACH,1
IBMAML-03444531,ACH,1
IBMAML-03444533,ACH,1
IBMAML-03444534,ACH,1
IBMAML-03444535,ACH,1
IBMAML-03444536,ACH,1
IBMAML-03444537,ACH,1
IBMAML-03444539,ACH,1
IBMAML-03444541,ACH,1
IBMAML-03444542,ACH,1
IBMAML-03444543,ACH,1
IBMAML-03444544,ACH,1
IBMAML-03444545,ACH,1
IBMAML-03444547,ACH,1
IBMAML-03447775,Cash,1
IBMAML-03450812,ACH,1
IBMAML-03456139,Cheque,1
IBMAML-03459491,ACH,1
IBMAML-03459493,ACH,1
IBMAML-03459495,ACH,1
IBMAML-03459498,ACH,1
IBMAML-03459500,ACH,1
IBMAML-03459502,ACH,1
IBMAML-03459504,ACH,1
IBMAML-03459506,ACH,1
IBMAML-03459508,ACH,1
IBMAML-03459510,ACH,1
IBMAML-03459512,ACH,1
IBMAML-03459513,ACH,1
IBMAML-03459515,ACH,1
IBMAML-03459517,ACH,1
IBMAML-03459519,ACH,1
IBMAML-03459521,ACH,1
IBMAML-03459523,ACH,1
IBMAML-03459526,ACH,1
IBMAML-03459528,ACH,1
IBMAML-03459530,ACH,1
IBMAML-03459531,ACH,1
IBMAML-03459532,ACH,1
IBMAML-03459534,ACH,1
IBMAML-03459536,ACH,1
IBMAML-03459538,ACH,1
IBMAML-03459540,ACH,1
IBMAML-03459542,ACH,1
IBMAML-03459544,ACH,1
IBMAML-03459546,ACH,1
IBMAML-03459548,ACH,1
IBMAML-03462633,ACH,1
IBMAML-03463254,ACH,1
IBMAML-03463476,ACH,1
IBMAML-03463854,ACH,1
IBMAML-03463855,ACH,1
IBMAML-03464996,Credit Card,1
IBMAML-03465388,ACH,1
IBMAML-03467885,ACH,1
IBMAML-03468092,ACH,1
IBMAML-03469179,ACH,1
IBMAML-03469181,ACH,1
IBMAML-03469183,ACH,1
IBMAML-03469185,ACH,1
IBMAML-03469187,ACH,1
IBMAML-03469189,ACH,1
IBMAML-03469190,ACH,1
IBMAML-03469192,ACH,1
IBMAML-03469194,ACH,1
IBMAML-03469196,ACH,1
IBMAML-03469198,ACH,1
IBMAML-03469200,ACH,1
IBMAML-03469202,ACH,1
IBMAML-03469218,ACH,1
IBMAML-03469219,ACH,1
IBMAML-03469769,ACH,1
IBMAML-03472145,ACH,1
IBMAML-03477417,ACH,1
IBMAML-03478509,Cash,1
IBMAML-03481434,ACH,1
IBMAML-03485355,ACH,1
IBMAML-03489313,Cheque,1
IBMAML-03492495,Credit Card,1
IBMAML-03495324,Cheque,1
IBMAML-03496236,ACH,1
IBMAML-03496835,ACH,1
IBMAML-03498723,ACH,1
IBMAML-03498725,ACH,1
IBMAML-03498986,Bitcoin,1
IBMAML-03501257,Cheque,1
IBMAML-03501855,Cash,1
IBMAML-03502229,ACH,1
IBMAML-03503115,ACH,1
IBMAML-03504614,Cheque,1
IBMAML-03508906,ACH,1
IBMAML-03512489,ACH,1
IBMAML-03513023,ACH,1
IBMAML-03514409,ACH,1
IBMAML-03517639,ACH,1
IBMAML-03521782,Credit Card,1
IBMAML-03522341,Credit Card,1
IBMAML-03525185,Cheque,1
IBMAML-03527370,ACH,1
IBMAML-03530594,Cheque,1
IBMAML-03533403,Cash,1
IBMAML-03535071,Credit Card,1
IBMAML-03535490,Cash,1
IBMAML-03537416,Cheque,1
IBMAML-03539351,Credit Card,1
IBMAML-03543147,ACH,1
IBMAML-03548261,ACH,1
IBMAML-03549051,Cheque,1
IBMAML-03551500,ACH,1
IBMAML-03555082,ACH,1
IBMAML-03557039,ACH,1
IBMAML-03557041,ACH,1
IBMAML-03557043,ACH,1
IBMAML-03557045,ACH,1
IBMAML-03557047,ACH,1
IBMAML-03557048,ACH,1
IBMAML-03557050,ACH,1
IBMAML-03557052,ACH,1
IBMAML-03557054,ACH,1
IBMAML-03557056,ACH,1
IBMAML-03557058,ACH,1
IBMAML-03557059,ACH,1
IBMAML-03558853,Credit Card,1
IBMAML-03558942,ACH,1
IBMAML-03562234,Credit Card,1
IBMAML-03563910,Cash,1
IBMAML-03564747,ACH,1
IBMAML-03565390,Cheque,1
IBMAML-03584817,ACH,1
IBMAML-03586640,ACH,1
IBMAML-03586642,ACH,1
IBMAML-03586644,ACH,1
IBMAML-03586647,ACH,1
IBMAML-03586649,ACH,1
IBMAML-03586651,ACH,1
IBMAML-03586653,ACH,1
IBMAML-03586655,ACH,1
IBMAML-03586657,ACH,1
IBMAML-03586659,ACH,1
IBMAML-03586661,ACH,1
IBMAML-03586663,ACH,1
IBMAML-03586664,ACH,1
IBMAML-03586666,ACH,1
IBMAML-03586668,ACH,1
IBMAML-03586670,ACH,1
IBMAML-03590675,Credit Card,1
IBMAML-03591917,ACH,1
IBMAML-03592663,ACH,1
IBMAML-03594544,ACH,1
IBMAML-03595195,ACH,1
IBMAML-03596547,ACH,1
IBMAML-03596550,ACH,1
IBMAML-03596553,ACH,1
IBMAML-03596556,ACH,1
IBMAML-03596559,ACH,1
IBMAML-03597169,Credit Card,1
IBMAML-03598969,ACH,1
IBMAML-03600691,ACH,1
IBMAML-03600907,ACH,1
IBMAML-03601124,ACH,1
IBMAML-03604251,Credit Card,1
IBMAML-03611339,ACH,1
IBMAML-03613234,Credit Card,1
IBMAML-03616938,Credit Card,1
IBMAML-03621249,ACH,1
IBMAML-03625767,ACH,1
IBMAML-03625768,ACH,1
IBMAML-03625770,ACH,1
IBMAML-03625772,ACH,1
IBMAML-03625773,ACH,1
IBMAML-03625785,ACH,1
IBMAML-03625787,ACH,1
IBMAML-03625788,ACH,1
IBMAML-03625789,ACH,1
IBMAML-03625790,ACH,1
IBMAML-03625791,ACH,1
IBMAML-03625792,ACH,1
IBMAML-03625794,ACH,1
IBMAML-03625796,ACH,1
IBMAML-03625797,ACH,1
IBMAML-03628729,ACH,1
IBMAML-03631562,ACH,1
IBMAML-03631601,Cheque,1
IBMAML-03631745,ACH,1
IBMAML-03635535,Cheque,1
IBMAML-03635774,ACH,1
IBMAML-03635775,ACH,1
IBMAML-03635777,ACH,1
IBMAML-03635779,ACH,1
IBMAML-03635781,ACH,1
IBMAML-03635783,ACH,1
IBMAML-03635785,ACH,1
IBMAML-03635787,ACH,1
IBMAML-03635789,ACH,1
IBMAML-03635791,ACH,1
IBMAML-03635792,ACH,1
IBMAML-03635793,ACH,1
IBMAML-03635795,ACH,1
IBMAML-03635797,ACH,1
IBMAML-03635825,ACH,1
IBMAML-03635827,ACH,1
IBMAML-03635829,ACH,1
IBMAML-03635831,ACH,1
IBMAML-03635833,ACH,1
IBMAML-03635835,ACH,1
IBMAML-03635837,ACH,1
IBMAML-03635839,ACH,1
IBMAML-03638646,Credit Card,1
IBMAML-03641562,ACH,1
IBMAML-03641957,ACH,1
IBMAML-03645787,Cheque,1
IBMAML-03649273,ACH,1
IBMAML-03653557,ACH,1
IBMAML-03659473,Cheque,1
IBMAML-03659534,ACH,1
IBMAML-03662023,ACH,1
IBMAML-03663290,ACH,1
IBMAML-03663516,ACH,1
IBMAML-03664343,ACH,1
IBMAML-03664344,ACH,1
IBMAML-03664345,ACH,1
IBMAML-03664347,ACH,1
IBMAML-03664348,ACH,1
IBMAML-03664349,ACH,1
IBMAML-03664350,ACH,1
IBMAML-03664351,ACH,1
IBMAML-03664352,ACH,1
IBMAML-03664353,ACH,1
IBMAML-03664354,ACH,1
IBMAML-03664355,ACH,1
IBMAML-03664742,Credit Card,1
IBMAML-03664838,ACH,1
IBMAML-03666327,Cash,1
IBMAML-03681763,ACH,1
IBMAML-03683095,Cheque,1
IBMAML-03683933,ACH,1
IBMAML-03683935,ACH,1
IBMAML-03683937,ACH,1
IBMAML-03683939,ACH,1
IBMAML-03683940,ACH,1
IBMAML-03683942,ACH,1
IBMAML-03683944,ACH,1
IBMAML-03683946,ACH,1
IBMAML-03683947,ACH,1
IBMAML-03683950,ACH,1
IBMAML-03683951,ACH,1
IBMAML-03683953,ACH,1
IBMAML-03686081,Credit Card,1
IBMAML-03686746,ACH,1
IBMAML-03694719,ACH,1
IBMAML-03696369,ACH,1
IBMAML-03703288,ACH,1
IBMAML-03703289,ACH,1
IBMAML-03703290,ACH,1
IBMAML-03703293,ACH,1
IBMAML-03703295,ACH,1
IBMAML-03703297,ACH,1
IBMAML-03703299,ACH,1
IBMAML-03703301,ACH,1
IBMAML-03703303,ACH,1
IBMAML-03703305,ACH,1
IBMAML-03703307,ACH,1
IBMAML-03703308,ACH,1
IBMAML-03703310,ACH,1
IBMAML-03703312,ACH,1
IBMAML-03703313,ACH,1
IBMAML-03703314,ACH,1
IBMAML-03704577,ACH,1
IBMAML-03707074,Cheque,1
IBMAML-03711598,ACH,1
IBMAML-03712121,ACH,1
IBMAML-03712860,ACH,1
IBMAML-03713133,Bitcoin,1
IBMAML-03717952,ACH,1
IBMAML-03719578,Cash,1
IBMAML-03721752,ACH,1
IBMAML-03723195,Cheque,1
IBMAML-03728248,Cash,1
IBMAML-03730895,ACH,1
IBMAML-03732449,ACH,1
IBMAML-03732450,ACH,1
IBMAML-03732453,ACH,1
IBMAML-03732455,ACH,1
IBMAML-03732457,ACH,1
IBMAML-03732459,ACH,1
IBMAML-03732461,ACH,1
IBMAML-03732464,ACH,1
IBMAML-03732500,ACH,1
IBMAML-03732501,ACH,1
IBMAML-03732502,ACH,1
IBMAML-03732503,ACH,1
IBMAML-03732504,ACH,1
IBMAML-03732505,ACH,1
IBMAML-03732936,ACH,1
IBMAML-03737586,ACH,1
IBMAML-03740928,ACH,1
IBMAML-03742886,ACH,1
IBMAML-03742887,ACH,1
IBMAML-03742889,ACH,1
IBMAML-03742890,ACH,1
IBMAML-03742891,ACH,1
IBMAML-03742892,ACH,1
IBMAML-03742894,Bitcoin,1
IBMAML-03742896,ACH,1
IBMAML-03742897,ACH,1
IBMAML-03742899,ACH,1
IBMAML-03756240,ACH,1
IBMAML-03756241,ACH,1
IBMAML-03756242,ACH,1
IBMAML-03756243,ACH,1
IBMAML-03756245,ACH,1
IBMAML-03756247,ACH,1
IBMAML-03756248,ACH,1
IBMAML-03756251,ACH,1
IBMAML-03756252,ACH,1
IBMAML-03756254,ACH,1
IBMAML-03756255,ACH,1
IBMAML-03756258,ACH,1
IBMAML-03756259,ACH,1
IBMAML-03756261,ACH,1
IBMAML-03756263,ACH,1
IBMAML-03756265,ACH,1
IBMAML-03757219,ACH,1
IBMAML-03760442,ACH,1
IBMAML-03761079,Credit Card,1
IBMAML-03766079,ACH,1
IBMAML-03775374,ACH,1
IBMAML-03777450,ACH,1
IBMAML-03780590,ACH,1
IBMAML-03780591,ACH,1
IBMAML-03784248,ACH,1
IBMAML-03785802,ACH,1
IBMAML-03785803,ACH,1
IBMAML-03785806,ACH,1
IBMAML-03785809,ACH,1
IBMAML-03785810,ACH,1
IBMAML-03785813,ACH,1
IBMAML-03786839,ACH,1
IBMAML-03788627,ACH,1
IBMAML-03790743,ACH,1
IBMAML-03791633,ACH,1
IBMAML-03795770,Cheque,1
IBMAML-03799644,ACH,1
IBMAML-03805036,Cheque,1
IBMAML-03805114,ACH,1
IBMAML-03805116,ACH,1
IBMAML-03805118,ACH,1
IBMAML-03805120,ACH,1
IBMAML-03805121,ACH,1
IBMAML-03805123,ACH,1
IBMAML-03805125,ACH,1
IBMAML-03805126,ACH,1
IBMAML-03805128,ACH,1
IBMAML-03805130,ACH,1
IBMAML-03805132,ACH,1
IBMAML-03805133,ACH,1
IBMAML-03805135,ACH,1
IBMAML-03805155,ACH,1
IBMAML-03805157,ACH,1
IBMAML-03805159,ACH,1
IBMAML-03805161,ACH,1
IBMAML-03805163,ACH,1
IBMAML-03805165,ACH,1
IBMAML-03805167,ACH,1
IBMAML-03805168,ACH,1
IBMAML-03805170,ACH,1
IBMAML-03805172,ACH,1
IBMAML-03805173,ACH,1
IBMAML-03805175,ACH,1
IBMAML-03805176,ACH,1
IBMAML-03805178,ACH,1
IBMAML-03805180,ACH,1
IBMAML-03805182,ACH,1
IBMAML-03805328,Bitcoin,1
IBMAML-03805590,ACH,1
IBMAML-03806106,Cheque,1
IBMAML-03807538,ACH,1
IBMAML-03808907,ACH,1
IBMAML-03809764,Cheque,1
IBMAML-03812730,Credit Card,1
IBMAML-03813366,ACH,1
IBMAML-03819600,ACH,1
IBMAML-03825314,ACH,1
IBMAML-03826789,ACH,1
IBMAML-03827454,ACH,1
IBMAML-03832248,ACH,1
IBMAML-03836913,Cash,1
IBMAML-03838865,ACH,1
IBMAML-03841300,Cheque,1
IBMAML-03841841,ACH,1
IBMAML-03848204,ACH,1
IBMAML-03848696,ACH,1
IBMAML-03849658,ACH,1
IBMAML-03849743,ACH,1
IBMAML-03850290,ACH,1
IBMAML-03850849,Credit Card,1
IBMAML-03850995,Credit Card,1
IBMAML-03852790,ACH,1
IBMAML-03854421,ACH,1
IBMAML-03856977,Credit Card,1
IBMAML-03857020,Cheque,1
IBMAML-03857994,ACH,1
IBMAML-03858638,ACH,1
IBMAML-03860033,ACH,1
IBMAML-03860199,Cheque,1
IBMAML-03862977,Credit Card,1
IBMAML-03863627,ACH,1
IBMAML-03863628,ACH,1
IBMAML-03863629,ACH,1
IBMAML-03863630,ACH,1
IBMAML-03863631,ACH,1
IBMAML-03863633,ACH,1
IBMAML-03863635,ACH,1
IBMAML-03863637,ACH,1
IBMAML-03863639,ACH,1
IBMAML-03863642,ACH,1
IBMAML-03863643,ACH,1
IBMAML-03863644,ACH,1
IBMAML-03863646,ACH,1
IBMAML-03863648,ACH,1
IBMAML-03863649,ACH,1
IBMAML-03863651,ACH,1
IBMAML-03863653,ACH,1
IBMAML-03863655,ACH,1
IBMAML-03863657,ACH,1
IBMAML-03863660,ACH,1
IBMAML-03863662,ACH,1
IBMAML-03863664,ACH,1
IBMAML-03863666,ACH,1
IBMAML-03863668,ACH,1
IBMAML-03863669,ACH,1
IBMAML-03863670,ACH,1
IBMAML-03865670,ACH,1
IBMAML-03871690,Cheque,1
IBMAML-03872024,ACH,1
IBMAML-03881210,Credit Card,1
IBMAML-03881734,ACH,1
IBMAML-03882881,Cash,1
IBMAML-03882971,Bitcoin,1
IBMAML-03885878,ACH,1
IBMAML-03887869,Credit Card,1
IBMAML-03888830,Credit Card,1
IBMAML-03894525,Cheque,1
IBMAML-03895936,ACH,1
IBMAML-03896838,ACH,1
IBMAML-03897099,Cheque,1
IBMAML-03897219,ACH,1
IBMAML-03902216,ACH,1
IBMAML-03902218,ACH,1
IBMAML-03902220,ACH,1
IBMAML-03902221,ACH,1
IBMAML-03902223,ACH,1
IBMAML-03902225,ACH,1
IBMAML-03902227,ACH,1
IBMAML-03902229,ACH,1
IBMAML-03902231,ACH,1
IBMAML-03902232,ACH,1
IBMAML-03902233,ACH,1
IBMAML-03902235,ACH,1
IBMAML-03902236,ACH,1
IBMAML-03902398,Bitcoin,1
IBMAML-03904765,Credit Card,1
IBMAML-03906787,ACH,1
IBMAML-03906789,ACH,1
IBMAML-03906791,ACH,1
IBMAML-03906793,ACH,1
IBMAML-03906794,ACH,1
IBMAML-03906795,ACH,1
IBMAML-03906797,ACH,1
IBMAML-03906799,ACH,1
IBMAML-03906800,ACH,1
IBMAML-03906802,ACH,1
IBMAML-03906804,ACH,1
IBMAML-03906806,ACH,1
IBMAML-03906807,ACH,1
IBMAML-03906808,ACH,1
IBMAML-03906809,ACH,1
IBMAML-03906810,ACH,1
IBMAML-03906811,ACH,1
IBMAML-03906812,ACH,1
IBMAML-03906814,ACH,1
IBMAML-03906816,ACH,1
IBMAML-03906818,ACH,1
IBMAML-03906820,ACH,1
IBMAML-03908482,ACH,1
IBMAML-03912920,ACH,1
IBMAML-03912938,Credit Card,1
IBMAML-03917255,ACH,1
IBMAML-03917528,Cheque,1
IBMAML-03920316,Cash,1
IBMAML-03922108,Bitcoin,1
IBMAML-03922677,ACH,1
IBMAML-03924475,Credit Card,1
IBMAML-03924736,Cash,1
IBMAML-03930243,ACH,1
IBMAML-03932353,Cash,1
IBMAML-03933438,ACH,1
IBMAML-03934250,Cheque,1
IBMAML-03937183,Credit Card,1
IBMAML-03937944,Credit Card,1
IBMAML-03940245,Cheque,1
IBMAML-03943330,ACH,1
IBMAML-03946033,Cheque,1
IBMAML-03946498,Cheque,1
IBMAML-03946825,ACH,1
IBMAML-03949909,ACH,1
IBMAML-03950384,ACH,1
IBMAML-03950983,ACH,1
IBMAML-03951310,ACH,1
IBMAML-03951312,ACH,1
IBMAML-03951314,ACH,1
IBMAML-03951316,ACH,1
IBMAML-03951318,ACH,1
IBMAML-03951320,ACH,1
IBMAML-03951321,ACH,1
IBMAML-03951323,ACH,1
IBMAML-03951325,ACH,1
IBMAML-03951327,ACH,1
IBMAML-03951329,ACH,1
IBMAML-03951331,ACH,1
IBMAML-03956452,ACH,1
IBMAML-03959979,ACH,1
IBMAML-03960214,Cheque,1
IBMAML-03961338,ACH,1
IBMAML-03961340,ACH,1
IBMAML-03961341,ACH,1
IBMAML-03961343,ACH,1
IBMAML-03961344,ACH,1
IBMAML-03961345,ACH,1
IBMAML-03961347,ACH,1
IBMAML-03961349,ACH,1
IBMAML-03961351,ACH,1
IBMAML-03961353,ACH,1
IBMAML-03961355,ACH,1
IBMAML-03961357,ACH,1
IBMAML-03961358,ACH,1
IBMAML-03961360,ACH,1
IBMAML-03961438,Bitcoin,1
IBMAML-03965201,Cheque,1
IBMAML-03966586,ACH,1
IBMAML-03970856,ACH,1
IBMAML-03970858,ACH,1
IBMAML-03970860,ACH,1
IBMAML-03970862,ACH,1
IBMAML-03970863,ACH,1
IBMAML-03970865,ACH,1
IBMAML-03970867,ACH,1
IBMAML-03970869,ACH,1
IBMAML-03970870,ACH,1
IBMAML-03970872,ACH,1
IBMAML-03971279,Bitcoin,1
IBMAML-03972561,Credit Card,1
IBMAML-03977061,ACH,1
IBMAML-03977743,ACH,1
IBMAML-03977874,ACH,1
IBMAML-03983611,ACH,1
IBMAML-03986635,ACH,1
IBMAML-03987142,Cheque,1
IBMAML-03990435,ACH,1
IBMAML-03992471,ACH,1
IBMAML-03992597,Cash,1
IBMAML-03994823,ACH,1
IBMAML-04001562,ACH,1
IBMAML-04001746,ACH,1
IBMAML-04008451,ACH,1
IBMAML-04010245,ACH,1
IBMAML-04010246,ACH,1
IBMAML-04013162,ACH,1
IBMAML-04019820,Cash,1
IBMAML-04022625,Credit Card,1
IBMAML-04023674,Cheque,1
IBMAML-04029574,ACH,1
IBMAML-04029575,ACH,1
IBMAML-04029576,ACH,1
IBMAML-04031070,ACH,1
IBMAML-04031854,ACH,1
IBMAML-04034894,ACH,1
IBMAML-04037699,Credit Card,1
IBMAML-04042188,ACH,1
IBMAML-04043824,ACH,1
IBMAML-04043825,ACH,1
IBMAML-04043826,ACH,1
IBMAML-04043827,ACH,1
IBMAML-04043829,ACH,1
IBMAML-04043830,ACH,1
IBMAML-04043832,ACH,1
IBMAML-04043833,ACH,1
IBMAML-04043834,ACH,1
IBMAML-04044005,Credit Card,1
IBMAML-04046289,ACH,1
IBMAML-04049286,ACH,1
IBMAML-04053703,ACH,1
IBMAML-04057854,Credit Card,1
IBMAML-04059217,ACH,1
IBMAML-04059235,ACH,1
IBMAML-04059237,ACH,1
IBMAML-04059239,ACH,1
IBMAML-04059241,ACH,1
IBMAML-04059242,ACH,1
IBMAML-04059243,ACH,1
IBMAML-04059245,ACH,1
IBMAML-04059247,ACH,1
IBMAML-04059249,ACH,1
IBMAML-04063051,Cheque,1
IBMAML-04064923,ACH,1
IBMAML-04064968,ACH,1
IBMAML-04065032,ACH,1
IBMAML-04065988,Cheque,1
IBMAML-04066450,Cash,1
IBMAML-04073162,ACH,1
IBMAML-04073209,ACH,1
IBMAML-04074299,ACH,1
IBMAML-04074876,Cash,1
IBMAML-04075710,ACH,1
IBMAML-04080154,ACH,1
IBMAML-04080913,ACH,1
IBMAML-04082107,Credit Card,1
IBMAML-04082364,ACH,1
IBMAML-04083751,Cheque,1
IBMAML-04083802,ACH,1
IBMAML-04084386,ACH,1
IBMAML-04085433,ACH,1
IBMAML-04087630,ACH,1
IBMAML-04088407,ACH,1
IBMAML-04088409,ACH,1
IBMAML-04088411,ACH,1
IBMAML-04088413,ACH,1
IBMAML-04088416,ACH,1
IBMAML-04088417,ACH,1
IBMAML-04088419,ACH,1
IBMAML-04088422,ACH,1
IBMAML-04089359,ACH,1
IBMAML-04093952,ACH,1
IBMAML-04094072,ACH,1
IBMAML-04097810,ACH,1
IBMAML-04100530,Cheque,1
IBMAML-04102736,ACH,1
IBMAML-04102737,ACH,1
IBMAML-04102739,ACH,1
IBMAML-04102741,ACH,1
IBMAML-04102742,ACH,1
IBMAML-04102743,ACH,1
IBMAML-04102744,ACH,1
IBMAML-04107994,ACH,1
IBMAML-04109498,ACH,1
IBMAML-04109632,Credit Card,1
IBMAML-04114707,ACH,1
IBMAML-04115900,ACH,1
IBMAML-04117758,ACH,1
IBMAML-04117760,ACH,1
IBMAML-04117761,ACH,1
IBMAML-04117762,ACH,1
IBMAML-04117763,ACH,1
IBMAML-04117766,ACH,1
IBMAML-04117768,ACH,1
IBMAML-04117770,ACH,1
IBMAML-04117772,ACH,1
IBMAML-04117774,ACH,1
IBMAML-04117776,ACH,1
IBMAML-04117777,ACH,1
IBMAML-04117779,ACH,1
IBMAML-04117780,ACH,1
IBMAML-04118630,ACH,1
IBMAML-04119775,ACH,1
IBMAML-04120434,ACH,1
IBMAML-04122677,ACH,1
IBMAML-04123275,ACH,1
IBMAML-04126009,Cash,1
IBMAML-04127855,ACH,1
IBMAML-04127856,ACH,1
IBMAML-04127858,ACH,1
IBMAML-04127860,ACH,1
IBMAML-04127861,ACH,1
IBMAML-04127863,ACH,1
IBMAML-04127865,ACH,1
IBMAML-04127867,ACH,1
IBMAML-04127868,ACH,1
IBMAML-04127870,ACH,1
IBMAML-04127871,ACH,1
IBMAML-04127872,ACH,1
IBMAML-04127873,ACH,1
IBMAML-04127875,ACH,1
IBMAML-04127876,ACH,1
IBMAML-04127878,ACH,1
IBMAML-04129661,Cheque,1
IBMAML-04130554,ACH,1
IBMAML-04135359,ACH,1
IBMAML-04142395,ACH,1
IBMAML-04142741,ACH,1
IBMAML-04143533,ACH,1
IBMAML-04144326,ACH,1
IBMAML-04145046,ACH,1
IBMAML-04145271,Cheque,1
IBMAML-04145476,Credit Card,1
IBMAML-04147415,Bitcoin,1
IBMAML-04148992,ACH,1
IBMAML-04151510,Cheque,1
IBMAML-04152127,ACH,1
IBMAML-04152794,ACH,1
IBMAML-04153519,ACH,1
IBMAML-04155349,ACH,1
IBMAML-04157034,ACH,1
IBMAML-04157036,ACH,1
IBMAML-04157497,ACH,1
IBMAML-04158320,Cheque,1
IBMAML-04159970,ACH,1
IBMAML-04160693,Credit Card,1
IBMAML-04161205,ACH,1
IBMAML-04161975,ACH,1
IBMAML-04162403,ACH,1
IBMAML-04163435,ACH,1
IBMAML-04163529,ACH,1
IBMAML-04166828,Bitcoin,1
IBMAML-04169884,ACH,1
IBMAML-04171982,Cheque,1
IBMAML-04172916,ACH,1
IBMAML-04172992,Cheque,1
IBMAML-04173926,ACH,1
IBMAML-04175350,ACH,1
IBMAML-04176057,ACH,1
IBMAML-04176252,Credit Card,1
IBMAML-04176427,Bitcoin,1
IBMAML-04184876,ACH,1
IBMAML-04186167,ACH,1
IBMAML-04186852,ACH,1
IBMAML-04187806,ACH,1
IBMAML-04189595,ACH,1
IBMAML-04192941,ACH,1
IBMAML-04194048,ACH,1
IBMAML-04194823,ACH,1
IBMAML-04198166,ACH,1
IBMAML-04198525,ACH,1
IBMAML-04198952,ACH,1
IBMAML-04201521,ACH,1
IBMAML-04203084,ACH,1
IBMAML-04211779,ACH,1
IBMAML-04212372,Cheque,1
IBMAML-04213205,Cash,1
IBMAML-04214275,ACH,1
IBMAML-04214946,ACH,1
IBMAML-04214959,ACH,1
IBMAML-04214961,ACH,1
IBMAML-04214962,ACH,1
IBMAML-04214964,ACH,1
IBMAML-04214965,ACH,1
IBMAML-04214967,ACH,1
IBMAML-04214968,ACH,1
IBMAML-04214970,ACH,1
IBMAML-04214972,ACH,1
IBMAML-04214975,ACH,1
IBMAML-04214977,ACH,1
IBMAML-04214978,ACH,1
IBMAML-04214980,ACH,1
IBMAML-04214982,ACH,1
IBMAML-04214984,ACH,1
IBMAML-04214985,ACH,1
IBMAML-04214987,ACH,1
IBMAML-04214988,ACH,1
IBMAML-04214990,ACH,1
IBMAML-04214992,ACH,1
IBMAML-04214994,ACH,1
IBMAML-04214995,ACH,1
IBMAML-04214997,ACH,1
IBMAML-04214998,ACH,1
IBMAML-04214999,ACH,1
IBMAML-04215001,ACH,1
IBMAML-04215002,ACH,1
IBMAML-04215003,ACH,1
IBMAML-04230903,Credit Card,1
IBMAML-04231222,Cheque,1
IBMAML-04236729,ACH,1
IBMAML-04242451,ACH,1
IBMAML-04242454,ACH,1
IBMAML-04242456,ACH,1
IBMAML-04242459,ACH,1
IBMAML-04242461,ACH,1
IBMAML-04242464,ACH,1
IBMAML-04242466,ACH,1
IBMAML-04242467,ACH,1
IBMAML-04247817,ACH,1
IBMAML-04248588,Cash,1
IBMAML-04255141,ACH,1
IBMAML-04258012,Cheque,1
IBMAML-04259504,Cheque,1
IBMAML-04269444,ACH,1
IBMAML-04269445,ACH,1
IBMAML-04269447,ACH,1
IBMAML-04269449,ACH,1
IBMAML-04269450,ACH,1
IBMAML-04269452,ACH,1
IBMAML-04269459,ACH,1
IBMAML-04269460,ACH,1
IBMAML-04269461,ACH,1
IBMAML-04269462,ACH,1
IBMAML-04269463,ACH,1
IBMAML-04269464,ACH,1
IBMAML-04269465,ACH,1
IBMAML-04269466,ACH,1
IBMAML-04269468,ACH,1
IBMAML-04269469,ACH,1
IBMAML-04269470,ACH,1
IBMAML-04275233,ACH,1
IBMAML-04277575,Credit Card,1
IBMAML-04283007,ACH,1
IBMAML-04283986,Cheque,1
IBMAML-04284833,ACH,1
IBMAML-04287992,Cheque,1
IBMAML-04288845,ACH,1
IBMAML-04289967,ACH,1
IBMAML-04293207,ACH,1
IBMAML-04294060,ACH,1
IBMAML-04294284,ACH,1
IBMAML-04296463,ACH,1
IBMAML-04296464,ACH,1
IBMAML-04296465,ACH,1
IBMAML-04296466,ACH,1
IBMAML-04297268,ACH,1
IBMAML-04298097,ACH,1
IBMAML-04300704,Cash,1
IBMAML-04301646,Cheque,1
IBMAML-04307689,ACH,1
IBMAML-04307784,Cheque,1
IBMAML-04310832,Credit Card,1
IBMAML-04313555,ACH,1
IBMAML-04314381,ACH,1
IBMAML-04315617,ACH,1
IBMAML-04315618,ACH,1
IBMAML-04315620,ACH,1
IBMAML-04315621,ACH,1
IBMAML-04315622,ACH,1
IBMAML-04315624,ACH,1
IBMAML-04315625,ACH,1
IBMAML-04315626,ACH,1
IBMAML-04315627,ACH,1
IBMAML-04315628,ACH,1
IBMAML-04315846,ACH,1
IBMAML-04322768,ACH,1
IBMAML-04323403,Cheque,1
IBMAML-04328405,ACH,1
IBMAML-04329192,Cheque,1
IBMAML-04331557,Cash,1
IBMAML-04334166,ACH,1
IBMAML-04334321,ACH,1
IBMAML-04337608,Cheque,1
IBMAML-04341525,ACH,1
IBMAML-04345867,Credit Card,1
IBMAML-04349171,ACH,1
IBMAML-04354111,Cash,1
IBMAML-04355812,ACH,1
IBMAML-04363357,Cheque,1
IBMAML-04366456,Credit Card,1
IBMAML-04374557,ACH,1
IBMAML-04375533,ACH,1
IBMAML-04376201,ACH,1
IBMAML-04376202,ACH,1
IBMAML-04376203,ACH,1
IBMAML-04376204,ACH,1
IBMAML-04376206,ACH,1
IBMAML-04376208,ACH,1
IBMAML-04376209,ACH,1
IBMAML-04376261,Bitcoin,1
IBMAML-04376897,Credit Card,1
IBMAML-04381690,ACH,1
IBMAML-04389487,ACH,1
IBMAML-04389488,ACH,1
IBMAML-04389504,ACH,1
IBMAML-04389506,ACH,1
IBMAML-04389508,ACH,1
IBMAML-04389510,ACH,1
IBMAML-04389512,ACH,1
IBMAML-04389514,ACH,1
IBMAML-04389516,ACH,1
IBMAML-04389518,ACH,1
IBMAML-04389520,ACH,1
IBMAML-04389522,ACH,1
IBMAML-04389524,ACH,1
IBMAML-04389814,Bitcoin,1
IBMAML-04391193,ACH,1
IBMAML-04392606,ACH,1
IBMAML-04392997,Credit Card,1
IBMAML-04396816,ACH,1
IBMAML-04397102,Cheque,1
IBMAML-04399075,ACH,1
IBMAML-04407121,Cheque,1
IBMAML-04408886,Cash,1
IBMAML-04410468,Cheque,1
IBMAML-04410495,Cheque,1
IBMAML-04411892,ACH,1
IBMAML-04416442,Cheque,1
IBMAML-04417928,ACH,1
IBMAML-04421681,ACH,1
IBMAML-04421683,ACH,1
IBMAML-04421684,ACH,1
IBMAML-04421686,ACH,1
IBMAML-04421688,ACH,1
IBMAML-04421690,ACH,1
IBMAML-04422223,ACH,1
IBMAML-04425872,Credit Card,1
IBMAML-04429998,Bitcoin,1
IBMAML-04431026,Cheque,1
IBMAML-04431614,Cheque,1
IBMAML-04435680,ACH,1
IBMAML-04437574,ACH,1
IBMAML-04443472,ACH,1
IBMAML-04444852,Cash,1
IBMAML-04445780,ACH,1
IBMAML-04449052,ACH,1
IBMAML-04449054,ACH,1
IBMAML-04449056,ACH,1
IBMAML-04449058,ACH,1
IBMAML-04449060,ACH,1
IBMAML-04449062,ACH,1
IBMAML-04449064,ACH,1
IBMAML-04449066,ACH,1
IBMAML-04449068,ACH,1
IBMAML-04449070,ACH,1
IBMAML-04449072,ACH,1
IBMAML-04449074,ACH,1
IBMAML-04449076,ACH,1
IBMAML-04449078,ACH,1
IBMAML-04449080,ACH,1
IBMAML-04449082,ACH,1
IBMAML-04449084,ACH,1
IBMAML-04449086,ACH,1
IBMAML-04449088,ACH,1
IBMAML-04449090,ACH,1
IBMAML-04449092,ACH,1
IBMAML-04449094,ACH,1
IBMAML-04449145,ACH,1
IBMAML-04449755,Cheque,1
IBMAML-04453738,Cheque,1
IBMAML-04456274,ACH,1
IBMAML-04456275,ACH,1
IBMAML-04459397,ACH,1
IBMAML-04459440,ACH,1
IBMAML-04462856,ACH,1
IBMAML-04466638,ACH,1
IBMAML-04483538,ACH,1
IBMAML-04483539,ACH,1
IBMAML-04483541,ACH,1
IBMAML-04483543,ACH,1
IBMAML-04483545,ACH,1
IBMAML-04483547,ACH,1
IBMAML-04483549,ACH,1
IBMAML-04483551,ACH,1
IBMAML-04483552,ACH,1
IBMAML-04483582,ACH,1
IBMAML-04483716,Bitcoin,1
IBMAML-04484939,Credit Card,1
IBMAML-04489218,Cheque,1
IBMAML-04490423,Cheque,1
IBMAML-04493862,Credit Card,1
IBMAML-04495214,ACH,1
IBMAML-04495505,ACH,1
IBMAML-04498758,ACH,1
IBMAML-04499354,ACH,1
IBMAML-04499476,ACH,1
IBMAML-04501449,Cheque,1
IBMAML-04509185,Cheque,1
IBMAML-04510078,ACH,1
IBMAML-04510172,ACH,1
IBMAML-04510173,ACH,1
IBMAML-04510174,ACH,1
IBMAML-04510176,ACH,1
IBMAML-04510178,ACH,1
IBMAML-04510179,ACH,1
IBMAML-04510180,ACH,1
IBMAML-04510182,ACH,1
IBMAML-04510184,ACH,1
IBMAML-04510186,ACH,1
IBMAML-04510187,ACH,1
IBMAML-04510189,ACH,1
IBMAML-04510191,ACH,1
IBMAML-04510193,ACH,1
IBMAML-04510195,ACH,1
IBMAML-04510196,ACH,1
IBMAML-04510198,ACH,1
IBMAML-04510200,ACH,1
IBMAML-04510202,ACH,1
IBMAML-04510204,ACH,1
IBMAML-04510206,ACH,1
IBMAML-04510208,ACH,1
IBMAML-04510210,ACH,1
IBMAML-04510212,ACH,1
IBMAML-04510213,ACH,1
IBMAML-04510214,ACH,1
IBMAML-04510216,ACH,1
IBMAML-04510746,ACH,1
IBMAML-04511036,ACH,1
IBMAML-04511879,ACH,1
IBMAML-04515571,Credit Card,1
IBMAML-04515843,Cheque,1
IBMAML-04516400,ACH,1
IBMAML-04521241,ACH,1
IBMAML-04521996,Cheque,1
IBMAML-04525117,Cheque,1
IBMAML-04529482,ACH,1
IBMAML-04529483,ACH,1
IBMAML-04529485,ACH,1
IBMAML-04529486,ACH,1
IBMAML-04529487,ACH,1
IBMAML-04529488,ACH,1
IBMAML-04529489,ACH,1
IBMAML-04529490,ACH,1
IBMAML-04529491,ACH,1
IBMAML-04529492,ACH,1
IBMAML-04529493,ACH,1
IBMAML-04529494,ACH,1
IBMAML-04529495,ACH,1
IBMAML-04537833,Cheque,1
IBMAML-04543273,Cheque,1
IBMAML-04543417,Credit Card,1
IBMAML-04547257,ACH,1
IBMAML-04549996,Cash,1
IBMAML-04550040,ACH,1
IBMAML-04550042,ACH,1
IBMAML-04550043,ACH,1
IBMAML-04550045,ACH,1
IBMAML-04550047,ACH,1
IBMAML-04550049,ACH,1
IBMAML-04550050,ACH,1
IBMAML-04550051,ACH,1
IBMAML-04550052,ACH,1
IBMAML-04550054,ACH,1
IBMAML-04550055,ACH,1
IBMAML-04550056,ACH,1
IBMAML-04550058,ACH,1
IBMAML-04550060,ACH,1
IBMAML-04550061,ACH,1
IBMAML-04550062,ACH,1
IBMAML-04550064,ACH,1
IBMAML-04550066,ACH,1
IBMAML-04550068,ACH,1
IBMAML-04550070,ACH,1
IBMAML-04550072,ACH,1
IBMAML-04550073,ACH,1
IBMAML-04550075,ACH,1
IBMAML-04550077,ACH,1
IBMAML-04550079,ACH,1
IBMAML-04550081,ACH,1
IBMAML-04553765,ACH,1
IBMAML-04554353,ACH,1
IBMAML-04563195,ACH,1
IBMAML-04563197,ACH,1
IBMAML-04563199,ACH,1
IBMAML-04563201,ACH,1
IBMAML-04563203,ACH,1
IBMAML-04563205,ACH,1
IBMAML-04563207,ACH,1
IBMAML-04563209,ACH,1
IBMAML-04563211,ACH,1
IBMAML-04563213,ACH,1
IBMAML-04563215,ACH,1
IBMAML-04563217,ACH,1
IBMAML-04563219,ACH,1
IBMAML-04563221,ACH,1
IBMAML-04563223,ACH,1
IBMAML-04563225,ACH,1
IBMAML-04563458,ACH,1
IBMAML-04563460,ACH,1
IBMAML-04563461,ACH,1
IBMAML-04563463,ACH,1
IBMAML-04563465,ACH,1
IBMAML-04563467,ACH,1
IBMAML-04563469,ACH,1
IBMAML-04563471,ACH,1
IBMAML-04565837,ACH,1
IBMAML-04566455,ACH,1
IBMAML-04566632,ACH,1
IBMAML-04566903,Cheque,1
IBMAML-04569290,ACH,1
IBMAML-04569292,ACH,1
IBMAML-04569294,ACH,1
IBMAML-04569296,ACH,1
IBMAML-04569298,ACH,1
IBMAML-04569300,ACH,1
IBMAML-04569302,ACH,1
IBMAML-04569304,ACH,1
IBMAML-04569306,ACH,1
IBMAML-04569308,ACH,1
IBMAML-04569310,ACH,1
IBMAML-04570605,Credit Card,1
IBMAML-04576536,Cheque,1
IBMAML-04579838,ACH,1
IBMAML-04587873,ACH,1
IBMAML-04592491,ACH,1
IBMAML-04595749,ACH,1
IBMAML-04597088,Credit Card,1
IBMAML-04604534,Cash,1
IBMAML-04608187,ACH,1
IBMAML-04611149,Cheque,1
IBMAML-04612089,ACH,1
IBMAML-04613127,Cash,1
IBMAML-04616251,ACH,1
IBMAML-04616280,ACH,1
IBMAML-04618190,ACH,1
IBMAML-04618616,Cheque,1
IBMAML-04619091,ACH,1
IBMAML-04619384,Cheque,1
IBMAML-04622950,ACH,1
IBMAML-04625800,ACH,1
IBMAML-04626918,Cheque,1
IBMAML-04635109,ACH,1
IBMAML-04635781,ACH,1
IBMAML-04640725,ACH,1
IBMAML-04643317,Bitcoin,1
IBMAML-04645387,ACH,1
IBMAML-04645617,Credit Card,1
IBMAML-04646066,ACH,1
IBMAML-04646838,Cheque,1
IBMAML-04647497,Cheque,1
IBMAML-04649870,Cash,1
IBMAML-04656184,ACH,1
IBMAML-04656365,ACH,1
IBMAML-04656378,ACH,1
IBMAML-04656379,ACH,1
IBMAML-04656380,ACH,1
IBMAML-04660450,Credit Card,1
IBMAML-04662200,Credit Card,1
IBMAML-04662796,ACH,1
IBMAML-04676044,Cheque,1
IBMAML-04677962,ACH,1
IBMAML-04680851,Credit Card,1
IBMAML-04682770,ACH,1
IBMAML-04683031,ACH,1
IBMAML-04683033,ACH,1
IBMAML-04683035,ACH,1
IBMAML-04683037,ACH,1
IBMAML-04684711,ACH,1
IBMAML-04688482,ACH,1
IBMAML-04691984,ACH,1
IBMAML-04692692,ACH,1
IBMAML-04696413,ACH,1
IBMAML-04696469,Bitcoin,1
IBMAML-04719762,ACH,1
IBMAML-04723750,ACH,1
IBMAML-04723751,ACH,1
IBMAML-04723753,ACH,1
IBMAML-04723755,ACH,1
IBMAML-04723757,ACH,1
IBMAML-04723759,ACH,1
IBMAML-04723761,ACH,1
IBMAML-04723762,ACH,1
IBMAML-04723764,ACH,1
IBMAML-04723766,ACH,1
IBMAML-04723767,ACH,1
IBMAML-04723771,ACH,1
IBMAML-04723772,ACH,1
IBMAML-04723773,ACH,1
IBMAML-04723774,ACH,1
IBMAML-04723775,ACH,1
IBMAML-04723776,ACH,1
IBMAML-04723777,ACH,1
IBMAML-04723778,ACH,1
IBMAML-04723779,ACH,1
IBMAML-04723781,ACH,1
IBMAML-04723782,ACH,1
IBMAML-04723783,ACH,1
IBMAML-04723784,ACH,1
IBMAML-04723785,ACH,1
IBMAML-04723786,ACH,1
IBMAML-04723787,ACH,1
IBMAML-04723788,ACH,1
IBMAML-04723789,ACH,1
IBMAML-04723790,ACH,1
IBMAML-04723791,ACH,1
IBMAML-04723792,ACH,1
IBMAML-04723794,ACH,1
IBMAML-04723795,ACH,1
IBMAML-04723796,ACH,1
IBMAML-04732179,ACH,1
IBMAML-04732861,ACH,1
IBMAML-04734400,Cheque,1
IBMAML-04734895,ACH,1
IBMAML-04735528,Cash,1
IBMAML-04737281,ACH,1
IBMAML-04737283,ACH,1
IBMAML-04737284,ACH,1
IBMAML-04737286,ACH,1
IBMAML-04737287,ACH,1
IBMAML-04737288,ACH,1
IBMAML-04737289,ACH,1
IBMAML-04737291,ACH,1
IBMAML-04737293,ACH,1
IBMAML-04737302,ACH,1
IBMAML-04737304,ACH,1
IBMAML-04737306,ACH,1
IBMAML-04737308,ACH,1
IBMAML-04737310,ACH,1
IBMAML-04737311,ACH,1
IBMAML-04737313,ACH,1
IBMAML-04737315,ACH,1
IBMAML-04737317,ACH,1
IBMAML-04737319,ACH,1
IBMAML-04737321,ACH,1
IBMAML-04737323,ACH,1
IBMAML-04737325,ACH,1
IBMAML-04737327,ACH,1
IBMAML-04737329,ACH,1
IBMAML-04747598,ACH,1
IBMAML-04750575,ACH,1
IBMAML-04750577,ACH,1
IBMAML-04750578,ACH,1
IBMAML-04750579,ACH,1
IBMAML-04750580,ACH,1
IBMAML-04750582,ACH,1
IBMAML-04750584,ACH,1
IBMAML-04750586,ACH,1
IBMAML-04750588,ACH,1
IBMAML-04750590,ACH,1
IBMAML-04750592,ACH,1
IBMAML-04750593,ACH,1
IBMAML-04750595,ACH,1
IBMAML-04750597,ACH,1
IBMAML-04750599,ACH,1
IBMAML-04750601,ACH,1
IBMAML-04750603,ACH,1
IBMAML-04750604,ACH,1
IBMAML-04750606,ACH,1
IBMAML-04750608,ACH,1
IBMAML-04750610,ACH,1
IBMAML-04750612,ACH,1
IBMAML-04750614,ACH,1
IBMAML-04750616,ACH,1
IBMAML-04750618,ACH,1
IBMAML-04752563,Cheque,1
IBMAML-04753544,Credit Card,1
IBMAML-04756603,ACH,1
IBMAML-04756604,ACH,1
IBMAML-04757501,ACH,1
IBMAML-04763832,ACH,1
IBMAML-04763834,ACH,1
IBMAML-04763837,ACH,1
IBMAML-04763839,ACH,1
IBMAML-04763840,ACH,1
IBMAML-04763843,ACH,1
IBMAML-04763844,ACH,1
IBMAML-04763845,ACH,1
IBMAML-04763847,ACH,1
IBMAML-04771674,Cheque,1
IBMAML-04775440,ACH,1
IBMAML-04777020,ACH,1
IBMAML-04777022,ACH,1
IBMAML-04777024,ACH,1
IBMAML-04777025,ACH,1
IBMAML-04777028,ACH,1
IBMAML-04777030,ACH,1
IBMAML-04777033,ACH,1
IBMAML-04777035,ACH,1
IBMAML-04777037,ACH,1
IBMAML-04777038,ACH,1
IBMAML-04777964,Cheque,1
IBMAML-04780338,ACH,1
IBMAML-04782293,ACH,1
IBMAML-04785297,ACH,1
IBMAML-04786358,Cash,1
IBMAML-04787216,Credit Card,1
IBMAML-04787291,Credit Card,1
IBMAML-04788667,Cheque,1
IBMAML-04790069,ACH,1
IBMAML-04790071,ACH,1
IBMAML-04790073,ACH,1
IBMAML-04790075,ACH,1
IBMAML-04790076,ACH,1
IBMAML-04790077,ACH,1
IBMAML-04790079,ACH,1
IBMAML-04790080,ACH,1
IBMAML-04790082,ACH,1
IBMAML-04790083,ACH,1
IBMAML-04790084,ACH,1
IBMAML-04790086,ACH,1
IBMAML-04790088,ACH,1
IBMAML-04790089,ACH,1
IBMAML-04790091,ACH,1
IBMAML-04790094,ACH,1
IBMAML-04790095,ACH,1
IBMAML-04791220,Cheque,1
IBMAML-04792079,Cash,1
IBMAML-04794100,ACH,1
IBMAML-04795916,ACH,1
IBMAML-04795917,ACH,1
IBMAML-04796294,Cheque,1
IBMAML-04796794,ACH,1
IBMAML-04797298,ACH,1
IBMAML-04797919,ACH,1
IBMAML-04798671,ACH,1
IBMAML-04800416,ACH,1
IBMAML-04802375,ACH,1
IBMAML-04803017,ACH,1
IBMAML-04803019,ACH,1
IBMAML-04803022,ACH,1
IBMAML-04803042,ACH,1
IBMAML-04803044,ACH,1
IBMAML-04803064,ACH,1
IBMAML-04803066,ACH,1
IBMAML-04803068,ACH,1
IBMAML-04803071,ACH,1
IBMAML-04803073,ACH,1
IBMAML-04803076,ACH,1
IBMAML-04803078,ACH,1
IBMAML-04803079,ACH,1
IBMAML-04803080,ACH,1
IBMAML-04803082,ACH,1
IBMAML-04803085,ACH,1
IBMAML-04806502,ACH,1
IBMAML-04809098,ACH,1
IBMAML-04809921,Credit Card,1
IBMAML-04815445,Cheque,1
IBMAML-04817579,ACH,1
IBMAML-04818738,ACH,1
IBMAML-04821984,ACH,1
IBMAML-04823246,Credit Card,1
IBMAML-04823559,Cheque,1
IBMAML-04830369,ACH,1
IBMAML-04830997,ACH,1
IBMAML-04832737,ACH,1
IBMAML-04835834,ACH,1
IBMAML-04836050,ACH,1
IBMAML-04838522,Credit Card,1
IBMAML-04840192,ACH,1
IBMAML-04844329,ACH,1
IBMAML-04844934,Cheque,1
IBMAML-04845107,ACH,1
IBMAML-04845245,ACH,1
IBMAML-04845599,Credit Card,1
IBMAML-04846116,ACH,1
IBMAML-04848378,ACH,1
IBMAML-04850950,ACH,1
IBMAML-04853603,ACH,1
IBMAML-04854601,ACH,1
IBMAML-04856058,ACH,1
IBMAML-04856060,ACH,1
IBMAML-04856062,ACH,1
IBMAML-04856064,ACH,1
IBMAML-04856066,ACH,1
IBMAML-04856068,ACH,1
IBMAML-04856070,ACH,1
IBMAML-04856072,ACH,1
IBMAML-04856073,ACH,1
IBMAML-04856075,ACH,1
IBMAML-04856077,ACH,1
IBMAML-04856078,ACH,1
IBMAML-04856080,ACH,1
IBMAML-04856082,ACH,1
IBMAML-04856084,ACH,1
IBMAML-04856086,ACH,1
IBMAML-04856087,ACH,1
IBMAML-04856089,ACH,1
IBMAML-04856090,ACH,1
IBMAML-04856092,ACH,1
IBMAML-04856094,ACH,1
IBMAML-04856096,ACH,1
IBMAML-04856098,ACH,1
IBMAML-04856100,ACH,1
IBMAML-04856102,ACH,1
IBMAML-04856104,ACH,1
IBMAML-04856307,Bitcoin,1
IBMAML-04856371,Bitcoin,1
IBMAML-04863305,ACH,1
IBMAML-04864708,ACH,1
IBMAML-04867695,ACH,1
IBMAML-04869224,Cash,1
IBMAML-04870357,Credit Card,1
IBMAML-04878253,ACH,1
IBMAML-04885046,ACH,1
IBMAML-04887996,ACH,1
IBMAML-04887998,ACH,1
IBMAML-04888000,ACH,1
IBMAML-04888002,ACH,1
IBMAML-04888003,ACH,1
IBMAML-04888004,ACH,1
IBMAML-04888007,ACH,1
IBMAML-04888009,ACH,1
IBMAML-04888010,ACH,1
IBMAML-04888012,ACH,1
IBMAML-04888014,ACH,1
IBMAML-04888016,ACH,1
IBMAML-04888017,ACH,1
IBMAML-04888019,ACH,1
IBMAML-04888020,ACH,1
IBMAML-04888021,ACH,1
IBMAML-04888022,ACH,1
IBMAML-04889085,ACH,1
IBMAML-04889736,ACH,1
IBMAML-04891552,ACH,1
IBMAML-04894731,Credit Card,1
IBMAML-04895717,ACH,1
IBMAML-04896327,ACH,1
IBMAML-04896549,ACH,1
IBMAML-04899510,ACH,1
IBMAML-04900824,ACH,1
IBMAML-04901398,ACH,1
IBMAML-04903347,ACH,1
IBMAML-04904089,ACH,1
IBMAML-04904720,ACH,1
IBMAML-04904723,ACH,1
IBMAML-04904725,ACH,1
IBMAML-04904727,ACH,1
IBMAML-04904728,ACH,1
IBMAML-04904731,ACH,1
IBMAML-04904734,ACH,1
IBMAML-04904736,ACH,1
IBMAML-04907844,ACH,1
IBMAML-04908637,ACH,1
IBMAML-04908720,ACH,1
IBMAML-04908722,ACH,1
IBMAML-04908724,ACH,1
IBMAML-04908726,ACH,1
IBMAML-04908728,ACH,1
IBMAML-04908730,ACH,1
IBMAML-04908731,ACH,1
IBMAML-04908734,ACH,1
IBMAML-04908736,ACH,1
IBMAML-04908739,ACH,1
IBMAML-04908741,ACH,1
IBMAML-04908743,ACH,1
IBMAML-04908744,ACH,1
IBMAML-04908747,ACH,1
IBMAML-04908748,ACH,1
IBMAML-04908751,ACH,1
IBMAML-04908752,ACH,1
IBMAML-04908754,ACH,1
IBMAML-04908756,ACH,1
IBMAML-04908759,ACH,1
IBMAML-04908761,ACH,1
IBMAML-04908763,ACH,1
IBMAML-04908764,ACH,1
IBMAML-04908766,ACH,1
IBMAML-04908767,ACH,1
IBMAML-04908769,ACH,1
IBMAML-04908771,ACH,1
IBMAML-04908773,ACH,1
IBMAML-04908775,ACH,1
IBMAML-04908777,ACH,1
IBMAML-04908779,ACH,1
IBMAML-04908781,ACH,1
IBMAML-04908875,ACH,1
IBMAML-04908876,ACH,1
IBMAML-04908906,ACH,1
IBMAML-04908907,ACH,1
IBMAML-04913035,ACH,1
IBMAML-04913038,ACH,1
IBMAML-04913040,ACH,1
IBMAML-04913042,ACH,1
IBMAML-04913089,Bitcoin,1
IBMAML-04914973,ACH,1
IBMAML-04916751,Cheque,1
IBMAML-04917040,ACH,1
IBMAML-04917041,ACH,1
IBMAML-04917043,ACH,1
IBMAML-04917044,ACH,1
IBMAML-04917046,ACH,1
IBMAML-04917047,ACH,1
IBMAML-04917057,ACH,1
IBMAML-04917058,ACH,1
IBMAML-04917060,ACH,1
IBMAML-04917062,ACH,1
IBMAML-04917064,ACH,1
IBMAML-04917066,ACH,1
IBMAML-04917067,ACH,1
IBMAML-04917506,ACH,1
IBMAML-04917921,ACH,1
IBMAML-04918221,ACH,1
IBMAML-04920750,ACH,1
IBMAML-04921164,ACH,1
IBMAML-04924056,ACH,1
IBMAML-04925270,Cheque,1
IBMAML-04925313,ACH,1
IBMAML-04925470,ACH,1
IBMAML-04925472,ACH,1
IBMAML-04925474,ACH,1
IBMAML-04925476,ACH,1
IBMAML-04925478,ACH,1
IBMAML-04925480,ACH,1
IBMAML-04925482,ACH,1
IBMAML-04925484,ACH,1
IBMAML-04925486,ACH,1
IBMAML-04925488,ACH,1
IBMAML-04929179,ACH,1
IBMAML-04929269,ACH,1
IBMAML-04929655,ACH,1
IBMAML-04929656,ACH,1
IBMAML-04929657,ACH,1
IBMAML-04929658,ACH,1
IBMAML-04929659,ACH,1
IBMAML-04929660,ACH,1
IBMAML-04929662,ACH,1
IBMAML-04929664,ACH,1
IBMAML-04935062,ACH,1
IBMAML-04938073,ACH,1
IBMAML-04938361,ACH,1
IBMAML-04938393,ACH,1
IBMAML-04938420,ACH,1
IBMAML-04939863,ACH,1
IBMAML-04940686,ACH,1
IBMAML-04941711,ACH,1
IBMAML-04941712,ACH,1
IBMAML-04942870,Cheque,1
IBMAML-04943840,ACH,1
IBMAML-04944969,Cheque,1
IBMAML-04947935,ACH,1
IBMAML-04949135,ACH,1
IBMAML-04949887,ACH,1
IBMAML-04950341,ACH,1
IBMAML-04951127,ACH,1
IBMAML-04951315,ACH,1
IBMAML-04951341,ACH,1
IBMAML-04951395,Credit Card,1
IBMAML-04953639,ACH,1
IBMAML-04953909,ACH,1
IBMAML-04954192,ACH,1
IBMAML-04954194,ACH,1
IBMAML-04954196,ACH,1
IBMAML-04954198,ACH,1
IBMAML-04954199,ACH,1
IBMAML-04954201,ACH,1
IBMAML-04954203,ACH,1
IBMAML-04954204,ACH,1
IBMAML-04954407,ACH,1
IBMAML-04958147,ACH,1
IBMAML-04958148,ACH,1
IBMAML-04958149,ACH,1
IBMAML-04958150,ACH,1
IBMAML-04958151,ACH,1
IBMAML-04958152,ACH,1
IBMAML-04958154,ACH,1
IBMAML-04958155,ACH,1
IBMAML-04958156,ACH,1
IBMAML-04958157,ACH,1
IBMAML-04958158,ACH,1
IBMAML-04958159,ACH,1
IBMAML-04958160,ACH,1
IBMAML-04958161,ACH,1
IBMAML-04958162,ACH,1
IBMAML-04961680,ACH,1
IBMAML-04962205,ACH,1
IBMAML-04962207,ACH,1
IBMAML-04962208,ACH,1
IBMAML-04962209,ACH,1
IBMAML-04962211,ACH,1
IBMAML-04962213,ACH,1
IBMAML-04962215,ACH,1
IBMAML-04962216,ACH,1
IBMAML-04962217,ACH,1
IBMAML-04962218,ACH,1
IBMAML-04962219,ACH,1
IBMAML-04962221,ACH,1
IBMAML-04962223,ACH,1
IBMAML-04962224,ACH,1
IBMAML-04962226,ACH,1
IBMAML-04962227,ACH,1
IBMAML-04962229,ACH,1
IBMAML-04962230,ACH,1
IBMAML-04962231,ACH,1
IBMAML-04962233,ACH,1
IBMAML-04962234,ACH,1
IBMAML-04962235,ACH,1
IBMAML-04963030,Cheque,1
IBMAML-04964475,ACH,1
IBMAML-04965770,Cheque,1
IBMAML-04966898,ACH,1
IBMAML-04968969,ACH,1
IBMAML-04970606,ACH,1
IBMAML-04972659,Cheque,1
IBMAML-04973025,ACH,1
IBMAML-04974261,ACH,1
IBMAML-04974360,ACH,1
IBMAML-04974362,ACH,1
IBMAML-04974364,ACH,1
IBMAML-04974366,ACH,1
IBMAML-04974368,ACH,1
IBMAML-04974370,ACH,1
IBMAML-04974594,ACH,1
IBMAML-04975749,ACH,1
IBMAML-04976053,ACH,1
IBMAML-04976168,ACH,1
IBMAML-04977105,Credit Card,1
IBMAML-04977625,ACH,1
IBMAML-04978183,ACH,1
IBMAML-04978359,ACH,1
IBMAML-04978360,ACH,1
IBMAML-04978362,ACH,1
IBMAML-04978364,ACH,1
IBMAML-04978365,ACH,1
IBMAML-04978367,ACH,1
IBMAML-04978369,ACH,1
IBMAML-04978370,ACH,1
IBMAML-04978372,ACH,1
IBMAML-04978691,ACH,1
IBMAML-04981668,Cash,1
IBMAML-04982405,ACH,1
IBMAML-04982407,ACH,1
IBMAML-04982408,ACH,1
IBMAML-04982410,ACH,1
IBMAML-04982412,ACH,1
IBMAML-04982414,ACH,1
IBMAML-04982415,ACH,1
IBMAML-04982417,ACH,1
IBMAML-04982419,ACH,1
IBMAML-04982421,ACH,1
IBMAML-04982422,ACH,1
IBMAML-04982424,ACH,1
IBMAML-04982425,ACH,1
IBMAML-04984929,Cheque,1
IBMAML-04985705,ACH,1
IBMAML-04986476,ACH,1
IBMAML-04988303,ACH,1
IBMAML-04989151,ACH,1
IBMAML-04990367,ACH,1
IBMAML-04990792,ACH,1
IBMAML-04990851,ACH,1
IBMAML-04992091,ACH,1
IBMAML-04992092,ACH,1
IBMAML-04992093,ACH,1
IBMAML-04992094,ACH,1
IBMAML-04992096,ACH,1
IBMAML-04992098,ACH,1
IBMAML-04992099,ACH,1
IBMAML-04992100,ACH,1
IBMAML-04993014,ACH,1
IBMAML-04993436,ACH,1
IBMAML-04995159,ACH,1
IBMAML-04995234,Credit Card,1
IBMAML-04996354,ACH,1
IBMAML-04996541,ACH,1
IBMAML-05002962,ACH,1
IBMAML-05003718,ACH,1
IBMAML-05003719,ACH,1
IBMAML-05003720,ACH,1
IBMAML-05003721,ACH,1
IBMAML-05003723,ACH,1
IBMAML-05003724,ACH,1
IBMAML-05003725,ACH,1
IBMAML-05003726,ACH,1
IBMAML-05003727,ACH,1
IBMAML-05004929,ACH,1
IBMAML-05005950,ACH,1
IBMAML-05005951,ACH,1
IBMAML-05005953,ACH,1
IBMAML-05005954,ACH,1
IBMAML-05005955,ACH,1
IBMAML-05005957,ACH,1
IBMAML-05005958,ACH,1
IBMAML-05005960,ACH,1
IBMAML-05005961,ACH,1
IBMAML-05005963,ACH,1
IBMAML-05005965,ACH,1
IBMAML-05005966,ACH,1
IBMAML-05005968,ACH,1
IBMAML-05006288,ACH,1
IBMAML-05006333,ACH,1
IBMAML-05006704,ACH,1
IBMAML-05006773,ACH,1
IBMAML-05008211,ACH,1
IBMAML-05009356,ACH,1
IBMAML-05010012,Cash,1
IBMAML-05010247,ACH,1
IBMAML-05011781,ACH,1
IBMAML-05011782,ACH,1
IBMAML-05011784,ACH,1
IBMAML-05011785,ACH,1
IBMAML-05011786,ACH,1
IBMAML-05011787,ACH,1
IBMAML-05011788,ACH,1
IBMAML-05011789,ACH,1
IBMAML-05011790,ACH,1
IBMAML-05011791,ACH,1
IBMAML-05012133,ACH,1
IBMAML-05014057,ACH,1
IBMAML-05014058,ACH,1
IBMAML-05014947,Cheque,1
IBMAML-05014949,ACH,1
IBMAML-05018223,ACH,1
IBMAML-05018225,ACH,1
IBMAML-05018227,ACH,1
IBMAML-05018228,ACH,1
IBMAML-05018230,ACH,1
IBMAML-05018232,ACH,1
IBMAML-05018234,ACH,1
IBMAML-05018235,ACH,1
IBMAML-05018237,ACH,1
IBMAML-05018240,ACH,1
IBMAML-05018242,ACH,1
IBMAML-05018244,ACH,1
IBMAML-05018245,ACH,1
IBMAML-05018248,ACH,1
IBMAML-05018302,ACH,1
IBMAML-05018305,ACH,1
IBMAML-05018306,ACH,1
IBMAML-05018309,ACH,1
IBMAML-05018310,ACH,1
IBMAML-05018312,ACH,1
IBMAML-05018315,ACH,1
IBMAML-05018316,ACH,1
IBMAML-05018319,ACH,1
IBMAML-05018321,ACH,1
IBMAML-05018324,ACH,1
IBMAML-05018577,ACH,1
IBMAML-05019352,ACH,1
IBMAML-05019481,ACH,1
IBMAML-05021225,ACH,1
IBMAML-05021917,ACH,1
IBMAML-05022838,ACH,1
IBMAML-05022919,ACH,1
IBMAML-05024079,Credit Card,1
IBMAML-05024234,ACH,1
IBMAML-05025653,Cheque,1
IBMAML-05026500,ACH,1
IBMAML-05027167,ACH,1
IBMAML-05027911,ACH,1
IBMAML-05029563,ACH,1
IBMAML-05029943,ACH,1
IBMAML-05030880,ACH,1
IBMAML-05033781,ACH,1
IBMAML-05033913,ACH,1
IBMAML-05033915,ACH,1
IBMAML-05033917,ACH,1
IBMAML-05033919,ACH,1
IBMAML-05033920,ACH,1
IBMAML-05033921,ACH,1
IBMAML-05033923,ACH,1
IBMAML-05033924,ACH,1
IBMAML-05033926,ACH,1
IBMAML-05033929,ACH,1
IBMAML-05033931,ACH,1
IBMAML-05033933,ACH,1
IBMAML-05033934,ACH,1
IBMAML-05033935,ACH,1
IBMAML-05033937,ACH,1
IBMAML-05033939,ACH,1
IBMAML-05033941,ACH,1
IBMAML-05033943,ACH,1
IBMAML-05033945,ACH,1
IBMAML-05033947,ACH,1
IBMAML-05033948,ACH,1
IBMAML-05033949,ACH,1
IBMAML-05033951,ACH,1
IBMAML-05033953,ACH,1
IBMAML-05033955,ACH,1
IBMAML-05033957,ACH,1
IBMAML-05033959,ACH,1
IBMAML-05033961,ACH,1
IBMAML-05033963,ACH,1
IBMAML-05033964,ACH,1
IBMAML-05033966,ACH,1
IBMAML-05033968,ACH,1
IBMAML-05033970,ACH,1
IBMAML-05033971,ACH,1
IBMAML-05033973,ACH,1
IBMAML-05033975,ACH,1
IBMAML-05033977,ACH,1
IBMAML-05033980,ACH,1
IBMAML-05033982,ACH,1
IBMAML-05033984,ACH,1
IBMAML-05033986,ACH,1
IBMAML-05033988,ACH,1
IBMAML-05033990,ACH,1
IBMAML-05033992,ACH,1
IBMAML-05033994,ACH,1
IBMAML-05033997,ACH,1
IBMAML-05033999,ACH,1
IBMAML-05034002,ACH,1
IBMAML-05034004,ACH,1
IBMAML-05034006,ACH,1
IBMAML-05034008,ACH,1
IBMAML-05034011,ACH,1
IBMAML-05034013,ACH,1
IBMAML-05034015,ACH,1
IBMAML-05034017,ACH,1
IBMAML-05034019,ACH,1
IBMAML-05034021,ACH,1
IBMAML-05034023,ACH,1
IBMAML-05034025,ACH,1
IBMAML-05034027,ACH,1
IBMAML-05034029,ACH,1
IBMAML-05034030,ACH,1
IBMAML-05034032,ACH,1
IBMAML-05034035,ACH,1
IBMAML-05034508,Credit Card,1
IBMAML-05036177,ACH,1
IBMAML-05036779,ACH,1
IBMAML-05037142,ACH,1
IBMAML-05037995,ACH,1
IBMAML-05038134,ACH,1
IBMAML-05038135,ACH,1
IBMAML-05038136,ACH,1
IBMAML-05038137,ACH,1
IBMAML-05038138,ACH,1
IBMAML-05038139,ACH,1
IBMAML-05038385,ACH,1
IBMAML-05039176,ACH,1
IBMAML-05039638,Cheque,1
IBMAML-05039884,ACH,1
IBMAML-05039885,ACH,1
IBMAML-05040159,ACH,1
IBMAML-05040203,Credit Card,1
IBMAML-05042572,ACH,1
IBMAML-05043851,ACH,1
IBMAML-05044067,ACH,1
IBMAML-05044850,ACH,1
IBMAML-05045811,ACH,1
IBMAML-05046036,ACH,1
IBMAML-05046037,ACH,1
IBMAML-05046039,ACH,1
IBMAML-05046041,ACH,1
IBMAML-05046042,ACH,1
IBMAML-05046043,ACH,1
IBMAML-05046045,ACH,1
IBMAML-05047637,ACH,1
IBMAML-05047876,ACH,1
IBMAML-05048783,Cash,1
IBMAML-05050715,ACH,1
IBMAML-05051645,ACH,1
IBMAML-05052478,ACH,1
IBMAML-05053356,ACH,1
IBMAML-05053647,ACH,1
IBMAML-05053712,ACH,1
IBMAML-05054178,ACH,1
IBMAML-05056034,ACH,1
IBMAML-05056036,ACH,1
IBMAML-05056038,ACH,1
IBMAML-05057279,ACH,1
IBMAML-05058323,ACH,1
IBMAML-05058325,ACH,1
IBMAML-05058327,ACH,1
IBMAML-05058329,ACH,1
IBMAML-05058330,ACH,1
IBMAML-05058332,ACH,1
IBMAML-05058334,ACH,1
IBMAML-05058336,ACH,1
IBMAML-05058338,ACH,1
IBMAML-05058340,ACH,1
IBMAML-05058342,ACH,1
IBMAML-05058344,ACH,1
IBMAML-05058764,ACH,1
IBMAML-05060446,ACH,1
IBMAML-05061558,ACH,1
IBMAML-05061692,ACH,1
IBMAML-05062110,ACH,1
IBMAML-05062817,ACH,1
IBMAML-05063226,ACH,1
IBMAML-05063439,ACH,1
IBMAML-05063613,ACH,1
IBMAML-05066068,ACH,1
IBMAML-05066764,Cash,1
IBMAML-05067271,ACH,1
IBMAML-05070175,Cash,1
IBMAML-05070516,ACH,1
IBMAML-05070833,ACH,1
IBMAML-05071169,ACH,1
IBMAML-05073376,Cheque,1
IBMAML-05074249,ACH,1
IBMAML-05075057,ACH,1
IBMAML-05077205,ACH,1
