transaction_id,source_type,source_is_fraud,source_is_flagged_fraud
PAYSIM-0000001,PAYMENT,0,0
PAYSIM-0000002,PAYMENT,0,0
PAYSIM-0000003,TRANSFER,1,0
PAYSIM-0000004,CASH_OUT,1,0
PAYSIM-0000005,PAYMENT,0,0
PAYSIM-0000006,PAYMENT,0,0
PAYSIM-0000007,PAYMENT,0,0
PAYSIM-0000008,PAYMENT,0,0
PAYSIM-0000009,PAYMENT,0,0
PAYSIM-0000010,DEBIT,0,0
PAYSIM-0000011,DEBIT,0,0
PAYSIM-0000012,PAYMENT,0,0
PAYSIM-0000013,PAYMENT,0,0
PAYSIM-0000014,PAYMENT,0,0
PAYSIM-0000015,PAYMENT,0,0
PAYSIM-0000016,CASH_OUT,0,0
PAYSIM-0000017,PAYMENT,0,0
PAYSIM-0000018,PAYMENT,0,0
PAYSIM-0000019,PAYMENT,0,0
PAYSIM-0000020,TRANSFER,0,0
PAYSIM-0000021,PAYMENT,0,0
PAYSIM-0000022,DEBIT,0,0
PAYSIM-0000023,DEBIT,0,0
PAYSIM-0000024,PAYMENT,0,0
PAYSIM-0000025,TRANSFER,0,0
PAYSIM-0000026,PAYMENT,0,0
PAYSIM-0000027,PAYMENT,0,0
PAYSIM-0000028,PAYMENT,0,0
PAYSIM-0000029,PAYMENT,0,0
PAYSIM-0000030,PAYMENT,0,0
PAYSIM-0000031,PAYMENT,0,0
PAYSIM-0000032,PAYMENT,0,0
PAYSIM-0000033,PAYMENT,0,0
PAYSIM-0000034,PAYMENT,0,0
PAYSIM-0000035,PAYMENT,0,0
PAYSIM-0000036,PAYMENT,0,0
PAYSIM-0000037,PAYMENT,0,0
PAYSIM-0000038,PAYMENT,0,0
PAYSIM-0000039,PAYMENT,0,0
PAYSIM-0000040,PAYMENT,0,0
PAYSIM-0000041,PAYMENT,0,0
PAYSIM-0000042,DEBIT,0,0
PAYSIM-0000043,CASH_OUT,0,0
PAYSIM-0000044,PAYMENT,0,0
PAYSIM-0000045,PAYMENT,0,0
PAYSIM-0000046,PAYMENT,0,0
PAYSIM-0000047,PAYMENT,0,0
PAYSIM-0000048,CASH_OUT,0,0
PAYSIM-0000049,CASH_OUT,0,0
PAYSIM-0000050,PAYMENT,0,0
PAYSIM-0000051,PAYMENT,0,0
PAYSIM-0000052,CASH_OUT,0,0
PAYSIM-0000053,PAYMENT,0,0
PAYSIM-0000054,PAYMENT,0,0
PAYSIM-0000055,PAYMENT,0,0
PAYSIM-0000056,PAYMENT,0,0
PAYSIM-0000057,PAYMENT,0,0
PAYSIM-0000058,PAYMENT,0,0
PAYSIM-0000059,TRANSFER,0,0
PAYSIM-0000060,DEBIT,0,0
PAYSIM-0000061,CASH_OUT,0,0
PAYSIM-0000062,DEBIT,0,0
PAYSIM-0000063,DEBIT,0,0
PAYSIM-0000064,PAYMENT,0,0
PAYSIM-0000065,DEBIT,0,0
PAYSIM-0000066,PAYMENT,0,0
PAYSIM-0000067,PAYMENT,0,0
PAYSIM-0000068,PAYMENT,0,0
PAYSIM-0000069,DEBIT,0,0
PAYSIM-0000070,PAYMENT,0,0
PAYSIM-0000071,CASH_OUT,0,0
PAYSIM-0000072,CASH_OUT,0,0
PAYSIM-0000073,CASH_OUT,0,0
PAYSIM-0000074,PAYMENT,0,0
PAYSIM-0000075,PAYMENT,0,0
PAYSIM-0000076,PAYMENT,0,0
PAYSIM-0000077,PAYMENT,0,0
PAYSIM-0000078,PAYMENT,0,0
PAYSIM-0000079,TRANSFER,0,0
PAYSIM-0000080,TRANSFER,0,0
PAYSIM-0000081,TRANSFER,0,0
PAYSIM-0000082,TRANSFER,0,0
PAYSIM-0000083,TRANSFER,0,0
PAYSIM-0000084,TRANSFER,0,0
PAYSIM-0000085,TRANSFER,0,0
PAYSIM-0000086,TRANSFER,0,0
PAYSIM-0000087,TRANSFER,0,0
PAYSIM-0000088,TRANSFER,0,0
PAYSIM-0000089,TRANSFER,0,0
PAYSIM-0000090,TRANSFER,0,0
PAYSIM-0000091,TRANSFER,0,0
PAYSIM-0000092,TRANSFER,0,0
PAYSIM-0000093,TRANSFER,0,0
PAYSIM-0000094,TRANSFER,0,0
PAYSIM-0000095,TRANSFER,0,0
PAYSIM-0000096,TRANSFER,0,0
PAYSIM-0000097,TRANSFER,0,0
PAYSIM-0000098,TRANSFER,0,0
PAYSIM-0000099,PAYMENT,0,0
PAYSIM-0000100,PAYMENT,0,0
PAYSIM-0000101,PAYMENT,0,0
PAYSIM-0000102,PAYMENT,0,0
PAYSIM-0000103,PAYMENT,0,0
PAYSIM-0000104,PAYMENT,0,0
PAYSIM-0000105,PAYMENT,0,0
PAYSIM-0000106,PAYMENT,0,0
PAYSIM-0000107,CASH_OUT,0,0
PAYSIM-0000108,CASH_OUT,0,0
PAYSIM-0000109,CASH_OUT,0,0
PAYSIM-0000110,CASH_OUT,0,0
PAYSIM-0000111,CASH_OUT,0,0
PAYSIM-0000112,CASH_OUT,0,0
PAYSIM-0000113,CASH_OUT,0,0
PAYSIM-0000114,CASH_OUT,0,0
PAYSIM-0000115,CASH_OUT,0,0
PAYSIM-0000116,PAYMENT,0,0
PAYSIM-0000117,PAYMENT,0,0
PAYSIM-0000118,CASH_OUT,0,0
PAYSIM-0000119,CASH_OUT,0,0
PAYSIM-0000120,PAYMENT,0,0
PAYSIM-0000121,PAYMENT,0,0
PAYSIM-0000122,DEBIT,0,0
PAYSIM-0000123,PAYMENT,0,0
PAYSIM-0000124,TRANSFER,0,0
PAYSIM-0000125,PAYMENT,0,0
PAYSIM-0000126,PAYMENT,0,0
PAYSIM-0000127,DEBIT,0,0
PAYSIM-0000128,PAYMENT,0,0
PAYSIM-0000129,PAYMENT,0,0
PAYSIM-0000130,PAYMENT,0,0
PAYSIM-0000131,PAYMENT,0,0
PAYSIM-0000132,PAYMENT,0,0
PAYSIM-0000133,TRANSFER,0,0
PAYSIM-0000134,TRANSFER,0,0
PAYSIM-0000135,PAYMENT,0,0
PAYSIM-0000136,PAYMENT,0,0
PAYSIM-0000137,PAYMENT,0,0
PAYSIM-0000138,PAYMENT,0,0
PAYSIM-0000139,PAYMENT,0,0
PAYSIM-0000140,TRANSFER,0,0
PAYSIM-0000141,PAYMENT,0,0
PAYSIM-0000142,PAYMENT,0,0
PAYSIM-0000143,DEBIT,0,0
PAYSIM-0000144,PAYMENT,0,0
PAYSIM-0000145,PAYMENT,0,0
PAYSIM-0000146,PAYMENT,0,0
PAYSIM-0000147,CASH_OUT,0,0
PAYSIM-0000148,DEBIT,0,0
PAYSIM-0000149,PAYMENT,0,0
PAYSIM-0000150,PAYMENT,0,0
PAYSIM-0000151,CASH_OUT,0,0
PAYSIM-0000152,CASH_OUT,0,0
PAYSIM-0000153,CASH_OUT,0,0
PAYSIM-0000154,CASH_OUT,0,0
PAYSIM-0000155,CASH_OUT,0,0
PAYSIM-0000156,CASH_OUT,0,0
PAYSIM-0000157,CASH_OUT,0,0
PAYSIM-0000158,CASH_OUT,0,0
PAYSIM-0000159,CASH_OUT,0,0
PAYSIM-0000160,CASH_OUT,0,0
PAYSIM-0000161,CASH_OUT,0,0
PAYSIM-0000162,CASH_OUT,0,0
PAYSIM-0000163,CASH_OUT,0,0
PAYSIM-0000164,CASH_OUT,0,0
PAYSIM-0000165,CASH_OUT,0,0
PAYSIM-0000166,CASH_OUT,0,0
PAYSIM-0000167,CASH_OUT,0,0
PAYSIM-0000168,CASH_OUT,0,0
PAYSIM-0000169,CASH_OUT,0,0
PAYSIM-0000170,CASH_OUT,0,0
PAYSIM-0000171,CASH_OUT,0,0
PAYSIM-0000172,CASH_OUT,0,0
PAYSIM-0000173,CASH_OUT,0,0
PAYSIM-0000174,CASH_OUT,0,0
PAYSIM-0000175,CASH_OUT,0,0
PAYSIM-0000176,CASH_OUT,0,0
PAYSIM-0000177,CASH_OUT,0,0
PAYSIM-0000178,CASH_OUT,0,0
PAYSIM-0000179,CASH_OUT,0,0
PAYSIM-0000180,CASH_OUT,0,0
PAYSIM-0000181,CASH_OUT,0,0
PAYSIM-0000182,CASH_OUT,0,0
PAYSIM-0000183,CASH_OUT,0,0
PAYSIM-0000184,CASH_OUT,0,0
PAYSIM-0000185,CASH_OUT,0,0
PAYSIM-0000186,CASH_OUT,0,0
PAYSIM-0000187,CASH_OUT,0,0
PAYSIM-0000188,CASH_OUT,0,0
PAYSIM-0000189,CASH_OUT,0,0
PAYSIM-0000190,CASH_OUT,0,0
PAYSIM-0000191,CASH_OUT,0,0
PAYSIM-0000192,CASH_OUT,0,0
PAYSIM-0000193,CASH_OUT,0,0
PAYSIM-0000194,CASH_OUT,0,0
PAYSIM-0000195,CASH_OUT,0,0
PAYSIM-0000196,CASH_OUT,0,0
PAYSIM-0000197,CASH_OUT,0,0
PAYSIM-0000198,CASH_OUT,0,0
PAYSIM-0000199,CASH_OUT,0,0
PAYSIM-0000200,CASH_OUT,0,0
PAYSIM-0000201,CASH_OUT,0,0
PAYSIM-0000202,CASH_OUT,0,0
PAYSIM-0000203,CASH_OUT,0,0
PAYSIM-0000204,CASH_OUT,0,0
PAYSIM-0000205,CASH_OUT,0,0
PAYSIM-0000206,CASH_OUT,0,0
PAYSIM-0000207,CASH_OUT,0,0
PAYSIM-0000208,CASH_OUT,0,0
PAYSIM-0000209,CASH_OUT,0,0
PAYSIM-0000210,CASH_OUT,0,0
PAYSIM-0000211,CASH_OUT,0,0
PAYSIM-0000212,CASH_OUT,0,0
PAYSIM-0000213,CASH_OUT,0,0
PAYSIM-0000214,CASH_OUT,0,0
PAYSIM-0000215,CASH_OUT,0,0
PAYSIM-0000216,CASH_OUT,0,0
PAYSIM-0000217,CASH_OUT,0,0
PAYSIM-0000218,CASH_OUT,0,0
PAYSIM-0000219,PAYMENT,0,0
PAYSIM-0000220,PAYMENT,0,0
PAYSIM-0000221,PAYMENT,0,0
PAYSIM-0000222,PAYMENT,0,0
PAYSIM-0000223,PAYMENT,0,0
PAYSIM-0000224,PAYMENT,0,0
PAYSIM-0000225,PAYMENT,0,0
PAYSIM-0000226,PAYMENT,0,0
PAYSIM-0000227,PAYMENT,0,0
PAYSIM-0000228,DEBIT,0,0
PAYSIM-0000229,PAYMENT,0,0
PAYSIM-0000230,PAYMENT,0,0
PAYSIM-0000231,CASH_OUT,0,0
PAYSIM-0000232,CASH_OUT,0,0
PAYSIM-0000233,CASH_OUT,0,0
PAYSIM-0000234,CASH_OUT,0,0
PAYSIM-0000235,PAYMENT,0,0
PAYSIM-0000236,PAYMENT,0,0
PAYSIM-0000237,TRANSFER,0,0
PAYSIM-0000238,PAYMENT,0,0
PAYSIM-0000239,PAYMENT,0,0
PAYSIM-0000240,PAYMENT,0,0
PAYSIM-0000241,PAYMENT,0,0
PAYSIM-0000242,PAYMENT,0,0
PAYSIM-0000243,PAYMENT,0,0
PAYSIM-0000244,PAYMENT,0,0
PAYSIM-0000245,PAYMENT,0,0
PAYSIM-0000246,PAYMENT,0,0
PAYSIM-0000247,PAYMENT,0,0
PAYSIM-0000248,PAYMENT,0,0
PAYSIM-0000249,PAYMENT,0,0
PAYSIM-0000250,PAYMENT,0,0
PAYSIM-0000251,PAYMENT,0,0
PAYSIM-0000252,TRANSFER,1,0
PAYSIM-0000253,CASH_OUT,1,0
PAYSIM-0000254,PAYMENT,0,0
PAYSIM-0000255,PAYMENT,0,0
PAYSIM-0000256,PAYMENT,0,0
PAYSIM-0000257,PAYMENT,0,0
PAYSIM-0000258,PAYMENT,0,0
PAYSIM-0000259,PAYMENT,0,0
PAYSIM-0000260,PAYMENT,0,0
PAYSIM-0000261,DEBIT,0,0
PAYSIM-0000262,PAYMENT,0,0
PAYSIM-0000263,PAYMENT,0,0
PAYSIM-0000264,PAYMENT,0,0
PAYSIM-0000265,PAYMENT,0,0
PAYSIM-0000266,PAYMENT,0,0
PAYSIM-0000267,PAYMENT,0,0
PAYSIM-0000268,PAYMENT,0,0
PAYSIM-0000269,PAYMENT,0,0
PAYSIM-0000270,PAYMENT,0,0
PAYSIM-0000271,CASH_OUT,0,0
PAYSIM-0000272,PAYMENT,0,0
PAYSIM-0000273,PAYMENT,0,0
PAYSIM-0000274,PAYMENT,0,0
PAYSIM-0000275,TRANSFER,0,0
PAYSIM-0000276,PAYMENT,0,0
PAYSIM-0000277,CASH_OUT,0,0
PAYSIM-0000278,PAYMENT,0,0
PAYSIM-0000279,PAYMENT,0,0
PAYSIM-0000280,CASH_OUT,0,0
PAYSIM-0000281,CASH_OUT,0,0
PAYSIM-0000282,CASH_OUT,0,0
PAYSIM-0000283,CASH_OUT,0,0
PAYSIM-0000284,CASH_OUT,0,0
PAYSIM-0000285,CASH_OUT,0,0
PAYSIM-0000286,CASH_OUT,0,0
PAYSIM-0000287,CASH_OUT,0,0
PAYSIM-0000288,CASH_OUT,0,0
PAYSIM-0000289,CASH_OUT,0,0
PAYSIM-0000290,CASH_OUT,0,0
PAYSIM-0000291,CASH_OUT,0,0
PAYSIM-0000292,PAYMENT,0,0
PAYSIM-0000293,PAYMENT,0,0
PAYSIM-0000294,PAYMENT,0,0
PAYSIM-0000295,PAYMENT,0,0
PAYSIM-0000296,PAYMENT,0,0
PAYSIM-0000297,CASH_OUT,0,0
PAYSIM-0000298,PAYMENT,0,0
PAYSIM-0000299,PAYMENT,0,0
PAYSIM-0000300,PAYMENT,0,0
PAYSIM-0000301,DEBIT,0,0
PAYSIM-0000302,PAYMENT,0,0
PAYSIM-0000303,DEBIT,0,0
PAYSIM-0000304,PAYMENT,0,0
PAYSIM-0000305,PAYMENT,0,0
PAYSIM-0000306,PAYMENT,0,0
PAYSIM-0000307,DEBIT,0,0
PAYSIM-0000308,PAYMENT,0,0
PAYSIM-0000309,CASH_OUT,0,0
PAYSIM-0000310,PAYMENT,0,0
PAYSIM-0000311,PAYMENT,0,0
PAYSIM-0000312,PAYMENT,0,0
PAYSIM-0000313,PAYMENT,0,0
PAYSIM-0000314,PAYMENT,0,0
PAYSIM-0000315,PAYMENT,0,0
PAYSIM-0000316,PAYMENT,0,0
PAYSIM-0000317,PAYMENT,0,0
PAYSIM-0000318,PAYMENT,0,0
PAYSIM-0000319,PAYMENT,0,0
PAYSIM-0000320,PAYMENT,0,0
PAYSIM-0000321,PAYMENT,0,0
PAYSIM-0000322,PAYMENT,0,0
PAYSIM-0000323,PAYMENT,0,0
PAYSIM-0000324,PAYMENT,0,0
PAYSIM-0000325,PAYMENT,0,0
PAYSIM-0000326,PAYMENT,0,0
PAYSIM-0000327,DEBIT,0,0
PAYSIM-0000328,PAYMENT,0,0
PAYSIM-0000329,CASH_OUT,0,0
PAYSIM-0000330,PAYMENT,0,0
PAYSIM-0000331,DEBIT,0,0
PAYSIM-0000332,CASH_OUT,0,0
PAYSIM-0000333,PAYMENT,0,0
PAYSIM-0000334,PAYMENT,0,0
PAYSIM-0000335,PAYMENT,0,0
PAYSIM-0000336,DEBIT,0,0
PAYSIM-0000337,PAYMENT,0,0
PAYSIM-0000338,TRANSFER,0,0
PAYSIM-0000339,PAYMENT,0,0
PAYSIM-0000340,PAYMENT,0,0
PAYSIM-0000341,PAYMENT,0,0
PAYSIM-0000342,PAYMENT,0,0
PAYSIM-0000343,PAYMENT,0,0
PAYSIM-0000344,PAYMENT,0,0
PAYSIM-0000345,PAYMENT,0,0
PAYSIM-0000346,TRANSFER,0,0
PAYSIM-0000347,DEBIT,0,0
PAYSIM-0000348,PAYMENT,0,0
PAYSIM-0000349,PAYMENT,0,0
PAYSIM-0000350,PAYMENT,0,0
PAYSIM-0000351,PAYMENT,0,0
PAYSIM-0000352,PAYMENT,0,0
PAYSIM-0000353,TRANSFER,0,0
PAYSIM-0000354,TRANSFER,0,0
PAYSIM-0000355,TRANSFER,0,0
PAYSIM-0000356,TRANSFER,0,0
PAYSIM-0000357,TRANSFER,0,0
PAYSIM-0000358,TRANSFER,0,0
PAYSIM-0000359,TRANSFER,0,0
PAYSIM-0000360,TRANSFER,0,0
PAYSIM-0000361,TRANSFER,0,0
PAYSIM-0000362,TRANSFER,0,0
PAYSIM-0000363,TRANSFER,0,0
PAYSIM-0000364,TRANSFER,0,0
PAYSIM-0000365,TRANSFER,0,0
PAYSIM-0000366,TRANSFER,0,0
PAYSIM-0000367,DEBIT,0,0
PAYSIM-0000368,TRANSFER,0,0
PAYSIM-0000369,TRANSFER,0,0
PAYSIM-0000370,TRANSFER,0,0
PAYSIM-0000371,TRANSFER,0,0
PAYSIM-0000372,TRANSFER,0,0
PAYSIM-0000373,TRANSFER,0,0
PAYSIM-0000374,TRANSFER,0,0
PAYSIM-0000375,TRANSFER,0,0
PAYSIM-0000376,TRANSFER,0,0
PAYSIM-0000377,TRANSFER,0,0
PAYSIM-0000378,TRANSFER,0,0
PAYSIM-0000379,TRANSFER,0,0
PAYSIM-0000380,TRANSFER,0,0
PAYSIM-0000381,TRANSFER,0,0
PAYSIM-0000382,TRANSFER,0,0
PAYSIM-0000383,TRANSFER,0,0
PAYSIM-0000384,TRANSFER,0,0
PAYSIM-0000385,TRANSFER,0,0
PAYSIM-0000386,PAYMENT,0,0
PAYSIM-0000387,PAYMENT,0,0
PAYSIM-0000388,PAYMENT,0,0
PAYSIM-0000389,CASH_OUT,0,0
PAYSIM-0000390,CASH_IN,0,0
PAYSIM-0000391,CASH_IN,0,0
PAYSIM-0000392,CASH_IN,0,0
PAYSIM-0000393,CASH_IN,0,0
PAYSIM-0000394,CASH_IN,0,0
PAYSIM-0000395,CASH_IN,0,0
PAYSIM-0000396,CASH_IN,0,0
PAYSIM-0000397,CASH_IN,0,0
PAYSIM-0000398,CASH_IN,0,0
PAYSIM-0000399,CASH_IN,0,0
PAYSIM-0000400,CASH_IN,0,0
PAYSIM-0000401,CASH_IN,0,0
PAYSIM-0000402,CASH_IN,0,0
PAYSIM-0000403,CASH_IN,0,0
PAYSIM-0000404,CASH_IN,0,0
PAYSIM-0000405,CASH_IN,0,0
PAYSIM-0000406,CASH_IN,0,0
PAYSIM-0000407,CASH_IN,0,0
PAYSIM-0000408,CASH_IN,0,0
PAYSIM-0000409,CASH_IN,0,0
PAYSIM-0000410,CASH_IN,0,0
PAYSIM-0000411,CASH_IN,0,0
PAYSIM-0000412,CASH_IN,0,0
PAYSIM-0000413,CASH_IN,0,0
PAYSIM-0000414,CASH_IN,0,0
PAYSIM-0000415,CASH_IN,0,0
PAYSIM-0000416,CASH_IN,0,0
PAYSIM-0000417,CASH_IN,0,0
PAYSIM-0000418,CASH_IN,0,0
PAYSIM-0000419,CASH_IN,0,0
PAYSIM-0000420,CASH_IN,0,0
PAYSIM-0000421,CASH_IN,0,0
PAYSIM-0000422,CASH_IN,0,0
PAYSIM-0000423,CASH_IN,0,0
PAYSIM-0000424,CASH_IN,0,0
PAYSIM-0000425,CASH_IN,0,0
PAYSIM-0000426,CASH_IN,0,0
PAYSIM-0000427,CASH_IN,0,0
PAYSIM-0000428,CASH_IN,0,0
PAYSIM-0000429,CASH_IN,0,0
PAYSIM-0000430,CASH_IN,0,0
PAYSIM-0000431,CASH_IN,0,0
PAYSIM-0000432,CASH_IN,0,0
PAYSIM-0000433,CASH_IN,0,0
PAYSIM-0000434,CASH_IN,0,0
PAYSIM-0000435,CASH_IN,0,0
PAYSIM-0000436,CASH_IN,0,0
PAYSIM-0000437,CASH_IN,0,0
PAYSIM-0000438,CASH_IN,0,0
PAYSIM-0000439,CASH_IN,0,0
PAYSIM-0000440,CASH_IN,0,0
PAYSIM-0000441,CASH_IN,0,0
PAYSIM-0000442,PAYMENT,0,0
PAYSIM-0000443,CASH_IN,0,0
PAYSIM-0000444,CASH_IN,0,0
PAYSIM-0000445,CASH_IN,0,0
PAYSIM-0000446,CASH_IN,0,0
PAYSIM-0000447,CASH_IN,0,0
PAYSIM-0000448,CASH_IN,0,0
PAYSIM-0000449,CASH_IN,0,0
PAYSIM-0000450,CASH_IN,0,0
PAYSIM-0000451,CASH_IN,0,0
PAYSIM-0000452,CASH_IN,0,0
PAYSIM-0000453,CASH_IN,0,0
PAYSIM-0000454,CASH_IN,0,0
PAYSIM-0000455,CASH_IN,0,0
PAYSIM-0000456,CASH_IN,0,0
PAYSIM-0000457,CASH_IN,0,0
PAYSIM-0000458,CASH_IN,0,0
PAYSIM-0000459,CASH_IN,0,0
PAYSIM-0000460,CASH_IN,0,0
PAYSIM-0000461,CASH_IN,0,0
PAYSIM-0000462,CASH_IN,0,0
PAYSIM-0000463,CASH_IN,0,0
PAYSIM-0000464,CASH_IN,0,0
PAYSIM-0000465,CASH_IN,0,0
PAYSIM-0000466,CASH_IN,0,0
PAYSIM-0000467,CASH_IN,0,0
PAYSIM-0000468,CASH_IN,0,0
PAYSIM-0000469,CASH_IN,0,0
PAYSIM-0000470,CASH_IN,0,0
PAYSIM-0000471,CASH_IN,0,0
PAYSIM-0000472,CASH_IN,0,0
PAYSIM-0000473,CASH_IN,0,0
PAYSIM-0000474,CASH_IN,0,0
PAYSIM-0000475,CASH_IN,0,0
PAYSIM-0000476,CASH_IN,0,0
PAYSIM-0000477,CASH_IN,0,0
PAYSIM-0000478,CASH_IN,0,0
PAYSIM-0000479,CASH_IN,0,0
PAYSIM-0000480,CASH_IN,0,0
PAYSIM-0000481,CASH_IN,0,0
PAYSIM-0000482,CASH_IN,0,0
PAYSIM-0000483,CASH_IN,0,0
PAYSIM-0000484,CASH_IN,0,0
PAYSIM-0000485,CASH_IN,0,0
PAYSIM-0000486,CASH_IN,0,0
PAYSIM-0000487,CASH_IN,0,0
PAYSIM-0000488,CASH_IN,0,0
PAYSIM-0000489,CASH_IN,0,0
PAYSIM-0000490,CASH_IN,0,0
PAYSIM-0000491,CASH_IN,0,0
PAYSIM-0000492,CASH_IN,0,0
PAYSIM-0000493,CASH_IN,0,0
PAYSIM-0000494,CASH_IN,0,0
PAYSIM-0000495,CASH_IN,0,0
PAYSIM-0000496,CASH_IN,0,0
PAYSIM-0000497,CASH_IN,0,0
PAYSIM-0000498,CASH_IN,0,0
PAYSIM-0000499,CASH_IN,0,0
PAYSIM-0000500,PAYMENT,0,0
PAYSIM-0000501,DEBIT,0,0
PAYSIM-0000502,PAYMENT,0,0
PAYSIM-0000503,PAYMENT,0,0
PAYSIM-0000504,PAYMENT,0,0
PAYSIM-0000505,PAYMENT,0,0
PAYSIM-0000506,PAYMENT,0,0
PAYSIM-0000507,PAYMENT,0,0
PAYSIM-0000508,PAYMENT,0,0
PAYSIM-0000509,PAYMENT,0,0
PAYSIM-0000510,TRANSFER,0,0
PAYSIM-0000511,PAYMENT,0,0
PAYSIM-0000512,CASH_OUT,0,0
PAYSIM-0000513,PAYMENT,0,0
PAYSIM-0000514,PAYMENT,0,0
PAYSIM-0000515,PAYMENT,0,0
PAYSIM-0000516,CASH_OUT,0,0
PAYSIM-0000517,TRANSFER,0,0
PAYSIM-0000518,DEBIT,0,0
PAYSIM-0000519,DEBIT,0,0
PAYSIM-0000520,PAYMENT,0,0
PAYSIM-0000521,PAYMENT,0,0
PAYSIM-0000522,PAYMENT,0,0
PAYSIM-0000523,PAYMENT,0,0
PAYSIM-0000524,TRANSFER,0,0
PAYSIM-0000525,PAYMENT,0,0
PAYSIM-0000526,PAYMENT,0,0
PAYSIM-0000527,CASH_OUT,0,0
PAYSIM-0000528,CASH_OUT,0,0
PAYSIM-0000529,PAYMENT,0,0
PAYSIM-0000530,PAYMENT,0,0
PAYSIM-0000531,PAYMENT,0,0
PAYSIM-0000532,DEBIT,0,0
PAYSIM-0000533,PAYMENT,0,0
PAYSIM-0000534,PAYMENT,0,0
PAYSIM-0000535,PAYMENT,0,0
PAYSIM-0000536,PAYMENT,0,0
PAYSIM-0000537,PAYMENT,0,0
PAYSIM-0000538,PAYMENT,0,0
PAYSIM-0000539,PAYMENT,0,0
PAYSIM-0000540,PAYMENT,0,0
PAYSIM-0000541,PAYMENT,0,0
PAYSIM-0000542,PAYMENT,0,0
PAYSIM-0000543,PAYMENT,0,0
PAYSIM-0000544,PAYMENT,0,0
PAYSIM-0000545,PAYMENT,0,0
PAYSIM-0000546,PAYMENT,0,0
PAYSIM-0000547,PAYMENT,0,0
PAYSIM-0000548,TRANSFER,0,0
PAYSIM-0000549,PAYMENT,0,0
PAYSIM-0000550,PAYMENT,0,0
PAYSIM-0000551,PAYMENT,0,0
PAYSIM-0000552,PAYMENT,0,0
PAYSIM-0000553,CASH_OUT,0,0
PAYSIM-0000554,PAYMENT,0,0
PAYSIM-0000555,PAYMENT,0,0
PAYSIM-0000556,PAYMENT,0,0
PAYSIM-0000557,PAYMENT,0,0
PAYSIM-0000558,CASH_OUT,0,0
PAYSIM-0000559,PAYMENT,0,0
PAYSIM-0000560,TRANSFER,0,0
PAYSIM-0000561,PAYMENT,0,0
PAYSIM-0000562,PAYMENT,0,0
PAYSIM-0000563,PAYMENT,0,0
PAYSIM-0000564,PAYMENT,0,0
PAYSIM-0000565,PAYMENT,0,0
PAYSIM-0000566,PAYMENT,0,0
PAYSIM-0000567,PAYMENT,0,0
PAYSIM-0000568,PAYMENT,0,0
PAYSIM-0000569,PAYMENT,0,0
PAYSIM-0000570,PAYMENT,0,0
PAYSIM-0000571,PAYMENT,0,0
PAYSIM-0000572,PAYMENT,0,0
PAYSIM-0000573,PAYMENT,0,0
PAYSIM-0000574,PAYMENT,0,0
PAYSIM-0000575,PAYMENT,0,0
PAYSIM-0000576,PAYMENT,0,0
PAYSIM-0000577,PAYMENT,0,0
PAYSIM-0000578,PAYMENT,0,0
PAYSIM-0000579,PAYMENT,0,0
PAYSIM-0000580,PAYMENT,0,0
PAYSIM-0000581,PAYMENT,0,0
PAYSIM-0000582,PAYMENT,0,0
PAYSIM-0000583,PAYMENT,0,0
PAYSIM-0000584,PAYMENT,0,0
PAYSIM-0000585,PAYMENT,0,0
PAYSIM-0000586,PAYMENT,0,0
PAYSIM-0000587,PAYMENT,0,0
PAYSIM-0000588,PAYMENT,0,0
PAYSIM-0000589,PAYMENT,0,0
PAYSIM-0000590,DEBIT,0,0
PAYSIM-0000591,PAYMENT,0,0
PAYSIM-0000592,PAYMENT,0,0
PAYSIM-0000593,PAYMENT,0,0
PAYSIM-0000594,PAYMENT,0,0
PAYSIM-0000595,CASH_IN,0,0
PAYSIM-0000596,CASH_IN,0,0
PAYSIM-0000597,CASH_IN,0,0
PAYSIM-0000598,CASH_IN,0,0
PAYSIM-0000599,CASH_IN,0,0
PAYSIM-0000600,CASH_IN,0,0
PAYSIM-0000601,CASH_IN,0,0
PAYSIM-0000602,CASH_IN,0,0
PAYSIM-0000603,CASH_IN,0,0
PAYSIM-0000604,CASH_IN,0,0
PAYSIM-0000605,CASH_IN,0,0
PAYSIM-0000606,CASH_IN,0,0
PAYSIM-0000607,CASH_IN,0,0
PAYSIM-0000608,CASH_IN,0,0
PAYSIM-0000609,CASH_IN,0,0
PAYSIM-0000610,CASH_IN,0,0
PAYSIM-0000611,CASH_IN,0,0
PAYSIM-0000612,CASH_IN,0,0
PAYSIM-0000613,CASH_IN,0,0
PAYSIM-0000614,CASH_IN,0,0
PAYSIM-0000615,CASH_IN,0,0
PAYSIM-0000616,CASH_IN,0,0
PAYSIM-0000617,CASH_IN,0,0
PAYSIM-0000618,CASH_IN,0,0
PAYSIM-0000619,CASH_IN,0,0
PAYSIM-0000620,CASH_IN,0,0
PAYSIM-0000621,CASH_IN,0,0
PAYSIM-0000622,CASH_IN,0,0
PAYSIM-0000623,CASH_IN,0,0
PAYSIM-0000624,CASH_IN,0,0
PAYSIM-0000625,CASH_IN,0,0
PAYSIM-0000626,CASH_IN,0,0
PAYSIM-0000627,CASH_IN,0,0
PAYSIM-0000628,CASH_IN,0,0
PAYSIM-0000629,CASH_IN,0,0
PAYSIM-0000630,CASH_IN,0,0
PAYSIM-0000631,CASH_IN,0,0
PAYSIM-0000632,CASH_IN,0,0
PAYSIM-0000633,CASH_IN,0,0
PAYSIM-0000634,CASH_IN,0,0
PAYSIM-0000635,CASH_IN,0,0
PAYSIM-0000636,CASH_IN,0,0
PAYSIM-0000637,CASH_IN,0,0
PAYSIM-0000638,CASH_IN,0,0
PAYSIM-0000639,CASH_IN,0,0
PAYSIM-0000640,CASH_IN,0,0
PAYSIM-0000641,CASH_IN,0,0
PAYSIM-0000642,CASH_IN,0,0
PAYSIM-0000643,CASH_IN,0,0
PAYSIM-0000644,CASH_IN,0,0
PAYSIM-0000645,CASH_IN,0,0
PAYSIM-0000646,CASH_IN,0,0
PAYSIM-0000647,CASH_IN,0,0
PAYSIM-0000648,CASH_IN,0,0
PAYSIM-0000649,CASH_IN,0,0
PAYSIM-0000650,CASH_IN,0,0
PAYSIM-0000651,CASH_IN,0,0
PAYSIM-0000652,CASH_IN,0,0
PAYSIM-0000653,CASH_IN,0,0
PAYSIM-0000654,CASH_IN,0,0
PAYSIM-0000655,CASH_IN,0,0
PAYSIM-0000656,CASH_IN,0,0
PAYSIM-0000657,CASH_IN,0,0
PAYSIM-0000658,CASH_IN,0,0
PAYSIM-0000659,CASH_IN,0,0
PAYSIM-0000660,CASH_IN,0,0
PAYSIM-0000661,CASH_IN,0,0
PAYSIM-0000662,CASH_IN,0,0
PAYSIM-0000663,CASH_IN,0,0
PAYSIM-0000664,PAYMENT,0,0
PAYSIM-0000665,PAYMENT,0,0
PAYSIM-0000666,CASH_OUT,0,0
PAYSIM-0000667,CASH_OUT,0,0
PAYSIM-0000668,PAYMENT,0,0
PAYSIM-0000669,PAYMENT,0,0
PAYSIM-0000670,DEBIT,0,0
PAYSIM-0000671,DEBIT,0,0
PAYSIM-0000672,PAYMENT,0,0
PAYSIM-0000673,DEBIT,0,0
PAYSIM-0000674,PAYMENT,0,0
PAYSIM-0000675,PAYMENT,0,0
PAYSIM-0000676,PAYMENT,0,0
PAYSIM-0000677,PAYMENT,0,0
PAYSIM-0000678,PAYMENT,0,0
PAYSIM-0000679,PAYMENT,0,0
PAYSIM-0000680,PAYMENT,0,0
PAYSIM-0000681,TRANSFER,1,0
PAYSIM-0000682,CASH_OUT,1,0
PAYSIM-0000683,PAYMENT,0,0
PAYSIM-0000684,DEBIT,0,0
PAYSIM-0000685,PAYMENT,0,0
PAYSIM-0000686,PAYMENT,0,0
PAYSIM-0000687,DEBIT,0,0
PAYSIM-0000688,CASH_OUT,0,0
PAYSIM-0000689,CASH_OUT,0,0
PAYSIM-0000690,CASH_OUT,0,0
PAYSIM-0000691,CASH_OUT,0,0
PAYSIM-0000692,CASH_OUT,0,0
PAYSIM-0000693,CASH_OUT,0,0
PAYSIM-0000694,CASH_OUT,0,0
PAYSIM-0000695,CASH_OUT,0,0
PAYSIM-0000696,CASH_OUT,0,0
PAYSIM-0000697,CASH_OUT,0,0
PAYSIM-0000698,CASH_OUT,0,0
PAYSIM-0000699,CASH_OUT,0,0
PAYSIM-0000700,CASH_OUT,0,0
PAYSIM-0000701,CASH_OUT,0,0
PAYSIM-0000702,CASH_OUT,0,0
PAYSIM-0000703,CASH_OUT,0,0
PAYSIM-0000704,CASH_OUT,0,0
PAYSIM-0000705,CASH_OUT,0,0
PAYSIM-0000706,CASH_OUT,0,0
PAYSIM-0000707,CASH_OUT,0,0
PAYSIM-0000708,CASH_OUT,0,0
PAYSIM-0000709,CASH_OUT,0,0
PAYSIM-0000710,CASH_OUT,0,0
PAYSIM-0000711,PAYMENT,0,0
PAYSIM-0000712,TRANSFER,0,0
PAYSIM-0000713,PAYMENT,0,0
PAYSIM-0000714,PAYMENT,0,0
PAYSIM-0000715,PAYMENT,0,0
PAYSIM-0000716,PAYMENT,0,0
PAYSIM-0000717,CASH_OUT,0,0
PAYSIM-0000718,TRANSFER,0,0
PAYSIM-0000719,PAYMENT,0,0
PAYSIM-0000720,PAYMENT,0,0
PAYSIM-0000721,PAYMENT,0,0
PAYSIM-0000722,CASH_OUT,0,0
PAYSIM-0000723,PAYMENT,0,0
PAYSIM-0000724,CASH_OUT,0,0
PAYSIM-0000725,CASH_OUT,1,0
PAYSIM-0000726,PAYMENT,0,0
PAYSIM-0000727,PAYMENT,0,0
PAYSIM-0000728,PAYMENT,0,0
PAYSIM-0000729,PAYMENT,0,0
PAYSIM-0000730,PAYMENT,0,0
PAYSIM-0000731,PAYMENT,0,0
PAYSIM-0000732,PAYMENT,0,0
PAYSIM-0000733,PAYMENT,0,0
PAYSIM-0000734,PAYMENT,0,0
PAYSIM-0000735,PAYMENT,0,0
PAYSIM-0000736,PAYMENT,0,0
PAYSIM-0000737,PAYMENT,0,0
PAYSIM-0000738,PAYMENT,0,0
PAYSIM-0000739,PAYMENT,0,0
PAYSIM-0000740,PAYMENT,0,0
PAYSIM-0000741,PAYMENT,0,0
PAYSIM-0000742,PAYMENT,0,0
PAYSIM-0000743,PAYMENT,0,0
PAYSIM-0000744,PAYMENT,0,0
PAYSIM-0000745,PAYMENT,0,0
PAYSIM-0000746,PAYMENT,0,0
PAYSIM-0000747,PAYMENT,0,0
PAYSIM-0000748,PAYMENT,0,0
PAYSIM-0000749,PAYMENT,0,0
PAYSIM-0000750,PAYMENT,0,0
PAYSIM-0000751,PAYMENT,0,0
PAYSIM-0000752,PAYMENT,0,0
PAYSIM-0000753,PAYMENT,0,0
PAYSIM-0000754,PAYMENT,0,0
PAYSIM-0000755,CASH_IN,0,0
PAYSIM-0000756,PAYMENT,0,0
PAYSIM-0000757,PAYMENT,0,0
PAYSIM-0000758,PAYMENT,0,0
PAYSIM-0000759,PAYMENT,0,0
PAYSIM-0000760,PAYMENT,0,0
PAYSIM-0000761,DEBIT,0,0
PAYSIM-0000762,PAYMENT,0,0
PAYSIM-0000763,DEBIT,0,0
PAYSIM-0000764,PAYMENT,0,0
PAYSIM-0000765,PAYMENT,0,0
PAYSIM-0000766,PAYMENT,0,0
PAYSIM-0000767,PAYMENT,0,0
PAYSIM-0000768,PAYMENT,0,0
PAYSIM-0000769,TRANSFER,0,0
PAYSIM-0000770,TRANSFER,0,0
PAYSIM-0000771,PAYMENT,0,0
PAYSIM-0000772,PAYMENT,0,0
PAYSIM-0000773,PAYMENT,0,0
PAYSIM-0000774,DEBIT,0,0
PAYSIM-0000775,PAYMENT,0,0
PAYSIM-0000776,PAYMENT,0,0
PAYSIM-0000777,CASH_OUT,0,0
PAYSIM-0000778,PAYMENT,0,0
PAYSIM-0000779,PAYMENT,0,0
PAYSIM-0000780,PAYMENT,0,0
PAYSIM-0000781,PAYMENT,0,0
PAYSIM-0000782,TRANSFER,0,0
PAYSIM-0000783,PAYMENT,0,0
PAYSIM-0000784,PAYMENT,0,0
PAYSIM-0000785,PAYMENT,0,0
PAYSIM-0000786,DEBIT,0,0
PAYSIM-0000787,PAYMENT,0,0
PAYSIM-0000788,PAYMENT,0,0
PAYSIM-0000789,PAYMENT,0,0
PAYSIM-0000790,TRANSFER,0,0
PAYSIM-0000791,TRANSFER,0,0
PAYSIM-0000792,TRANSFER,0,0
PAYSIM-0000793,TRANSFER,0,0
PAYSIM-0000794,TRANSFER,0,0
PAYSIM-0000795,TRANSFER,0,0
PAYSIM-0000796,TRANSFER,0,0
PAYSIM-0000797,TRANSFER,0,0
PAYSIM-0000798,TRANSFER,0,0
PAYSIM-0000799,TRANSFER,0,0
PAYSIM-0000800,TRANSFER,0,0
PAYSIM-0000801,TRANSFER,0,0
PAYSIM-0000802,TRANSFER,0,0
PAYSIM-0000803,TRANSFER,0,0
PAYSIM-0000804,TRANSFER,0,0
PAYSIM-0000805,TRANSFER,0,0
PAYSIM-0000806,DEBIT,0,0
PAYSIM-0000807,PAYMENT,0,0
PAYSIM-0000808,DEBIT,0,0
PAYSIM-0000809,PAYMENT,0,0
PAYSIM-0000810,PAYMENT,0,0
PAYSIM-0000811,PAYMENT,0,0
PAYSIM-0000812,TRANSFER,0,0
PAYSIM-0000813,CASH_OUT,0,0
PAYSIM-0000814,PAYMENT,0,0
PAYSIM-0000815,PAYMENT,0,0
PAYSIM-0000816,PAYMENT,0,0
PAYSIM-0000817,PAYMENT,0,0
PAYSIM-0000818,CASH_OUT,0,0
PAYSIM-0000819,CASH_OUT,0,0
PAYSIM-0000820,PAYMENT,0,0
PAYSIM-0000821,PAYMENT,0,0
PAYSIM-0000822,CASH_OUT,0,0
PAYSIM-0000823,DEBIT,0,0
PAYSIM-0000824,PAYMENT,0,0
PAYSIM-0000825,PAYMENT,0,0
PAYSIM-0000826,PAYMENT,0,0
PAYSIM-0000827,PAYMENT,0,0
PAYSIM-0000828,PAYMENT,0,0
PAYSIM-0000829,PAYMENT,0,0
PAYSIM-0000830,DEBIT,0,0
PAYSIM-0000831,TRANSFER,0,0
PAYSIM-0000832,PAYMENT,0,0
PAYSIM-0000833,PAYMENT,0,0
PAYSIM-0000834,CASH_OUT,0,0
PAYSIM-0000835,CASH_OUT,0,0
PAYSIM-0000836,CASH_OUT,0,0
PAYSIM-0000837,CASH_OUT,0,0
PAYSIM-0000838,CASH_OUT,0,0
PAYSIM-0000839,CASH_OUT,0,0
PAYSIM-0000840,CASH_OUT,0,0
PAYSIM-0000841,CASH_OUT,0,0
PAYSIM-0000842,CASH_OUT,0,0
PAYSIM-0000843,CASH_OUT,0,0
PAYSIM-0000844,CASH_OUT,0,0
PAYSIM-0000845,CASH_OUT,0,0
PAYSIM-0000846,CASH_OUT,0,0
PAYSIM-0000847,CASH_OUT,0,0
PAYSIM-0000848,CASH_OUT,0,0
PAYSIM-0000849,CASH_OUT,0,0
PAYSIM-0000850,CASH_OUT,0,0
PAYSIM-0000851,CASH_OUT,0,0
PAYSIM-0000852,CASH_OUT,0,0
PAYSIM-0000853,CASH_OUT,0,0
PAYSIM-0000854,CASH_OUT,0,0
PAYSIM-0000855,CASH_OUT,0,0
PAYSIM-0000856,CASH_OUT,0,0
PAYSIM-0000857,CASH_OUT,0,0
PAYSIM-0000858,CASH_OUT,0,0
PAYSIM-0000859,CASH_OUT,0,0
PAYSIM-0000860,CASH_OUT,0,0
PAYSIM-0000861,CASH_OUT,0,0
PAYSIM-0000862,CASH_OUT,0,0
PAYSIM-0000863,CASH_OUT,0,0
PAYSIM-0000864,CASH_OUT,0,0
PAYSIM-0000865,CASH_OUT,0,0
PAYSIM-0000866,CASH_OUT,0,0
PAYSIM-0000867,CASH_OUT,0,0
PAYSIM-0000868,CASH_OUT,0,0
PAYSIM-0000869,CASH_OUT,0,0
PAYSIM-0000870,CASH_OUT,0,0
PAYSIM-0000871,CASH_OUT,0,0
PAYSIM-0000872,CASH_OUT,0,0
PAYSIM-0000873,CASH_OUT,0,0
PAYSIM-0000874,CASH_OUT,0,0
PAYSIM-0000875,CASH_OUT,0,0
PAYSIM-0000876,CASH_OUT,0,0
PAYSIM-0000877,CASH_OUT,0,0
PAYSIM-0000878,CASH_OUT,0,0
PAYSIM-0000879,CASH_OUT,0,0
PAYSIM-0000880,CASH_OUT,0,0
PAYSIM-0000881,CASH_OUT,0,0
PAYSIM-0000882,CASH_OUT,0,0
PAYSIM-0000883,CASH_OUT,0,0
PAYSIM-0000884,CASH_OUT,0,0
PAYSIM-0000885,CASH_OUT,0,0
PAYSIM-0000886,CASH_OUT,0,0
PAYSIM-0000887,CASH_OUT,0,0
PAYSIM-0000888,CASH_OUT,0,0
PAYSIM-0000889,CASH_OUT,0,0
PAYSIM-0000890,CASH_OUT,0,0
PAYSIM-0000891,CASH_OUT,0,0
PAYSIM-0000892,CASH_OUT,0,0
PAYSIM-0000893,CASH_OUT,0,0
PAYSIM-0000894,CASH_OUT,0,0
PAYSIM-0000895,CASH_OUT,0,0
PAYSIM-0000896,CASH_OUT,0,0
PAYSIM-0000897,CASH_OUT,0,0
PAYSIM-0000898,CASH_OUT,0,0
PAYSIM-0000899,CASH_OUT,0,0
PAYSIM-0000900,CASH_OUT,0,0
PAYSIM-0000901,PAYMENT,0,0
PAYSIM-0000902,PAYMENT,0,0
PAYSIM-0000903,PAYMENT,0,0
PAYSIM-0000904,PAYMENT,0,0
PAYSIM-0000905,PAYMENT,0,0
PAYSIM-0000906,PAYMENT,0,0
PAYSIM-0000907,PAYMENT,0,0
PAYSIM-0000908,PAYMENT,0,0
PAYSIM-0000909,PAYMENT,0,0
PAYSIM-0000910,PAYMENT,0,0
PAYSIM-0000911,PAYMENT,0,0
PAYSIM-0000912,PAYMENT,0,0
PAYSIM-0000913,PAYMENT,0,0
PAYSIM-0000914,PAYMENT,0,0
PAYSIM-0000915,PAYMENT,0,0
PAYSIM-0000916,PAYMENT,0,0
PAYSIM-0000917,PAYMENT,0,0
PAYSIM-0000918,PAYMENT,0,0
PAYSIM-0000919,CASH_OUT,0,0
PAYSIM-0000920,PAYMENT,0,0
PAYSIM-0000921,PAYMENT,0,0
PAYSIM-0000922,TRANSFER,0,0
PAYSIM-0000923,DEBIT,0,0
PAYSIM-0000924,PAYMENT,0,0
PAYSIM-0000925,PAYMENT,0,0
PAYSIM-0000926,CASH_OUT,0,0
PAYSIM-0000927,PAYMENT,0,0
PAYSIM-0000928,CASH_OUT,0,0
PAYSIM-0000929,PAYMENT,0,0
PAYSIM-0000930,CASH_IN,0,0
PAYSIM-0000931,PAYMENT,0,0
PAYSIM-0000932,PAYMENT,0,0
PAYSIM-0000933,PAYMENT,0,0
PAYSIM-0000934,DEBIT,0,0
PAYSIM-0000935,PAYMENT,0,0
PAYSIM-0000936,PAYMENT,0,0
PAYSIM-0000937,PAYMENT,0,0
PAYSIM-0000938,CASH_OUT,0,0
PAYSIM-0000939,DEBIT,0,0
PAYSIM-0000940,CASH_IN,0,0
PAYSIM-0000941,PAYMENT,0,0
PAYSIM-0000942,PAYMENT,0,0
PAYSIM-0000943,PAYMENT,0,0
PAYSIM-0000944,PAYMENT,0,0
PAYSIM-0000945,PAYMENT,0,0
PAYSIM-0000946,PAYMENT,0,0
PAYSIM-0000947,PAYMENT,0,0
PAYSIM-0000948,PAYMENT,0,0
PAYSIM-0000949,PAYMENT,0,0
PAYSIM-0000950,PAYMENT,0,0
PAYSIM-0000951,DEBIT,0,0
PAYSIM-0000952,PAYMENT,0,0
PAYSIM-0000953,CASH_OUT,0,0
PAYSIM-0000954,DEBIT,0,0
PAYSIM-0000955,PAYMENT,0,0
PAYSIM-0000956,PAYMENT,0,0
PAYSIM-0000957,PAYMENT,0,0
PAYSIM-0000958,PAYMENT,0,0
PAYSIM-0000959,PAYMENT,0,0
PAYSIM-0000960,PAYMENT,0,0
PAYSIM-0000961,PAYMENT,0,0
PAYSIM-0000962,PAYMENT,0,0
PAYSIM-0000963,PAYMENT,0,0
PAYSIM-0000964,TRANSFER,0,0
PAYSIM-0000965,PAYMENT,0,0
PAYSIM-0000966,PAYMENT,0,0
PAYSIM-0000967,PAYMENT,0,0
PAYSIM-0000968,CASH_IN,0,0
PAYSIM-0000969,CASH_OUT,0,0
PAYSIM-0000970,TRANSFER,1,0
PAYSIM-0000971,CASH_OUT,1,0
PAYSIM-0000972,CASH_IN,0,0
PAYSIM-0000973,PAYMENT,0,0
PAYSIM-0000974,CASH_OUT,0,0
PAYSIM-0000975,PAYMENT,0,0
PAYSIM-0000976,PAYMENT,0,0
PAYSIM-0000977,DEBIT,0,0
PAYSIM-0000978,PAYMENT,0,0
PAYSIM-0000979,PAYMENT,0,0
PAYSIM-0000980,PAYMENT,0,0
PAYSIM-0000981,DEBIT,0,0
PAYSIM-0000982,PAYMENT,0,0
PAYSIM-0000983,TRANSFER,0,0
PAYSIM-0000984,PAYMENT,0,0
PAYSIM-0000985,PAYMENT,0,0
PAYSIM-0000986,DEBIT,0,0
PAYSIM-0000987,TRANSFER,0,0
PAYSIM-0000988,PAYMENT,0,0
PAYSIM-0000989,DEBIT,0,0
PAYSIM-0000990,PAYMENT,0,0
PAYSIM-0000991,PAYMENT,0,0
PAYSIM-0000992,PAYMENT,0,0
PAYSIM-0000993,PAYMENT,0,0
PAYSIM-0000994,PAYMENT,0,0
PAYSIM-0000995,PAYMENT,0,0
PAYSIM-0000996,PAYMENT,0,0
PAYSIM-0000997,PAYMENT,0,0
PAYSIM-0000998,PAYMENT,0,0
PAYSIM-0000999,PAYMENT,0,0
PAYSIM-0001000,PAYMENT,0,0
PAYSIM-0001001,PAYMENT,0,0
PAYSIM-0001002,PAYMENT,0,0
PAYSIM-0001003,CASH_OUT,0,0
PAYSIM-0001004,CASH_OUT,0,0
PAYSIM-0001005,PAYMENT,0,0
PAYSIM-0001006,PAYMENT,0,0
PAYSIM-0001007,PAYMENT,0,0
PAYSIM-0001008,PAYMENT,0,0
PAYSIM-0001009,PAYMENT,0,0
PAYSIM-0001010,PAYMENT,0,0
PAYSIM-0001011,PAYMENT,0,0
PAYSIM-0001012,PAYMENT,0,0
PAYSIM-0001013,CASH_OUT,0,0
PAYSIM-0001014,PAYMENT,0,0
PAYSIM-0001015,PAYMENT,0,0
PAYSIM-0001016,PAYMENT,0,0
PAYSIM-0001017,PAYMENT,0,0
PAYSIM-0001018,CASH_OUT,0,0
PAYSIM-0001019,PAYMENT,0,0
PAYSIM-0001020,DEBIT,0,0
PAYSIM-0001021,PAYMENT,0,0
PAYSIM-0001022,PAYMENT,0,0
PAYSIM-0001023,CASH_OUT,0,0
PAYSIM-0001024,PAYMENT,0,0
PAYSIM-0001025,PAYMENT,0,0
PAYSIM-0001026,PAYMENT,0,0
PAYSIM-0001027,PAYMENT,0,0
PAYSIM-0001028,PAYMENT,0,0
PAYSIM-0001029,PAYMENT,0,0
PAYSIM-0001030,PAYMENT,0,0
PAYSIM-0001031,DEBIT,0,0
PAYSIM-0001032,PAYMENT,0,0
PAYSIM-0001033,PAYMENT,0,0
PAYSIM-0001034,PAYMENT,0,0
PAYSIM-0001035,PAYMENT,0,0
PAYSIM-0001036,PAYMENT,0,0
PAYSIM-0001037,PAYMENT,0,0
PAYSIM-0001038,DEBIT,0,0
PAYSIM-0001039,PAYMENT,0,0
PAYSIM-0001040,PAYMENT,0,0
PAYSIM-0001041,DEBIT,0,0
PAYSIM-0001042,PAYMENT,0,0
PAYSIM-0001043,TRANSFER,0,0
PAYSIM-0001044,PAYMENT,0,0
PAYSIM-0001045,PAYMENT,0,0
PAYSIM-0001046,PAYMENT,0,0
PAYSIM-0001047,PAYMENT,0,0
PAYSIM-0001048,CASH_IN,0,0
PAYSIM-0001049,CASH_OUT,0,0
PAYSIM-0001050,PAYMENT,0,0
PAYSIM-0001051,PAYMENT,0,0
PAYSIM-0001052,PAYMENT,0,0
PAYSIM-0001053,PAYMENT,0,0
PAYSIM-0001054,PAYMENT,0,0
PAYSIM-0001055,PAYMENT,0,0
PAYSIM-0001056,PAYMENT,0,0
PAYSIM-0001057,PAYMENT,0,0
PAYSIM-0001058,DEBIT,0,0
PAYSIM-0001059,PAYMENT,0,0
PAYSIM-0001060,DEBIT,0,0
PAYSIM-0001061,PAYMENT,0,0
PAYSIM-0001062,PAYMENT,0,0
PAYSIM-0001063,PAYMENT,0,0
PAYSIM-0001064,PAYMENT,0,0
PAYSIM-0001065,PAYMENT,0,0
PAYSIM-0001066,PAYMENT,0,0
PAYSIM-0001067,PAYMENT,0,0
PAYSIM-0001068,PAYMENT,0,0
PAYSIM-0001069,PAYMENT,0,0
PAYSIM-0001070,PAYMENT,0,0
PAYSIM-0001071,PAYMENT,0,0
PAYSIM-0001072,DEBIT,0,0
PAYSIM-0001073,CASH_OUT,0,0
PAYSIM-0001074,PAYMENT,0,0
PAYSIM-0001075,CASH_OUT,0,0
PAYSIM-0001076,DEBIT,0,0
PAYSIM-0001077,CASH_IN,0,0
PAYSIM-0001078,CASH_OUT,0,0
PAYSIM-0001079,PAYMENT,0,0
PAYSIM-0001080,PAYMENT,0,0
PAYSIM-0001081,PAYMENT,0,0
PAYSIM-0001082,TRANSFER,0,0
PAYSIM-0001083,PAYMENT,0,0
PAYSIM-0001084,PAYMENT,0,0
PAYSIM-0001085,CASH_OUT,0,0
PAYSIM-0001086,PAYMENT,0,0
PAYSIM-0001087,PAYMENT,0,0
PAYSIM-0001088,PAYMENT,0,0
PAYSIM-0001089,PAYMENT,0,0
PAYSIM-0001090,PAYMENT,0,0
PAYSIM-0001091,PAYMENT,0,0
PAYSIM-0001092,PAYMENT,0,0
PAYSIM-0001093,PAYMENT,0,0
PAYSIM-0001094,PAYMENT,0,0
PAYSIM-0001095,PAYMENT,0,0
PAYSIM-0001096,PAYMENT,0,0
PAYSIM-0001097,DEBIT,0,0
PAYSIM-0001098,TRANSFER,0,0
PAYSIM-0001099,PAYMENT,0,0
PAYSIM-0001100,DEBIT,0,0
PAYSIM-0001101,PAYMENT,0,0
PAYSIM-0001102,PAYMENT,0,0
PAYSIM-0001103,DEBIT,0,0
PAYSIM-0001104,CASH_OUT,0,0
PAYSIM-0001105,PAYMENT,0,0
PAYSIM-0001106,TRANSFER,0,0
PAYSIM-0001107,PAYMENT,0,0
PAYSIM-0001108,PAYMENT,0,0
PAYSIM-0001109,PAYMENT,0,0
PAYSIM-0001110,PAYMENT,0,0
PAYSIM-0001111,PAYMENT,0,0
PAYSIM-0001112,CASH_OUT,0,0
PAYSIM-0001113,DEBIT,0,0
PAYSIM-0001114,CASH_OUT,0,0
PAYSIM-0001115,PAYMENT,0,0
PAYSIM-0001116,TRANSFER,1,0
PAYSIM-0001117,CASH_OUT,1,0
PAYSIM-0001118,PAYMENT,0,0
PAYSIM-0001119,DEBIT,0,0
PAYSIM-0001120,CASH_OUT,0,0
PAYSIM-0001121,CASH_OUT,0,0
PAYSIM-0001122,PAYMENT,0,0
PAYSIM-0001123,PAYMENT,0,0
PAYSIM-0001124,CASH_OUT,0,0
PAYSIM-0001125,DEBIT,0,0
PAYSIM-0001126,DEBIT,0,0
PAYSIM-0001127,PAYMENT,0,0
PAYSIM-0001128,PAYMENT,0,0
PAYSIM-0001129,CASH_OUT,0,0
PAYSIM-0001130,DEBIT,0,0
PAYSIM-0001131,PAYMENT,0,0
PAYSIM-0001132,PAYMENT,0,0
PAYSIM-0001133,PAYMENT,0,0
PAYSIM-0001134,PAYMENT,0,0
PAYSIM-0001135,PAYMENT,0,0
PAYSIM-0001136,PAYMENT,0,0
PAYSIM-0001137,PAYMENT,0,0
PAYSIM-0001138,PAYMENT,0,0
PAYSIM-0001139,PAYMENT,0,0
PAYSIM-0001140,PAYMENT,0,0
PAYSIM-0001141,PAYMENT,0,0
PAYSIM-0001142,DEBIT,0,0
PAYSIM-0001143,PAYMENT,0,0
PAYSIM-0001144,PAYMENT,0,0
PAYSIM-0001145,DEBIT,0,0
PAYSIM-0001146,TRANSFER,0,0
PAYSIM-0001147,TRANSFER,0,0
PAYSIM-0001148,TRANSFER,0,0
PAYSIM-0001149,TRANSFER,0,0
PAYSIM-0001150,TRANSFER,0,0
PAYSIM-0001151,TRANSFER,0,0
PAYSIM-0001152,TRANSFER,0,0
PAYSIM-0001153,TRANSFER,0,0
PAYSIM-0001154,TRANSFER,0,0
PAYSIM-0001155,TRANSFER,0,0
PAYSIM-0001156,TRANSFER,0,0
PAYSIM-0001157,TRANSFER,0,0
PAYSIM-0001158,TRANSFER,0,0
PAYSIM-0001159,TRANSFER,0,0
PAYSIM-0001160,TRANSFER,0,0
PAYSIM-0001161,TRANSFER,0,0
PAYSIM-0001162,TRANSFER,0,0
PAYSIM-0001163,TRANSFER,0,0
PAYSIM-0001164,TRANSFER,0,0
PAYSIM-0001165,TRANSFER,0,0
PAYSIM-0001166,TRANSFER,0,0
PAYSIM-0001167,TRANSFER,0,0
PAYSIM-0001168,PAYMENT,0,0
PAYSIM-0001169,PAYMENT,0,0
PAYSIM-0001170,CASH_OUT,0,0
PAYSIM-0001171,PAYMENT,0,0
PAYSIM-0001172,DEBIT,0,0
PAYSIM-0001173,CASH_OUT,0,0
PAYSIM-0001174,PAYMENT,0,0
PAYSIM-0001175,PAYMENT,0,0
PAYSIM-0001176,PAYMENT,0,0
PAYSIM-0001177,PAYMENT,0,0
PAYSIM-0001178,PAYMENT,0,0
PAYSIM-0001179,PAYMENT,0,0
PAYSIM-0001180,TRANSFER,0,0
PAYSIM-0001181,PAYMENT,0,0
PAYSIM-0001182,DEBIT,0,0
PAYSIM-0001183,PAYMENT,0,0
PAYSIM-0001184,PAYMENT,0,0
PAYSIM-0001185,TRANSFER,0,0
PAYSIM-0001186,PAYMENT,0,0
PAYSIM-0001187,PAYMENT,0,0
PAYSIM-0001188,PAYMENT,0,0
PAYSIM-0001189,PAYMENT,0,0
PAYSIM-0001190,PAYMENT,0,0
PAYSIM-0001191,PAYMENT,0,0
PAYSIM-0001192,PAYMENT,0,0
PAYSIM-0001193,PAYMENT,0,0
PAYSIM-0001194,PAYMENT,0,0
PAYSIM-0001195,PAYMENT,0,0
PAYSIM-0001196,TRANSFER,0,0
PAYSIM-0001197,TRANSFER,0,0
PAYSIM-0001198,TRANSFER,0,0
PAYSIM-0001199,TRANSFER,0,0
PAYSIM-0001200,TRANSFER,0,0
PAYSIM-0001201,TRANSFER,0,0
PAYSIM-0001202,TRANSFER,0,0
PAYSIM-0001203,TRANSFER,0,0
PAYSIM-0001204,TRANSFER,0,0
PAYSIM-0001205,TRANSFER,0,0
PAYSIM-0001206,TRANSFER,0,0
PAYSIM-0001207,TRANSFER,0,0
PAYSIM-0001208,TRANSFER,0,0
PAYSIM-0001209,TRANSFER,0,0
PAYSIM-0001210,TRANSFER,0,0
PAYSIM-0001211,TRANSFER,0,0
PAYSIM-0001212,TRANSFER,0,0
PAYSIM-0001213,TRANSFER,0,0
PAYSIM-0001214,TRANSFER,0,0
PAYSIM-0001215,TRANSFER,0,0
PAYSIM-0001216,PAYMENT,0,0
PAYSIM-0001217,TRANSFER,0,0
PAYSIM-0001218,DEBIT,0,0
PAYSIM-0001219,PAYMENT,0,0
PAYSIM-0001220,TRANSFER,0,0
PAYSIM-0001221,TRANSFER,0,0
PAYSIM-0001222,TRANSFER,0,0
PAYSIM-0001223,TRANSFER,0,0
PAYSIM-0001224,TRANSFER,0,0
PAYSIM-0001225,TRANSFER,0,0
PAYSIM-0001226,TRANSFER,0,0
PAYSIM-0001227,TRANSFER,0,0
PAYSIM-0001228,TRANSFER,0,0
PAYSIM-0001229,TRANSFER,0,0
PAYSIM-0001230,TRANSFER,0,0
PAYSIM-0001231,TRANSFER,0,0
PAYSIM-0001232,TRANSFER,0,0
PAYSIM-0001233,PAYMENT,0,0
PAYSIM-0001234,PAYMENT,0,0
PAYSIM-0001235,PAYMENT,0,0
PAYSIM-0001236,CASH_OUT,0,0
PAYSIM-0001237,CASH_OUT,0,0
PAYSIM-0001238,CASH_OUT,0,0
PAYSIM-0001239,CASH_OUT,0,0
PAYSIM-0001240,CASH_OUT,0,0
PAYSIM-0001241,DEBIT,0,0
PAYSIM-0001242,DEBIT,0,0
PAYSIM-0001243,PAYMENT,0,0
PAYSIM-0001244,PAYMENT,0,0
PAYSIM-0001245,PAYMENT,0,0
PAYSIM-0001246,PAYMENT,0,0
PAYSIM-0001247,PAYMENT,0,0
PAYSIM-0001248,PAYMENT,0,0
PAYSIM-0001249,TRANSFER,0,0
PAYSIM-0001250,TRANSFER,0,0
PAYSIM-0001251,DEBIT,0,0
PAYSIM-0001252,PAYMENT,0,0
PAYSIM-0001253,PAYMENT,0,0
PAYSIM-0001254,PAYMENT,0,0
PAYSIM-0001255,PAYMENT,0,0
PAYSIM-0001256,PAYMENT,0,0
PAYSIM-0001257,PAYMENT,0,0
PAYSIM-0001258,TRANSFER,0,0
PAYSIM-0001259,PAYMENT,0,0
PAYSIM-0001260,PAYMENT,0,0
PAYSIM-0001261,CASH_IN,0,0
PAYSIM-0001262,CASH_IN,0,0
PAYSIM-0001263,CASH_IN,0,0
PAYSIM-0001264,CASH_IN,0,0
PAYSIM-0001265,CASH_IN,0,0
PAYSIM-0001266,CASH_IN,0,0
PAYSIM-0001267,CASH_IN,0,0
PAYSIM-0001268,CASH_IN,0,0
PAYSIM-0001269,CASH_IN,0,0
PAYSIM-0001270,CASH_IN,0,0
PAYSIM-0001271,CASH_IN,0,0
PAYSIM-0001272,CASH_IN,0,0
PAYSIM-0001273,CASH_IN,0,0
PAYSIM-0001274,CASH_IN,0,0
PAYSIM-0001275,CASH_IN,0,0
PAYSIM-0001276,CASH_IN,0,0
PAYSIM-0001277,CASH_IN,0,0
PAYSIM-0001278,CASH_IN,0,0
PAYSIM-0001279,CASH_IN,0,0
PAYSIM-0001280,CASH_IN,0,0
PAYSIM-0001281,CASH_IN,0,0
PAYSIM-0001282,CASH_IN,0,0
PAYSIM-0001283,CASH_IN,0,0
PAYSIM-0001284,CASH_IN,0,0
PAYSIM-0001285,CASH_IN,0,0
PAYSIM-0001286,CASH_IN,0,0
PAYSIM-0001287,CASH_IN,0,0
PAYSIM-0001288,CASH_IN,0,0
PAYSIM-0001289,CASH_IN,0,0
PAYSIM-0001290,CASH_IN,0,0
PAYSIM-0001291,CASH_IN,0,0
PAYSIM-0001292,CASH_IN,0,0
PAYSIM-0001293,CASH_IN,0,0
PAYSIM-0001294,CASH_IN,0,0
PAYSIM-0001295,CASH_IN,0,0
PAYSIM-0001296,CASH_IN,0,0
PAYSIM-0001297,CASH_IN,0,0
PAYSIM-0001298,CASH_IN,0,0
PAYSIM-0001299,CASH_IN,0,0
PAYSIM-0001300,CASH_IN,0,0
PAYSIM-0001301,CASH_IN,0,0
PAYSIM-0001302,CASH_IN,0,0
PAYSIM-0001303,CASH_IN,0,0
PAYSIM-0001304,CASH_IN,0,0
PAYSIM-0001305,CASH_IN,0,0
PAYSIM-0001306,CASH_IN,0,0
PAYSIM-0001307,CASH_IN,0,0
PAYSIM-0001308,CASH_IN,0,0
PAYSIM-0001309,CASH_IN,0,0
PAYSIM-0001310,CASH_IN,0,0
PAYSIM-0001311,CASH_IN,0,0
PAYSIM-0001312,CASH_IN,0,0
PAYSIM-0001313,CASH_IN,0,0
PAYSIM-0001314,CASH_IN,0,0
PAYSIM-0001315,CASH_IN,0,0
PAYSIM-0001316,CASH_IN,0,0
PAYSIM-0001317,CASH_IN,0,0
PAYSIM-0001318,CASH_IN,0,0
PAYSIM-0001319,CASH_IN,0,0
PAYSIM-0001320,CASH_IN,0,0
PAYSIM-0001321,CASH_IN,0,0
PAYSIM-0001322,CASH_IN,0,0
PAYSIM-0001323,CASH_IN,0,0
PAYSIM-0001324,CASH_IN,0,0
PAYSIM-0001325,CASH_IN,0,0
PAYSIM-0001326,CASH_IN,0,0
PAYSIM-0001327,CASH_IN,0,0
PAYSIM-0001328,CASH_IN,0,0
PAYSIM-0001329,CASH_IN,0,0
PAYSIM-0001330,CASH_IN,0,0
PAYSIM-0001331,CASH_IN,0,0
PAYSIM-0001332,CASH_IN,0,0
PAYSIM-0001333,CASH_IN,0,0
PAYSIM-0001334,PAYMENT,0,0
PAYSIM-0001335,PAYMENT,0,0
PAYSIM-0001336,PAYMENT,0,0
PAYSIM-0001337,PAYMENT,0,0
PAYSIM-0001338,PAYMENT,0,0
PAYSIM-0001339,PAYMENT,0,0
PAYSIM-0001340,PAYMENT,0,0
PAYSIM-0001341,PAYMENT,0,0
PAYSIM-0001342,PAYMENT,0,0
PAYSIM-0001343,PAYMENT,0,0
PAYSIM-0001344,PAYMENT,0,0
PAYSIM-0001345,PAYMENT,0,0
PAYSIM-0001346,PAYMENT,0,0
PAYSIM-0001347,PAYMENT,0,0
PAYSIM-0001348,CASH_OUT,0,0
PAYSIM-0001349,PAYMENT,0,0
PAYSIM-0001350,DEBIT,0,0
PAYSIM-0001351,DEBIT,0,0
PAYSIM-0001352,PAYMENT,0,0
PAYSIM-0001353,PAYMENT,0,0
PAYSIM-0001354,PAYMENT,0,0
PAYSIM-0001355,PAYMENT,0,0
PAYSIM-0001356,DEBIT,0,0
PAYSIM-0001357,PAYMENT,0,0
PAYSIM-0001358,PAYMENT,0,0
PAYSIM-0001359,PAYMENT,0,0
PAYSIM-0001360,PAYMENT,0,0
PAYSIM-0001361,CASH_OUT,0,0
PAYSIM-0001362,PAYMENT,0,0
PAYSIM-0001363,CASH_OUT,0,0
PAYSIM-0001364,PAYMENT,0,0
PAYSIM-0001365,PAYMENT,0,0
PAYSIM-0001366,TRANSFER,0,0
PAYSIM-0001367,TRANSFER,0,0
PAYSIM-0001368,PAYMENT,0,0
PAYSIM-0001369,PAYMENT,0,0
PAYSIM-0001370,PAYMENT,0,0
PAYSIM-0001371,DEBIT,0,0
PAYSIM-0001372,PAYMENT,0,0
PAYSIM-0001373,PAYMENT,0,0
PAYSIM-0001374,PAYMENT,0,0
PAYSIM-0001375,TRANSFER,0,0
PAYSIM-0001376,PAYMENT,0,0
PAYSIM-0001377,PAYMENT,0,0
PAYSIM-0001378,PAYMENT,0,0
PAYSIM-0001379,PAYMENT,0,0
PAYSIM-0001380,PAYMENT,0,0
PAYSIM-0001381,CASH_OUT,0,0
PAYSIM-0001382,TRANSFER,0,0
PAYSIM-0001383,PAYMENT,0,0
PAYSIM-0001384,PAYMENT,0,0
PAYSIM-0001385,CASH_OUT,0,0
PAYSIM-0001386,PAYMENT,0,0
PAYSIM-0001387,CASH_IN,0,0
PAYSIM-0001388,PAYMENT,0,0
PAYSIM-0001389,TRANSFER,0,0
PAYSIM-0001390,DEBIT,0,0
PAYSIM-0001391,DEBIT,0,0
PAYSIM-0001392,PAYMENT,0,0
PAYSIM-0001393,PAYMENT,0,0
PAYSIM-0001394,PAYMENT,0,0
PAYSIM-0001395,PAYMENT,0,0
PAYSIM-0001396,TRANSFER,0,0
PAYSIM-0001397,PAYMENT,0,0
PAYSIM-0001398,PAYMENT,0,0
PAYSIM-0001399,PAYMENT,0,0
PAYSIM-0001400,PAYMENT,0,0
PAYSIM-0001401,PAYMENT,0,0
PAYSIM-0001402,TRANSFER,0,0
PAYSIM-0001403,DEBIT,0,0
PAYSIM-0001404,TRANSFER,0,0
PAYSIM-0001405,TRANSFER,0,0
PAYSIM-0001406,PAYMENT,0,0
PAYSIM-0001407,CASH_OUT,0,0
PAYSIM-0001408,PAYMENT,0,0
PAYSIM-0001409,PAYMENT,0,0
PAYSIM-0001410,PAYMENT,0,0
PAYSIM-0001411,PAYMENT,0,0
PAYSIM-0001412,DEBIT,0,0
PAYSIM-0001413,PAYMENT,0,0
PAYSIM-0001414,PAYMENT,0,0
PAYSIM-0001415,PAYMENT,0,0
PAYSIM-0001416,PAYMENT,0,0
PAYSIM-0001417,PAYMENT,0,0
PAYSIM-0001418,PAYMENT,0,0
PAYSIM-0001419,DEBIT,0,0
PAYSIM-0001420,PAYMENT,0,0
PAYSIM-0001421,TRANSFER,0,0
PAYSIM-0001422,PAYMENT,0,0
PAYSIM-0001423,PAYMENT,0,0
PAYSIM-0001424,PAYMENT,0,0
PAYSIM-0001425,CASH_OUT,0,0
PAYSIM-0001426,PAYMENT,0,0
PAYSIM-0001427,DEBIT,0,0
PAYSIM-0001428,TRANSFER,0,0
PAYSIM-0001429,TRANSFER,0,0
PAYSIM-0001430,PAYMENT,0,0
PAYSIM-0001431,PAYMENT,0,0
PAYSIM-0001432,PAYMENT,0,0
PAYSIM-0001433,CASH_OUT,0,0
PAYSIM-0001434,TRANSFER,0,0
PAYSIM-0001435,PAYMENT,0,0
PAYSIM-0001436,PAYMENT,0,0
PAYSIM-0001437,PAYMENT,0,0
PAYSIM-0001438,PAYMENT,0,0
PAYSIM-0001439,PAYMENT,0,0
PAYSIM-0001440,PAYMENT,0,0
PAYSIM-0001441,CASH_IN,0,0
PAYSIM-0001442,PAYMENT,0,0
PAYSIM-0001443,PAYMENT,0,0
PAYSIM-0001444,PAYMENT,0,0
PAYSIM-0001445,CASH_OUT,0,0
PAYSIM-0001446,PAYMENT,0,0
PAYSIM-0001447,PAYMENT,0,0
PAYSIM-0001448,CASH_IN,0,0
PAYSIM-0001449,PAYMENT,0,0
PAYSIM-0001450,DEBIT,0,0
PAYSIM-0001451,TRANSFER,0,0
PAYSIM-0001452,PAYMENT,0,0
PAYSIM-0001453,PAYMENT,0,0
PAYSIM-0001454,PAYMENT,0,0
PAYSIM-0001455,PAYMENT,0,0
PAYSIM-0001456,PAYMENT,0,0
PAYSIM-0001457,PAYMENT,0,0
PAYSIM-0001458,PAYMENT,0,0
PAYSIM-0001459,PAYMENT,0,0
PAYSIM-0001460,PAYMENT,0,0
PAYSIM-0001461,PAYMENT,0,0
PAYSIM-0001462,PAYMENT,0,0
PAYSIM-0001463,PAYMENT,0,0
PAYSIM-0001464,PAYMENT,0,0
PAYSIM-0001465,PAYMENT,0,0
PAYSIM-0001466,PAYMENT,0,0
PAYSIM-0001467,PAYMENT,0,0
PAYSIM-0001468,PAYMENT,0,0
PAYSIM-0001469,PAYMENT,0,0
PAYSIM-0001470,PAYMENT,0,0
PAYSIM-0001471,PAYMENT,0,0
PAYSIM-0001472,PAYMENT,0,0
PAYSIM-0001473,PAYMENT,0,0
PAYSIM-0001474,PAYMENT,0,0
PAYSIM-0001475,PAYMENT,0,0
PAYSIM-0001476,PAYMENT,0,0
PAYSIM-0001477,CASH_OUT,0,0
PAYSIM-0001478,PAYMENT,0,0
PAYSIM-0001479,DEBIT,0,0
PAYSIM-0001480,PAYMENT,0,0
PAYSIM-0001481,DEBIT,0,0
PAYSIM-0001482,PAYMENT,0,0
PAYSIM-0001483,PAYMENT,0,0
PAYSIM-0001484,PAYMENT,0,0
PAYSIM-0001485,CASH_OUT,0,0
PAYSIM-0001486,PAYMENT,0,0
PAYSIM-0001487,PAYMENT,0,0
PAYSIM-0001488,PAYMENT,0,0
PAYSIM-0001489,DEBIT,0,0
PAYSIM-0001490,PAYMENT,0,0
PAYSIM-0001491,CASH_OUT,0,0
PAYSIM-0001492,PAYMENT,0,0
PAYSIM-0001493,PAYMENT,0,0
PAYSIM-0001494,PAYMENT,0,0
PAYSIM-0001495,PAYMENT,0,0
PAYSIM-0001496,CASH_OUT,0,0
PAYSIM-0001497,PAYMENT,0,0
PAYSIM-0001498,PAYMENT,0,0
PAYSIM-0001499,DEBIT,0,0
PAYSIM-0001500,DEBIT,0,0
PAYSIM-0001501,DEBIT,0,0
PAYSIM-0001502,PAYMENT,0,0
PAYSIM-0001503,PAYMENT,0,0
PAYSIM-0001504,PAYMENT,0,0
PAYSIM-0001505,PAYMENT,0,0
PAYSIM-0001506,PAYMENT,0,0
PAYSIM-0001507,PAYMENT,0,0
PAYSIM-0001508,PAYMENT,0,0
PAYSIM-0001509,PAYMENT,0,0
PAYSIM-0001510,PAYMENT,0,0
PAYSIM-0001511,PAYMENT,0,0
PAYSIM-0001512,PAYMENT,0,0
PAYSIM-0001513,PAYMENT,0,0
PAYSIM-0001514,PAYMENT,0,0
PAYSIM-0001515,PAYMENT,0,0
PAYSIM-0001516,TRANSFER,0,0
PAYSIM-0001517,CASH_OUT,0,0
PAYSIM-0001518,PAYMENT,0,0
PAYSIM-0001519,PAYMENT,0,0
PAYSIM-0001520,PAYMENT,0,0
PAYSIM-0001521,CASH_OUT,0,0
PAYSIM-0001522,DEBIT,0,0
PAYSIM-0001523,PAYMENT,0,0
PAYSIM-0001524,PAYMENT,0,0
PAYSIM-0001525,PAYMENT,0,0
PAYSIM-0001526,PAYMENT,0,0
PAYSIM-0001527,TRANSFER,0,0
PAYSIM-0001528,TRANSFER,0,0
PAYSIM-0001529,PAYMENT,0,0
PAYSIM-0001530,PAYMENT,0,0
PAYSIM-0001531,DEBIT,0,0
PAYSIM-0001532,PAYMENT,0,0
PAYSIM-0001533,PAYMENT,0,0
PAYSIM-0001534,PAYMENT,0,0
PAYSIM-0001535,PAYMENT,0,0
PAYSIM-0001536,PAYMENT,0,0
PAYSIM-0001537,PAYMENT,0,0
PAYSIM-0001538,PAYMENT,0,0
PAYSIM-0001539,PAYMENT,0,0
PAYSIM-0001540,PAYMENT,0,0
PAYSIM-0001541,PAYMENT,0,0
PAYSIM-0001542,PAYMENT,0,0
PAYSIM-0001543,PAYMENT,0,0
PAYSIM-0001544,PAYMENT,0,0
PAYSIM-0001545,PAYMENT,0,0
PAYSIM-0001546,PAYMENT,0,0
PAYSIM-0001547,PAYMENT,0,0
PAYSIM-0001548,PAYMENT,0,0
PAYSIM-0001549,PAYMENT,0,0
PAYSIM-0001550,PAYMENT,0,0
PAYSIM-0001551,PAYMENT,0,0
PAYSIM-0001552,PAYMENT,0,0
PAYSIM-0001553,PAYMENT,0,0
PAYSIM-0001554,PAYMENT,0,0
PAYSIM-0001555,PAYMENT,0,0
PAYSIM-0001556,PAYMENT,0,0
PAYSIM-0001557,PAYMENT,0,0
PAYSIM-0001558,PAYMENT,0,0
PAYSIM-0001559,PAYMENT,0,0
PAYSIM-0001560,PAYMENT,0,0
PAYSIM-0001561,PAYMENT,0,0
PAYSIM-0001562,PAYMENT,0,0
PAYSIM-0001563,PAYMENT,0,0
PAYSIM-0001564,PAYMENT,0,0
PAYSIM-0001565,DEBIT,0,0
PAYSIM-0001566,PAYMENT,0,0
PAYSIM-0001567,PAYMENT,0,0
PAYSIM-0001568,PAYMENT,0,0
PAYSIM-0001569,DEBIT,0,0
PAYSIM-0001570,PAYMENT,0,0
PAYSIM-0001571,PAYMENT,0,0
PAYSIM-0001572,CASH_IN,0,0
PAYSIM-0001573,PAYMENT,0,0
PAYSIM-0001574,CASH_IN,0,0
PAYSIM-0001575,PAYMENT,0,0
PAYSIM-0001576,PAYMENT,0,0
PAYSIM-0001577,PAYMENT,0,0
PAYSIM-0001578,PAYMENT,0,0
PAYSIM-0001579,CASH_IN,0,0
PAYSIM-0001580,PAYMENT,0,0
PAYSIM-0001581,PAYMENT,0,0
PAYSIM-0001582,CASH_OUT,0,0
PAYSIM-0001583,PAYMENT,0,0
PAYSIM-0001584,PAYMENT,0,0
PAYSIM-0001585,PAYMENT,0,0
PAYSIM-0001586,PAYMENT,0,0
PAYSIM-0001587,PAYMENT,0,0
PAYSIM-0001588,PAYMENT,0,0
PAYSIM-0001589,PAYMENT,0,0
PAYSIM-0001590,PAYMENT,0,0
PAYSIM-0001591,PAYMENT,0,0
PAYSIM-0001592,CASH_OUT,0,0
PAYSIM-0001593,PAYMENT,0,0
PAYSIM-0001594,PAYMENT,0,0
PAYSIM-0001595,PAYMENT,0,0
PAYSIM-0001596,PAYMENT,0,0
PAYSIM-0001597,PAYMENT,0,0
PAYSIM-0001598,PAYMENT,0,0
PAYSIM-0001599,PAYMENT,0,0
PAYSIM-0001600,TRANSFER,0,0
PAYSIM-0001601,PAYMENT,0,0
PAYSIM-0001602,PAYMENT,0,0
PAYSIM-0001603,PAYMENT,0,0
PAYSIM-0001604,PAYMENT,0,0
PAYSIM-0001605,PAYMENT,0,0
PAYSIM-0001606,PAYMENT,0,0
PAYSIM-0001607,PAYMENT,0,0
PAYSIM-0001608,PAYMENT,0,0
PAYSIM-0001609,PAYMENT,0,0
PAYSIM-0001610,PAYMENT,0,0
PAYSIM-0001611,CASH_IN,0,0
PAYSIM-0001612,CASH_IN,0,0
PAYSIM-0001613,CASH_IN,0,0
PAYSIM-0001614,CASH_IN,0,0
PAYSIM-0001615,CASH_IN,0,0
PAYSIM-0001616,CASH_IN,0,0
PAYSIM-0001617,CASH_IN,0,0
PAYSIM-0001618,CASH_IN,0,0
PAYSIM-0001619,PAYMENT,0,0
PAYSIM-0001620,PAYMENT,0,0
PAYSIM-0001621,PAYMENT,0,0
PAYSIM-0001622,PAYMENT,0,0
PAYSIM-0001623,PAYMENT,0,0
PAYSIM-0001624,PAYMENT,0,0
PAYSIM-0001625,PAYMENT,0,0
PAYSIM-0001626,PAYMENT,0,0
PAYSIM-0001627,PAYMENT,0,0
PAYSIM-0001628,PAYMENT,0,0
PAYSIM-0001629,PAYMENT,0,0
PAYSIM-0001630,PAYMENT,0,0
PAYSIM-0001631,PAYMENT,0,0
PAYSIM-0001632,PAYMENT,0,0
PAYSIM-0001633,PAYMENT,0,0
PAYSIM-0001634,PAYMENT,0,0
PAYSIM-0001635,PAYMENT,0,0
PAYSIM-0001636,PAYMENT,0,0
PAYSIM-0001637,PAYMENT,0,0
PAYSIM-0001638,PAYMENT,0,0
PAYSIM-0001639,PAYMENT,0,0
PAYSIM-0001640,PAYMENT,0,0
PAYSIM-0001641,DEBIT,0,0
PAYSIM-0001642,PAYMENT,0,0
PAYSIM-0001643,PAYMENT,0,0
PAYSIM-0001644,PAYMENT,0,0
PAYSIM-0001645,PAYMENT,0,0
PAYSIM-0001646,PAYMENT,0,0
PAYSIM-0001647,PAYMENT,0,0
PAYSIM-0001648,PAYMENT,0,0
PAYSIM-0001649,TRANSFER,0,0
PAYSIM-0001650,TRANSFER,0,0
PAYSIM-0001651,TRANSFER,0,0
PAYSIM-0001652,PAYMENT,0,0
PAYSIM-0001653,PAYMENT,0,0
PAYSIM-0001654,PAYMENT,0,0
PAYSIM-0001655,TRANSFER,0,0
PAYSIM-0001656,PAYMENT,0,0
PAYSIM-0001657,CASH_IN,0,0
PAYSIM-0001658,PAYMENT,0,0
PAYSIM-0001659,PAYMENT,0,0
PAYSIM-0001660,CASH_OUT,0,0
PAYSIM-0001661,PAYMENT,0,0
PAYSIM-0001662,PAYMENT,0,0
PAYSIM-0001663,PAYMENT,0,0
PAYSIM-0001664,PAYMENT,0,0
PAYSIM-0001665,CASH_OUT,0,0
PAYSIM-0001666,PAYMENT,0,0
PAYSIM-0001667,PAYMENT,0,0
PAYSIM-0001668,DEBIT,0,0
PAYSIM-0001669,PAYMENT,0,0
PAYSIM-0001670,PAYMENT,0,0
PAYSIM-0001671,PAYMENT,0,0
PAYSIM-0001672,PAYMENT,0,0
PAYSIM-0001673,PAYMENT,0,0
PAYSIM-0001674,PAYMENT,0,0
PAYSIM-0001675,PAYMENT,0,0
PAYSIM-0001676,PAYMENT,0,0
PAYSIM-0001677,PAYMENT,0,0
PAYSIM-0001678,PAYMENT,0,0
PAYSIM-0001679,PAYMENT,0,0
PAYSIM-0001680,PAYMENT,0,0
PAYSIM-0001681,PAYMENT,0,0
PAYSIM-0001682,DEBIT,0,0
PAYSIM-0001683,PAYMENT,0,0
PAYSIM-0001684,PAYMENT,0,0
PAYSIM-0001685,PAYMENT,0,0
PAYSIM-0001686,PAYMENT,0,0
PAYSIM-0001687,PAYMENT,0,0
PAYSIM-0001688,PAYMENT,0,0
PAYSIM-0001689,PAYMENT,0,0
PAYSIM-0001690,PAYMENT,0,0
PAYSIM-0001691,PAYMENT,0,0
PAYSIM-0001692,PAYMENT,0,0
PAYSIM-0001693,PAYMENT,0,0
PAYSIM-0001694,PAYMENT,0,0
PAYSIM-0001695,PAYMENT,0,0
PAYSIM-0001696,PAYMENT,0,0
PAYSIM-0001697,CASH_IN,0,0
PAYSIM-0001698,CASH_IN,0,0
PAYSIM-0001699,CASH_IN,0,0
PAYSIM-0001700,CASH_IN,0,0
PAYSIM-0001701,CASH_IN,0,0
PAYSIM-0001702,CASH_IN,0,0
PAYSIM-0001703,CASH_IN,0,0
PAYSIM-0001704,CASH_IN,0,0
PAYSIM-0001705,CASH_IN,0,0
PAYSIM-0001706,CASH_IN,0,0
PAYSIM-0001707,CASH_IN,0,0
PAYSIM-0001708,CASH_IN,0,0
PAYSIM-0001709,CASH_IN,0,0
PAYSIM-0001710,CASH_IN,0,0
PAYSIM-0001711,CASH_IN,0,0
PAYSIM-0001712,CASH_IN,0,0
PAYSIM-0001713,CASH_IN,0,0
PAYSIM-0001714,CASH_IN,0,0
PAYSIM-0001715,CASH_IN,0,0
PAYSIM-0001716,CASH_IN,0,0
PAYSIM-0001717,CASH_IN,0,0
PAYSIM-0001718,CASH_IN,0,0
PAYSIM-0001719,CASH_IN,0,0
PAYSIM-0001720,CASH_IN,0,0
PAYSIM-0001721,CASH_IN,0,0
PAYSIM-0001722,CASH_IN,0,0
PAYSIM-0001723,CASH_IN,0,0
PAYSIM-0001724,CASH_IN,0,0
PAYSIM-0001725,CASH_IN,0,0
PAYSIM-0001726,CASH_IN,0,0
PAYSIM-0001727,CASH_IN,0,0
PAYSIM-0001728,CASH_IN,0,0
PAYSIM-0001729,CASH_IN,0,0
PAYSIM-0001730,CASH_IN,0,0
PAYSIM-0001731,CASH_IN,0,0
PAYSIM-0001732,CASH_IN,0,0
PAYSIM-0001733,PAYMENT,0,0
PAYSIM-0001734,DEBIT,0,0
PAYSIM-0001735,PAYMENT,0,0
PAYSIM-0001736,PAYMENT,0,0
PAYSIM-0001737,TRANSFER,0,0
PAYSIM-0001738,PAYMENT,0,0
PAYSIM-0001739,DEBIT,0,0
PAYSIM-0001740,PAYMENT,0,0
PAYSIM-0001741,PAYMENT,0,0
PAYSIM-0001742,CASH_OUT,0,0
PAYSIM-0001743,PAYMENT,0,0
PAYSIM-0001744,PAYMENT,0,0
PAYSIM-0001745,CASH_OUT,0,0
PAYSIM-0001746,PAYMENT,0,0
PAYSIM-0001747,DEBIT,0,0
PAYSIM-0001748,DEBIT,0,0
PAYSIM-0001749,PAYMENT,0,0
PAYSIM-0001750,PAYMENT,0,0
PAYSIM-0001751,DEBIT,0,0
PAYSIM-0001752,PAYMENT,0,0
PAYSIM-0001753,DEBIT,0,0
PAYSIM-0001754,PAYMENT,0,0
PAYSIM-0001755,PAYMENT,0,0
PAYSIM-0001756,DEBIT,0,0
PAYSIM-0001757,DEBIT,0,0
PAYSIM-0001758,PAYMENT,0,0
PAYSIM-0001759,PAYMENT,0,0
PAYSIM-0001760,PAYMENT,0,0
PAYSIM-0001761,PAYMENT,0,0
PAYSIM-0001762,DEBIT,0,0
PAYSIM-0001763,TRANSFER,0,0
PAYSIM-0001764,PAYMENT,0,0
PAYSIM-0001765,TRANSFER,0,0
PAYSIM-0001766,DEBIT,0,0
PAYSIM-0001767,PAYMENT,0,0
PAYSIM-0001768,PAYMENT,0,0
PAYSIM-0001769,PAYMENT,0,0
PAYSIM-0001770,PAYMENT,0,0
PAYSIM-0001771,TRANSFER,0,0
PAYSIM-0001772,PAYMENT,0,0
PAYSIM-0001773,PAYMENT,0,0
PAYSIM-0001774,PAYMENT,0,0
PAYSIM-0001775,PAYMENT,0,0
PAYSIM-0001776,DEBIT,0,0
PAYSIM-0001777,TRANSFER,0,0
PAYSIM-0001778,TRANSFER,0,0
PAYSIM-0001779,TRANSFER,0,0
PAYSIM-0001780,TRANSFER,0,0
PAYSIM-0001781,TRANSFER,0,0
PAYSIM-0001782,TRANSFER,0,0
PAYSIM-0001783,TRANSFER,0,0
PAYSIM-0001784,TRANSFER,0,0
PAYSIM-0001785,TRANSFER,0,0
PAYSIM-0001786,TRANSFER,0,0
PAYSIM-0001787,TRANSFER,0,0
PAYSIM-0001788,TRANSFER,0,0
PAYSIM-0001789,TRANSFER,0,0
PAYSIM-0001790,TRANSFER,0,0
PAYSIM-0001791,TRANSFER,0,0
PAYSIM-0001792,TRANSFER,0,0
PAYSIM-0001793,DEBIT,0,0
PAYSIM-0001794,PAYMENT,0,0
PAYSIM-0001795,PAYMENT,0,0
PAYSIM-0001796,PAYMENT,0,0
PAYSIM-0001797,PAYMENT,0,0
PAYSIM-0001798,PAYMENT,0,0
PAYSIM-0001799,PAYMENT,0,0
PAYSIM-0001800,PAYMENT,0,0
PAYSIM-0001801,PAYMENT,0,0
PAYSIM-0001802,PAYMENT,0,0
PAYSIM-0001803,PAYMENT,0,0
PAYSIM-0001804,PAYMENT,0,0
PAYSIM-0001805,PAYMENT,0,0
PAYSIM-0001806,CASH_IN,0,0
PAYSIM-0001807,PAYMENT,0,0
PAYSIM-0001808,PAYMENT,0,0
PAYSIM-0001809,PAYMENT,0,0
PAYSIM-0001810,PAYMENT,0,0
PAYSIM-0001811,PAYMENT,0,0
PAYSIM-0001812,PAYMENT,0,0
PAYSIM-0001813,TRANSFER,0,0
PAYSIM-0001814,TRANSFER,0,0
PAYSIM-0001815,TRANSFER,0,0
PAYSIM-0001816,TRANSFER,0,0
PAYSIM-0001817,TRANSFER,0,0
PAYSIM-0001818,TRANSFER,0,0
PAYSIM-0001819,TRANSFER,0,0
PAYSIM-0001820,TRANSFER,0,0
PAYSIM-0001821,TRANSFER,0,0
PAYSIM-0001822,TRANSFER,0,0
PAYSIM-0001823,TRANSFER,0,0
PAYSIM-0001824,TRANSFER,0,0
PAYSIM-0001825,TRANSFER,0,0
PAYSIM-0001826,PAYMENT,0,0
PAYSIM-0001827,PAYMENT,0,0
PAYSIM-0001828,PAYMENT,0,0
PAYSIM-0001829,PAYMENT,0,0
PAYSIM-0001830,DEBIT,0,0
PAYSIM-0001831,CASH_OUT,0,0
PAYSIM-0001832,CASH_OUT,0,0
PAYSIM-0001833,CASH_OUT,0,0
PAYSIM-0001834,CASH_OUT,0,0
PAYSIM-0001835,CASH_OUT,0,0
PAYSIM-0001836,CASH_OUT,0,0
PAYSIM-0001837,CASH_OUT,0,0
PAYSIM-0001838,CASH_OUT,0,0
PAYSIM-0001839,CASH_OUT,0,0
PAYSIM-0001840,CASH_OUT,0,0
PAYSIM-0001841,CASH_OUT,0,0
PAYSIM-0001842,CASH_OUT,0,0
PAYSIM-0001843,CASH_OUT,0,0
PAYSIM-0001844,CASH_OUT,0,0
PAYSIM-0001845,CASH_OUT,0,0
PAYSIM-0001846,CASH_OUT,0,0
PAYSIM-0001847,CASH_OUT,0,0
PAYSIM-0001848,CASH_OUT,0,0
PAYSIM-0001849,CASH_OUT,0,0
PAYSIM-0001850,CASH_OUT,0,0
PAYSIM-0001851,CASH_OUT,0,0
PAYSIM-0001852,CASH_OUT,0,0
PAYSIM-0001853,CASH_OUT,0,0
PAYSIM-0001854,CASH_OUT,0,0
PAYSIM-0001855,CASH_OUT,0,0
PAYSIM-0001856,CASH_OUT,0,0
PAYSIM-0001857,CASH_OUT,0,0
PAYSIM-0001858,CASH_OUT,0,0
PAYSIM-0001859,CASH_OUT,0,0
PAYSIM-0001860,CASH_OUT,0,0
PAYSIM-0001861,CASH_OUT,0,0
PAYSIM-0001862,CASH_OUT,0,0
PAYSIM-0001863,CASH_OUT,0,0
PAYSIM-0001864,CASH_OUT,0,0
PAYSIM-0001865,CASH_OUT,0,0
PAYSIM-0001866,CASH_OUT,0,0
PAYSIM-0001867,PAYMENT,0,0
PAYSIM-0001868,TRANSFER,0,0
PAYSIM-0001869,PAYMENT,0,0
PAYSIM-0001870,TRANSFER,1,0
PAYSIM-0001871,CASH_OUT,1,0
PAYSIM-0001872,PAYMENT,0,0
PAYSIM-0001873,PAYMENT,0,0
PAYSIM-0001874,PAYMENT,0,0
PAYSIM-0001875,PAYMENT,0,0
PAYSIM-0001876,PAYMENT,0,0
PAYSIM-0001877,CASH_OUT,0,0
PAYSIM-0001878,PAYMENT,0,0
PAYSIM-0001879,CASH_OUT,0,0
PAYSIM-0001880,PAYMENT,0,0
PAYSIM-0001881,PAYMENT,0,0
PAYSIM-0001882,PAYMENT,0,0
PAYSIM-0001883,PAYMENT,0,0
PAYSIM-0001884,PAYMENT,0,0
PAYSIM-0001885,CASH_OUT,0,0
PAYSIM-0001886,PAYMENT,0,0
PAYSIM-0001887,CASH_IN,0,0
PAYSIM-0001888,PAYMENT,0,0
PAYSIM-0001889,PAYMENT,0,0
PAYSIM-0001890,PAYMENT,0,0
PAYSIM-0001891,PAYMENT,0,0
PAYSIM-0001892,PAYMENT,0,0
PAYSIM-0001893,PAYMENT,0,0
PAYSIM-0001894,PAYMENT,0,0
PAYSIM-0001895,PAYMENT,0,0
PAYSIM-0001896,PAYMENT,0,0
PAYSIM-0001897,TRANSFER,0,0
PAYSIM-0001898,PAYMENT,0,0
PAYSIM-0001899,CASH_OUT,0,0
PAYSIM-0001900,CASH_OUT,0,0
PAYSIM-0001901,CASH_OUT,0,0
PAYSIM-0001902,CASH_OUT,0,0
PAYSIM-0001903,CASH_OUT,0,0
PAYSIM-0001904,CASH_OUT,0,0
PAYSIM-0001905,CASH_OUT,0,0
PAYSIM-0001906,CASH_OUT,0,0
PAYSIM-0001907,CASH_OUT,0,0
PAYSIM-0001908,CASH_OUT,0,0
PAYSIM-0001909,CASH_OUT,0,0
PAYSIM-0001910,CASH_OUT,0,0
PAYSIM-0001911,PAYMENT,0,0
PAYSIM-0001912,CASH_OUT,1,0
PAYSIM-0001913,PAYMENT,0,0
PAYSIM-0001914,PAYMENT,0,0
PAYSIM-0001915,PAYMENT,0,0
PAYSIM-0001916,PAYMENT,0,0
PAYSIM-0001917,PAYMENT,0,0
PAYSIM-0001918,PAYMENT,0,0
PAYSIM-0001919,PAYMENT,0,0
PAYSIM-0001920,PAYMENT,0,0
PAYSIM-0001921,PAYMENT,0,0
PAYSIM-0001922,PAYMENT,0,0
PAYSIM-0001923,PAYMENT,0,0
PAYSIM-0001924,PAYMENT,0,0
PAYSIM-0001925,PAYMENT,0,0
PAYSIM-0001926,PAYMENT,0,0
PAYSIM-0001927,PAYMENT,0,0
PAYSIM-0001928,PAYMENT,0,0
PAYSIM-0001929,PAYMENT,0,0
PAYSIM-0001930,PAYMENT,0,0
PAYSIM-0001931,PAYMENT,0,0
PAYSIM-0001932,PAYMENT,0,0
PAYSIM-0001933,PAYMENT,0,0
PAYSIM-0001934,PAYMENT,0,0
PAYSIM-0001935,PAYMENT,0,0
PAYSIM-0001936,PAYMENT,0,0
PAYSIM-0001937,PAYMENT,0,0
PAYSIM-0001938,PAYMENT,0,0
PAYSIM-0001939,PAYMENT,0,0
PAYSIM-0001940,PAYMENT,0,0
PAYSIM-0001941,PAYMENT,0,0
PAYSIM-0001942,PAYMENT,0,0
PAYSIM-0001943,CASH_OUT,0,0
PAYSIM-0001944,PAYMENT,0,0
PAYSIM-0001945,PAYMENT,0,0
PAYSIM-0001946,TRANSFER,0,0
PAYSIM-0001947,TRANSFER,0,0
PAYSIM-0001948,PAYMENT,0,0
PAYSIM-0001949,CASH_OUT,0,0
PAYSIM-0001950,DEBIT,0,0
PAYSIM-0001951,PAYMENT,0,0
PAYSIM-0001952,PAYMENT,0,0
PAYSIM-0001953,PAYMENT,0,0
PAYSIM-0001954,PAYMENT,0,0
PAYSIM-0001955,PAYMENT,0,0
PAYSIM-0001956,CASH_OUT,0,0
PAYSIM-0001957,PAYMENT,0,0
PAYSIM-0001958,PAYMENT,0,0
PAYSIM-0001959,TRANSFER,0,0
PAYSIM-0001960,PAYMENT,0,0
PAYSIM-0001961,PAYMENT,0,0
PAYSIM-0001962,TRANSFER,0,0
PAYSIM-0001963,DEBIT,0,0
PAYSIM-0001964,PAYMENT,0,0
PAYSIM-0001965,PAYMENT,0,0
PAYSIM-0001966,PAYMENT,0,0
PAYSIM-0001967,PAYMENT,0,0
PAYSIM-0001968,PAYMENT,0,0
PAYSIM-0001969,PAYMENT,0,0
PAYSIM-0001970,PAYMENT,0,0
PAYSIM-0001971,PAYMENT,0,0
PAYSIM-0001972,PAYMENT,0,0
PAYSIM-0001973,PAYMENT,0,0
PAYSIM-0001974,PAYMENT,0,0
PAYSIM-0001975,PAYMENT,0,0
PAYSIM-0001976,PAYMENT,0,0
PAYSIM-0001977,PAYMENT,0,0
PAYSIM-0001978,PAYMENT,0,0
PAYSIM-0001979,DEBIT,0,0
PAYSIM-0001980,CASH_OUT,0,0
PAYSIM-0001981,CASH_OUT,0,0
PAYSIM-0001982,CASH_OUT,0,0
PAYSIM-0001983,CASH_OUT,0,0
PAYSIM-0001984,CASH_OUT,0,0
PAYSIM-0001985,CASH_OUT,0,0
PAYSIM-0001986,CASH_OUT,0,0
PAYSIM-0001987,CASH_OUT,0,0
PAYSIM-0001988,CASH_OUT,0,0
PAYSIM-0001989,CASH_OUT,0,0
PAYSIM-0001990,CASH_OUT,0,0
PAYSIM-0001991,CASH_OUT,0,0
PAYSIM-0001992,CASH_OUT,0,0
PAYSIM-0001993,CASH_OUT,0,0
PAYSIM-0001994,CASH_OUT,0,0
PAYSIM-0001995,PAYMENT,0,0
PAYSIM-0001996,PAYMENT,0,0
PAYSIM-0001997,PAYMENT,0,0
PAYSIM-0001998,DEBIT,0,0
PAYSIM-0001999,CASH_OUT,0,0
PAYSIM-0002000,PAYMENT,0,0
PAYSIM-0002001,PAYMENT,0,0
PAYSIM-0002002,PAYMENT,0,0
PAYSIM-0002003,PAYMENT,0,0
PAYSIM-0002004,PAYMENT,0,0
PAYSIM-0002005,PAYMENT,0,0
PAYSIM-0002006,PAYMENT,0,0
PAYSIM-0002007,PAYMENT,0,0
PAYSIM-0002008,PAYMENT,0,0
PAYSIM-0002009,PAYMENT,0,0
PAYSIM-0002010,PAYMENT,0,0
PAYSIM-0002011,PAYMENT,0,0
PAYSIM-0002012,PAYMENT,0,0
PAYSIM-0002013,PAYMENT,0,0
PAYSIM-0002014,PAYMENT,0,0
PAYSIM-0002015,PAYMENT,0,0
PAYSIM-0002016,DEBIT,0,0
PAYSIM-0002017,PAYMENT,0,0
PAYSIM-0002018,PAYMENT,0,0
PAYSIM-0002019,PAYMENT,0,0
PAYSIM-0002020,PAYMENT,0,0
PAYSIM-0002021,PAYMENT,0,0
PAYSIM-0002022,PAYMENT,0,0
PAYSIM-0002023,PAYMENT,0,0
PAYSIM-0002024,PAYMENT,0,0
PAYSIM-0002025,PAYMENT,0,0
PAYSIM-0002026,CASH_IN,0,0
PAYSIM-0002027,PAYMENT,0,0
PAYSIM-0002028,PAYMENT,0,0
PAYSIM-0002029,PAYMENT,0,0
PAYSIM-0002030,PAYMENT,0,0
PAYSIM-0002031,PAYMENT,0,0
PAYSIM-0002032,PAYMENT,0,0
PAYSIM-0002033,PAYMENT,0,0
PAYSIM-0002034,CASH_OUT,0,0
PAYSIM-0002035,PAYMENT,0,0
PAYSIM-0002036,PAYMENT,0,0
PAYSIM-0002037,PAYMENT,0,0
PAYSIM-0002038,PAYMENT,0,0
PAYSIM-0002039,PAYMENT,0,0
PAYSIM-0002040,PAYMENT,0,0
PAYSIM-0002041,TRANSFER,0,0
PAYSIM-0002042,DEBIT,0,0
PAYSIM-0002043,PAYMENT,0,0
PAYSIM-0002044,PAYMENT,0,0
PAYSIM-0002045,DEBIT,0,0
PAYSIM-0002046,PAYMENT,0,0
PAYSIM-0002047,PAYMENT,0,0
PAYSIM-0002048,PAYMENT,0,0
PAYSIM-0002049,CASH_OUT,0,0
PAYSIM-0002050,PAYMENT,0,0
PAYSIM-0002051,PAYMENT,0,0
PAYSIM-0002052,PAYMENT,0,0
PAYSIM-0002053,PAYMENT,0,0
PAYSIM-0002054,PAYMENT,0,0
PAYSIM-0002055,PAYMENT,0,0
PAYSIM-0002056,CASH_OUT,0,0
PAYSIM-0002057,PAYMENT,0,0
PAYSIM-0002058,PAYMENT,0,0
PAYSIM-0002059,PAYMENT,0,0
PAYSIM-0002060,PAYMENT,0,0
PAYSIM-0002061,PAYMENT,0,0
PAYSIM-0002062,PAYMENT,0,0
PAYSIM-0002063,PAYMENT,0,0
PAYSIM-0002064,CASH_OUT,0,0
PAYSIM-0002065,CASH_IN,0,0
PAYSIM-0002066,PAYMENT,0,0
PAYSIM-0002067,PAYMENT,0,0
PAYSIM-0002068,PAYMENT,0,0
PAYSIM-0002069,TRANSFER,0,0
PAYSIM-0002070,PAYMENT,0,0
PAYSIM-0002071,PAYMENT,0,0
PAYSIM-0002072,PAYMENT,0,0
PAYSIM-0002073,PAYMENT,0,0
PAYSIM-0002074,PAYMENT,0,0
PAYSIM-0002075,PAYMENT,0,0
PAYSIM-0002076,PAYMENT,0,0
PAYSIM-0002077,DEBIT,0,0
PAYSIM-0002078,PAYMENT,0,0
PAYSIM-0002079,PAYMENT,0,0
PAYSIM-0002080,PAYMENT,0,0
PAYSIM-0002081,PAYMENT,0,0
PAYSIM-0002082,PAYMENT,0,0
PAYSIM-0002083,CASH_OUT,0,0
PAYSIM-0002084,PAYMENT,0,0
PAYSIM-0002085,PAYMENT,0,0
PAYSIM-0002086,PAYMENT,0,0
PAYSIM-0002087,PAYMENT,0,0
PAYSIM-0002088,PAYMENT,0,0
PAYSIM-0002089,PAYMENT,0,0
PAYSIM-0002090,PAYMENT,0,0
PAYSIM-0002091,PAYMENT,0,0
PAYSIM-0002092,PAYMENT,0,0
PAYSIM-0002093,PAYMENT,0,0
PAYSIM-0002094,PAYMENT,0,0
PAYSIM-0002095,PAYMENT,0,0
PAYSIM-0002096,PAYMENT,0,0
PAYSIM-0002097,PAYMENT,0,0
PAYSIM-0002098,PAYMENT,0,0
PAYSIM-0002099,PAYMENT,0,0
PAYSIM-0002100,PAYMENT,0,0
PAYSIM-0002101,PAYMENT,0,0
PAYSIM-0002102,PAYMENT,0,0
PAYSIM-0002103,PAYMENT,0,0
PAYSIM-0002104,TRANSFER,0,0
PAYSIM-0002105,DEBIT,0,0
PAYSIM-0002106,PAYMENT,0,0
PAYSIM-0002107,PAYMENT,0,0
PAYSIM-0002108,CASH_OUT,0,0
PAYSIM-0002109,DEBIT,0,0
PAYSIM-0002110,PAYMENT,0,0
PAYSIM-0002111,DEBIT,0,0
PAYSIM-0002112,TRANSFER,0,0
PAYSIM-0002113,PAYMENT,0,0
PAYSIM-0002114,PAYMENT,0,0
PAYSIM-0002115,PAYMENT,0,0
PAYSIM-0002116,PAYMENT,0,0
PAYSIM-0002117,PAYMENT,0,0
PAYSIM-0002118,PAYMENT,0,0
PAYSIM-0002119,PAYMENT,0,0
PAYSIM-0002120,PAYMENT,0,0
PAYSIM-0002121,PAYMENT,0,0
PAYSIM-0002122,PAYMENT,0,0
PAYSIM-0002123,PAYMENT,0,0
PAYSIM-0002124,TRANSFER,0,0
PAYSIM-0002125,PAYMENT,0,0
PAYSIM-0002126,TRANSFER,0,0
PAYSIM-0002127,CASH_IN,0,0
PAYSIM-0002128,CASH_IN,0,0
PAYSIM-0002129,CASH_IN,0,0
PAYSIM-0002130,CASH_IN,0,0
PAYSIM-0002131,CASH_IN,0,0
PAYSIM-0002132,CASH_IN,0,0
PAYSIM-0002133,CASH_IN,0,0
PAYSIM-0002134,CASH_IN,0,0
PAYSIM-0002135,CASH_IN,0,0
PAYSIM-0002136,CASH_IN,0,0
PAYSIM-0002137,CASH_IN,0,0
PAYSIM-0002138,CASH_IN,0,0
PAYSIM-0002139,CASH_IN,0,0
PAYSIM-0002140,CASH_IN,0,0
PAYSIM-0002141,CASH_IN,0,0
PAYSIM-0002142,CASH_IN,0,0
PAYSIM-0002143,CASH_IN,0,0
PAYSIM-0002144,CASH_IN,0,0
PAYSIM-0002145,CASH_IN,0,0
PAYSIM-0002146,CASH_IN,0,0
PAYSIM-0002147,CASH_IN,0,0
PAYSIM-0002148,CASH_IN,0,0
PAYSIM-0002149,CASH_IN,0,0
PAYSIM-0002150,CASH_IN,0,0
PAYSIM-0002151,CASH_IN,0,0
PAYSIM-0002152,CASH_IN,0,0
PAYSIM-0002153,CASH_IN,0,0
PAYSIM-0002154,CASH_IN,0,0
PAYSIM-0002155,CASH_IN,0,0
PAYSIM-0002156,CASH_IN,0,0
PAYSIM-0002157,CASH_IN,0,0
PAYSIM-0002158,CASH_IN,0,0
PAYSIM-0002159,CASH_IN,0,0
PAYSIM-0002160,CASH_IN,0,0
PAYSIM-0002161,CASH_IN,0,0
PAYSIM-0002162,CASH_IN,0,0
PAYSIM-0002163,CASH_IN,0,0
PAYSIM-0002164,CASH_IN,0,0
PAYSIM-0002165,CASH_IN,0,0
PAYSIM-0002166,CASH_IN,0,0
PAYSIM-0002167,CASH_IN,0,0
PAYSIM-0002168,CASH_IN,0,0
PAYSIM-0002169,CASH_IN,0,0
PAYSIM-0002170,CASH_IN,0,0
PAYSIM-0002171,CASH_IN,0,0
PAYSIM-0002172,CASH_IN,0,0
PAYSIM-0002173,CASH_IN,0,0
PAYSIM-0002174,CASH_IN,0,0
PAYSIM-0002175,CASH_IN,0,0
PAYSIM-0002176,CASH_IN,0,0
PAYSIM-0002177,CASH_IN,0,0
PAYSIM-0002178,CASH_IN,0,0
PAYSIM-0002179,CASH_IN,0,0
PAYSIM-0002180,CASH_IN,0,0
PAYSIM-0002181,CASH_IN,0,0
PAYSIM-0002182,CASH_IN,0,0
PAYSIM-0002183,CASH_IN,0,0
PAYSIM-0002184,CASH_IN,0,0
PAYSIM-0002185,CASH_IN,0,0
PAYSIM-0002186,CASH_IN,0,0
PAYSIM-0002187,CASH_IN,0,0
PAYSIM-0002188,CASH_IN,0,0
PAYSIM-0002189,CASH_IN,0,0
PAYSIM-0002190,CASH_IN,0,0
PAYSIM-0002191,PAYMENT,0,0
PAYSIM-0002192,PAYMENT,0,0
PAYSIM-0002193,PAYMENT,0,0
PAYSIM-0002194,CASH_OUT,0,0
PAYSIM-0002195,CASH_OUT,0,0
PAYSIM-0002196,PAYMENT,0,0
PAYSIM-0002197,PAYMENT,0,0
PAYSIM-0002198,PAYMENT,0,0
PAYSIM-0002199,PAYMENT,0,0
PAYSIM-0002200,TRANSFER,0,0
PAYSIM-0002201,PAYMENT,0,0
PAYSIM-0002202,CASH_OUT,0,0
PAYSIM-0002203,DEBIT,0,0
PAYSIM-0002204,PAYMENT,0,0
PAYSIM-0002205,PAYMENT,0,0
PAYSIM-0002206,PAYMENT,0,0
PAYSIM-0002207,PAYMENT,0,0
PAYSIM-0002208,PAYMENT,0,0
PAYSIM-0002209,TRANSFER,0,0
PAYSIM-0002210,TRANSFER,0,0
PAYSIM-0002211,TRANSFER,0,0
PAYSIM-0002212,TRANSFER,0,0
PAYSIM-0002213,DEBIT,0,0
PAYSIM-0002214,CASH_OUT,0,0
PAYSIM-0002215,PAYMENT,0,0
PAYSIM-0002216,PAYMENT,0,0
PAYSIM-0002217,PAYMENT,0,0
PAYSIM-0002218,PAYMENT,0,0
PAYSIM-0002219,PAYMENT,0,0
PAYSIM-0002220,PAYMENT,0,0
PAYSIM-0002221,CASH_OUT,0,0
PAYSIM-0002222,PAYMENT,0,0
PAYSIM-0002223,PAYMENT,0,0
PAYSIM-0002224,CASH_OUT,0,0
PAYSIM-0002225,PAYMENT,0,0
PAYSIM-0002226,PAYMENT,0,0
PAYSIM-0002227,DEBIT,0,0
PAYSIM-0002228,PAYMENT,0,0
PAYSIM-0002229,TRANSFER,0,0
PAYSIM-0002230,DEBIT,0,0
PAYSIM-0002231,PAYMENT,0,0
PAYSIM-0002232,PAYMENT,0,0
PAYSIM-0002233,PAYMENT,0,0
PAYSIM-0002234,CASH_OUT,0,0
PAYSIM-0002235,CASH_OUT,0,0
PAYSIM-0002236,DEBIT,0,0
PAYSIM-0002237,TRANSFER,0,0
PAYSIM-0002238,PAYMENT,0,0
PAYSIM-0002239,PAYMENT,0,0
PAYSIM-0002240,TRANSFER,0,0
PAYSIM-0002241,DEBIT,0,0
PAYSIM-0002242,PAYMENT,0,0
PAYSIM-0002243,PAYMENT,0,0
PAYSIM-0002244,CASH_IN,0,0
PAYSIM-0002245,CASH_IN,0,0
PAYSIM-0002246,CASH_IN,0,0
PAYSIM-0002247,CASH_IN,0,0
PAYSIM-0002248,CASH_IN,0,0
PAYSIM-0002249,CASH_IN,0,0
PAYSIM-0002250,CASH_IN,0,0
PAYSIM-0002251,CASH_IN,0,0
PAYSIM-0002252,CASH_IN,0,0
PAYSIM-0002253,CASH_IN,0,0
PAYSIM-0002254,CASH_IN,0,0
PAYSIM-0002255,CASH_IN,0,0
PAYSIM-0002256,CASH_IN,0,0
PAYSIM-0002257,CASH_IN,0,0
PAYSIM-0002258,CASH_IN,0,0
PAYSIM-0002259,CASH_IN,0,0
PAYSIM-0002260,CASH_IN,0,0
PAYSIM-0002261,CASH_IN,0,0
PAYSIM-0002262,CASH_IN,0,0
PAYSIM-0002263,CASH_IN,0,0
PAYSIM-0002264,CASH_IN,0,0
PAYSIM-0002265,CASH_IN,0,0
PAYSIM-0002266,CASH_IN,0,0
PAYSIM-0002267,CASH_IN,0,0
PAYSIM-0002268,PAYMENT,0,0
PAYSIM-0002269,CASH_IN,0,0
PAYSIM-0002270,CASH_IN,0,0
PAYSIM-0002271,CASH_IN,0,0
PAYSIM-0002272,CASH_IN,0,0
PAYSIM-0002273,CASH_IN,0,0
PAYSIM-0002274,CASH_IN,0,0
PAYSIM-0002275,CASH_IN,0,0
PAYSIM-0002276,CASH_IN,0,0
PAYSIM-0002277,CASH_IN,0,0
PAYSIM-0002278,CASH_IN,0,0
PAYSIM-0002279,CASH_IN,0,0
PAYSIM-0002280,CASH_IN,0,0
PAYSIM-0002281,CASH_IN,0,0
PAYSIM-0002282,CASH_IN,0,0
PAYSIM-0002283,CASH_IN,0,0
PAYSIM-0002284,CASH_IN,0,0
PAYSIM-0002285,CASH_IN,0,0
PAYSIM-0002286,CASH_IN,0,0
PAYSIM-0002287,CASH_IN,0,0
PAYSIM-0002288,CASH_IN,0,0
PAYSIM-0002289,CASH_IN,0,0
PAYSIM-0002290,CASH_IN,0,0
PAYSIM-0002291,CASH_IN,0,0
PAYSIM-0002292,CASH_IN,0,0
PAYSIM-0002293,CASH_IN,0,0
PAYSIM-0002294,CASH_IN,0,0
PAYSIM-0002295,DEBIT,0,0
PAYSIM-0002296,PAYMENT,0,0
PAYSIM-0002297,PAYMENT,0,0
PAYSIM-0002298,PAYMENT,0,0
PAYSIM-0002299,PAYMENT,0,0
PAYSIM-0002300,PAYMENT,0,0
PAYSIM-0002301,DEBIT,0,0
PAYSIM-0002302,TRANSFER,1,0
PAYSIM-0002303,CASH_OUT,1,0
PAYSIM-0002304,PAYMENT,0,0
PAYSIM-0002305,TRANSFER,0,0
PAYSIM-0002306,PAYMENT,0,0
PAYSIM-0002307,PAYMENT,0,0
PAYSIM-0002308,PAYMENT,0,0
PAYSIM-0002309,PAYMENT,0,0
PAYSIM-0002310,PAYMENT,0,0
PAYSIM-0002311,PAYMENT,0,0
PAYSIM-0002312,PAYMENT,0,0
PAYSIM-0002313,PAYMENT,0,0
PAYSIM-0002314,PAYMENT,0,0
PAYSIM-0002315,PAYMENT,0,0
PAYSIM-0002316,PAYMENT,0,0
PAYSIM-0002317,PAYMENT,0,0
PAYSIM-0002318,PAYMENT,0,0
PAYSIM-0002319,PAYMENT,0,0
PAYSIM-0002320,PAYMENT,0,0
PAYSIM-0002321,PAYMENT,0,0
PAYSIM-0002322,PAYMENT,0,0
PAYSIM-0002323,PAYMENT,0,0
PAYSIM-0002324,PAYMENT,0,0
PAYSIM-0002325,PAYMENT,0,0
PAYSIM-0002326,PAYMENT,0,0
PAYSIM-0002327,PAYMENT,0,0
PAYSIM-0002328,PAYMENT,0,0
PAYSIM-0002329,CASH_OUT,0,0
PAYSIM-0002330,PAYMENT,0,0
PAYSIM-0002331,PAYMENT,0,0
PAYSIM-0002332,PAYMENT,0,0
PAYSIM-0002333,DEBIT,0,0
PAYSIM-0002334,PAYMENT,0,0
PAYSIM-0002335,TRANSFER,0,0
PAYSIM-0002336,TRANSFER,0,0
PAYSIM-0002337,TRANSFER,0,0
PAYSIM-0002338,PAYMENT,0,0
PAYSIM-0002339,TRANSFER,0,0
PAYSIM-0002340,PAYMENT,0,0
PAYSIM-0002341,PAYMENT,0,0
PAYSIM-0002342,PAYMENT,0,0
PAYSIM-0002343,PAYMENT,0,0
PAYSIM-0002344,PAYMENT,0,0
PAYSIM-0002345,PAYMENT,0,0
PAYSIM-0002346,TRANSFER,0,0
PAYSIM-0002347,TRANSFER,0,0
PAYSIM-0002348,PAYMENT,0,0
PAYSIM-0002349,TRANSFER,0,0
PAYSIM-0002350,PAYMENT,0,0
PAYSIM-0002351,CASH_OUT,0,0
PAYSIM-0002352,CASH_OUT,0,0
PAYSIM-0002353,TRANSFER,0,0
PAYSIM-0002354,PAYMENT,0,0
PAYSIM-0002355,PAYMENT,0,0
PAYSIM-0002356,PAYMENT,0,0
PAYSIM-0002357,TRANSFER,0,0
PAYSIM-0002358,PAYMENT,0,0
PAYSIM-0002359,PAYMENT,0,0
PAYSIM-0002360,PAYMENT,0,0
PAYSIM-0002361,PAYMENT,0,0
PAYSIM-0002362,PAYMENT,0,0
PAYSIM-0002363,PAYMENT,0,0
PAYSIM-0002364,PAYMENT,0,0
PAYSIM-0002365,PAYMENT,0,0
PAYSIM-0002366,PAYMENT,0,0
PAYSIM-0002367,PAYMENT,0,0
PAYSIM-0002368,PAYMENT,0,0
PAYSIM-0002369,PAYMENT,0,0
PAYSIM-0002370,PAYMENT,0,0
PAYSIM-0002371,PAYMENT,0,0
PAYSIM-0002372,PAYMENT,0,0
PAYSIM-0002373,PAYMENT,0,0
PAYSIM-0002374,PAYMENT,0,0
PAYSIM-0002375,PAYMENT,0,0
PAYSIM-0002376,PAYMENT,0,0
PAYSIM-0002377,TRANSFER,0,0
PAYSIM-0002378,PAYMENT,0,0
PAYSIM-0002379,TRANSFER,0,0
PAYSIM-0002380,PAYMENT,0,0
PAYSIM-0002381,PAYMENT,0,0
PAYSIM-0002382,PAYMENT,0,0
PAYSIM-0002383,PAYMENT,0,0
PAYSIM-0002384,PAYMENT,0,0
PAYSIM-0002385,PAYMENT,0,0
PAYSIM-0002386,DEBIT,0,0
PAYSIM-0002387,DEBIT,0,0
PAYSIM-0002388,PAYMENT,0,0
PAYSIM-0002389,PAYMENT,0,0
PAYSIM-0002390,CASH_IN,0,0
PAYSIM-0002391,PAYMENT,0,0
PAYSIM-0002392,CASH_OUT,0,0
PAYSIM-0002393,PAYMENT,0,0
PAYSIM-0002394,PAYMENT,0,0
PAYSIM-0002395,PAYMENT,0,0
PAYSIM-0002396,CASH_OUT,0,0
PAYSIM-0002397,PAYMENT,0,0
PAYSIM-0002398,DEBIT,0,0
PAYSIM-0002399,PAYMENT,0,0
PAYSIM-0002400,PAYMENT,0,0
PAYSIM-0002401,PAYMENT,0,0
PAYSIM-0002402,PAYMENT,0,0
PAYSIM-0002403,PAYMENT,0,0
PAYSIM-0002404,PAYMENT,0,0
PAYSIM-0002405,DEBIT,0,0
PAYSIM-0002406,PAYMENT,0,0
PAYSIM-0002407,PAYMENT,0,0
PAYSIM-0002408,TRANSFER,0,0
PAYSIM-0002409,PAYMENT,0,0
PAYSIM-0002410,PAYMENT,0,0
PAYSIM-0002411,CASH_OUT,0,0
PAYSIM-0002412,PAYMENT,0,0
PAYSIM-0002413,PAYMENT,0,0
PAYSIM-0002414,DEBIT,0,0
PAYSIM-0002415,TRANSFER,0,0
PAYSIM-0002416,PAYMENT,0,0
PAYSIM-0002417,PAYMENT,0,0
PAYSIM-0002418,DEBIT,0,0
PAYSIM-0002419,PAYMENT,0,0
PAYSIM-0002420,PAYMENT,0,0
PAYSIM-0002421,PAYMENT,0,0
PAYSIM-0002422,PAYMENT,0,0
PAYSIM-0002423,PAYMENT,0,0
PAYSIM-0002424,PAYMENT,0,0
PAYSIM-0002425,PAYMENT,0,0
PAYSIM-0002426,PAYMENT,0,0
PAYSIM-0002427,PAYMENT,0,0
PAYSIM-0002428,PAYMENT,0,0
PAYSIM-0002429,PAYMENT,0,0
PAYSIM-0002430,PAYMENT,0,0
PAYSIM-0002431,PAYMENT,0,0
PAYSIM-0002432,PAYMENT,0,0
PAYSIM-0002433,PAYMENT,0,0
PAYSIM-0002434,PAYMENT,0,0
PAYSIM-0002435,PAYMENT,0,0
PAYSIM-0002436,PAYMENT,0,0
PAYSIM-0002437,PAYMENT,0,0
PAYSIM-0002438,PAYMENT,0,0
PAYSIM-0002439,PAYMENT,0,0
PAYSIM-0002440,PAYMENT,0,0
PAYSIM-0002441,PAYMENT,0,0
PAYSIM-0002442,CASH_OUT,0,0
PAYSIM-0002443,PAYMENT,0,0
PAYSIM-0002444,CASH_OUT,0,0
PAYSIM-0002445,PAYMENT,0,0
PAYSIM-0002446,PAYMENT,0,0
PAYSIM-0002447,DEBIT,0,0
PAYSIM-0002448,PAYMENT,0,0
PAYSIM-0002449,PAYMENT,0,0
PAYSIM-0002450,PAYMENT,0,0
PAYSIM-0002451,PAYMENT,0,0
PAYSIM-0002452,PAYMENT,0,0
PAYSIM-0002453,PAYMENT,0,0
PAYSIM-0002454,CASH_IN,0,0
PAYSIM-0002455,PAYMENT,0,0
PAYSIM-0002456,PAYMENT,0,0
PAYSIM-0002457,PAYMENT,0,0
PAYSIM-0002458,CASH_OUT,0,0
PAYSIM-0002459,CASH_OUT,0,0
PAYSIM-0002460,CASH_OUT,0,0
PAYSIM-0002461,CASH_OUT,0,0
PAYSIM-0002462,CASH_OUT,0,0
PAYSIM-0002463,CASH_OUT,0,0
PAYSIM-0002464,CASH_OUT,0,0
PAYSIM-0002465,CASH_OUT,0,0
PAYSIM-0002466,PAYMENT,0,0
PAYSIM-0002467,PAYMENT,0,0
PAYSIM-0002468,PAYMENT,0,0
PAYSIM-0002469,PAYMENT,0,0
PAYSIM-0002470,PAYMENT,0,0
PAYSIM-0002471,PAYMENT,0,0
PAYSIM-0002472,PAYMENT,0,0
PAYSIM-0002473,PAYMENT,0,0
PAYSIM-0002474,DEBIT,0,0
PAYSIM-0002475,TRANSFER,0,0
PAYSIM-0002476,PAYMENT,0,0
PAYSIM-0002477,DEBIT,0,0
PAYSIM-0002478,CASH_OUT,0,0
PAYSIM-0002479,PAYMENT,0,0
PAYSIM-0002480,CASH_OUT,0,0
PAYSIM-0002481,TRANSFER,0,0
PAYSIM-0002482,PAYMENT,0,0
PAYSIM-0002483,PAYMENT,0,0
PAYSIM-0002484,CASH_IN,0,0
PAYSIM-0002485,CASH_IN,0,0
PAYSIM-0002486,CASH_IN,0,0
PAYSIM-0002487,CASH_IN,0,0
PAYSIM-0002488,CASH_IN,0,0
PAYSIM-0002489,CASH_IN,0,0
PAYSIM-0002490,CASH_IN,0,0
PAYSIM-0002491,CASH_IN,0,0
PAYSIM-0002492,CASH_IN,0,0
PAYSIM-0002493,CASH_IN,0,0
PAYSIM-0002494,CASH_IN,0,0
PAYSIM-0002495,PAYMENT,0,0
PAYSIM-0002496,CASH_IN,0,0
PAYSIM-0002497,PAYMENT,0,0
PAYSIM-0002498,PAYMENT,0,0
PAYSIM-0002499,DEBIT,0,0
PAYSIM-0002500,PAYMENT,0,0
PAYSIM-0002501,CASH_IN,0,0
PAYSIM-0002502,CASH_IN,0,0
PAYSIM-0002503,CASH_IN,0,0
PAYSIM-0002504,CASH_IN,0,0
PAYSIM-0002505,CASH_IN,0,0
PAYSIM-0002506,CASH_IN,0,0
PAYSIM-0002507,CASH_IN,0,0
PAYSIM-0002508,CASH_IN,0,0
PAYSIM-0002509,CASH_IN,0,0
PAYSIM-0002510,CASH_IN,0,0
PAYSIM-0002511,CASH_IN,0,0
PAYSIM-0002512,CASH_IN,0,0
PAYSIM-0002513,CASH_IN,0,0
PAYSIM-0002514,CASH_IN,0,0
PAYSIM-0002515,CASH_IN,0,0
PAYSIM-0002516,CASH_IN,0,0
PAYSIM-0002517,CASH_IN,0,0
PAYSIM-0002518,CASH_IN,0,0
PAYSIM-0002519,CASH_IN,0,0
PAYSIM-0002520,CASH_IN,0,0
PAYSIM-0002521,CASH_IN,0,0
PAYSIM-0002522,CASH_IN,0,0
PAYSIM-0002523,CASH_IN,0,0
PAYSIM-0002524,CASH_IN,0,0
PAYSIM-0002525,PAYMENT,0,0
PAYSIM-0002526,PAYMENT,0,0
PAYSIM-0002527,PAYMENT,0,0
PAYSIM-0002528,PAYMENT,0,0
PAYSIM-0002529,PAYMENT,0,0
PAYSIM-0002530,PAYMENT,0,0
PAYSIM-0002531,PAYMENT,0,0
PAYSIM-0002532,PAYMENT,0,0
PAYSIM-0002533,PAYMENT,0,0
PAYSIM-0002534,PAYMENT,0,0
PAYSIM-0002535,PAYMENT,0,0
PAYSIM-0002536,PAYMENT,0,0
PAYSIM-0002537,PAYMENT,0,0
PAYSIM-0002538,PAYMENT,0,0
PAYSIM-0002539,PAYMENT,0,0
PAYSIM-0002540,PAYMENT,0,0
PAYSIM-0002541,PAYMENT,0,0
PAYSIM-0002542,PAYMENT,0,0
PAYSIM-0002543,PAYMENT,0,0
PAYSIM-0002544,PAYMENT,0,0
PAYSIM-0002545,PAYMENT,0,0
PAYSIM-0002546,PAYMENT,0,0
PAYSIM-0002547,PAYMENT,0,0
PAYSIM-0002548,PAYMENT,0,0
PAYSIM-0002549,PAYMENT,0,0
PAYSIM-0002550,PAYMENT,0,0
PAYSIM-0002551,PAYMENT,0,0
PAYSIM-0002552,PAYMENT,0,0
PAYSIM-0002553,CASH_OUT,0,0
PAYSIM-0002554,PAYMENT,0,0
PAYSIM-0002555,PAYMENT,0,0
PAYSIM-0002556,PAYMENT,0,0
PAYSIM-0002557,PAYMENT,0,0
PAYSIM-0002558,PAYMENT,0,0
PAYSIM-0002559,PAYMENT,0,0
PAYSIM-0002560,DEBIT,0,0
PAYSIM-0002561,PAYMENT,0,0
PAYSIM-0002562,TRANSFER,0,0
PAYSIM-0002563,PAYMENT,0,0
PAYSIM-0002564,PAYMENT,0,0
PAYSIM-0002565,PAYMENT,0,0
PAYSIM-0002566,CASH_IN,0,0
PAYSIM-0002567,CASH_OUT,0,0
PAYSIM-0002568,PAYMENT,0,0
PAYSIM-0002569,CASH_OUT,0,0
PAYSIM-0002570,PAYMENT,0,0
PAYSIM-0002571,PAYMENT,0,0
PAYSIM-0002572,PAYMENT,0,0
PAYSIM-0002573,DEBIT,0,0
PAYSIM-0002574,PAYMENT,0,0
PAYSIM-0002575,PAYMENT,0,0
PAYSIM-0002576,DEBIT,0,0
PAYSIM-0002577,PAYMENT,0,0
PAYSIM-0002578,PAYMENT,0,0
PAYSIM-0002579,PAYMENT,0,0
PAYSIM-0002580,PAYMENT,0,0
PAYSIM-0002581,TRANSFER,0,0
PAYSIM-0002582,TRANSFER,0,0
PAYSIM-0002583,TRANSFER,0,0
PAYSIM-0002584,TRANSFER,0,0
PAYSIM-0002585,TRANSFER,0,0
PAYSIM-0002586,TRANSFER,0,0
PAYSIM-0002587,TRANSFER,0,0
PAYSIM-0002588,TRANSFER,0,0
PAYSIM-0002589,TRANSFER,0,0
PAYSIM-0002590,TRANSFER,0,0
PAYSIM-0002591,TRANSFER,0,0
PAYSIM-0002592,TRANSFER,0,0
PAYSIM-0002593,TRANSFER,0,0
PAYSIM-0002594,TRANSFER,0,0
PAYSIM-0002595,TRANSFER,0,0
PAYSIM-0002596,TRANSFER,0,0
PAYSIM-0002597,DEBIT,0,0
PAYSIM-0002598,PAYMENT,0,0
PAYSIM-0002599,PAYMENT,0,0
PAYSIM-0002600,PAYMENT,0,0
PAYSIM-0002601,TRANSFER,0,0
PAYSIM-0002602,PAYMENT,0,0
PAYSIM-0002603,CASH_OUT,0,0
PAYSIM-0002604,PAYMENT,0,0
PAYSIM-0002605,PAYMENT,0,0
PAYSIM-0002606,PAYMENT,0,0
PAYSIM-0002607,PAYMENT,0,0
PAYSIM-0002608,PAYMENT,0,0
PAYSIM-0002609,PAYMENT,0,0
PAYSIM-0002610,PAYMENT,0,0
PAYSIM-0002611,PAYMENT,0,0
PAYSIM-0002612,PAYMENT,0,0
PAYSIM-0002613,PAYMENT,0,0
PAYSIM-0002614,PAYMENT,0,0
PAYSIM-0002615,PAYMENT,0,0
PAYSIM-0002616,PAYMENT,0,0
PAYSIM-0002617,PAYMENT,0,0
PAYSIM-0002618,DEBIT,0,0
PAYSIM-0002619,PAYMENT,0,0
PAYSIM-0002620,PAYMENT,0,0
PAYSIM-0002621,PAYMENT,0,0
PAYSIM-0002622,PAYMENT,0,0
PAYSIM-0002623,PAYMENT,0,0
PAYSIM-0002624,PAYMENT,0,0
PAYSIM-0002625,PAYMENT,0,0
PAYSIM-0002626,PAYMENT,0,0
PAYSIM-0002627,PAYMENT,0,0
PAYSIM-0002628,PAYMENT,0,0
PAYSIM-0002629,PAYMENT,0,0
PAYSIM-0002630,DEBIT,0,0
PAYSIM-0002631,PAYMENT,0,0
PAYSIM-0002632,PAYMENT,0,0
PAYSIM-0002633,CASH_OUT,0,0
PAYSIM-0002634,CASH_OUT,0,0
PAYSIM-0002635,PAYMENT,0,0
PAYSIM-0002636,PAYMENT,0,0
PAYSIM-0002637,PAYMENT,0,0
PAYSIM-0002638,PAYMENT,0,0
PAYSIM-0002639,PAYMENT,0,0
PAYSIM-0002640,CASH_OUT,0,0
PAYSIM-0002641,PAYMENT,0,0
PAYSIM-0002642,PAYMENT,0,0
PAYSIM-0002643,PAYMENT,0,0
PAYSIM-0002644,CASH_IN,0,0
PAYSIM-0002645,CASH_IN,0,0
PAYSIM-0002646,CASH_IN,0,0
PAYSIM-0002647,CASH_IN,0,0
PAYSIM-0002648,CASH_IN,0,0
PAYSIM-0002649,CASH_IN,0,0
PAYSIM-0002650,CASH_IN,0,0
PAYSIM-0002651,CASH_IN,0,0
PAYSIM-0002652,CASH_IN,0,0
PAYSIM-0002653,CASH_IN,0,0
PAYSIM-0002654,CASH_IN,0,0
PAYSIM-0002655,CASH_IN,0,0
PAYSIM-0002656,CASH_IN,0,0
PAYSIM-0002657,CASH_IN,0,0
PAYSIM-0002658,CASH_IN,0,0
PAYSIM-0002659,CASH_IN,0,0
PAYSIM-0002660,CASH_IN,0,0
PAYSIM-0002661,CASH_IN,0,0
PAYSIM-0002662,CASH_IN,0,0
PAYSIM-0002663,CASH_IN,0,0
PAYSIM-0002664,CASH_IN,0,0
PAYSIM-0002665,CASH_IN,0,0
PAYSIM-0002666,CASH_IN,0,0
PAYSIM-0002667,CASH_IN,0,0
PAYSIM-0002668,CASH_IN,0,0
PAYSIM-0002669,CASH_IN,0,0
PAYSIM-0002670,CASH_IN,0,0
PAYSIM-0002671,CASH_IN,0,0
PAYSIM-0002672,CASH_IN,0,0
PAYSIM-0002673,CASH_IN,0,0
PAYSIM-0002674,CASH_IN,0,0
PAYSIM-0002675,CASH_IN,0,0
PAYSIM-0002676,CASH_IN,0,0
PAYSIM-0002677,CASH_IN,0,0
PAYSIM-0002678,CASH_IN,0,0
PAYSIM-0002679,CASH_IN,0,0
PAYSIM-0002680,CASH_IN,0,0
PAYSIM-0002681,CASH_IN,0,0
PAYSIM-0002682,CASH_IN,0,0
PAYSIM-0002683,CASH_IN,0,0
PAYSIM-0002684,CASH_IN,0,0
PAYSIM-0002685,CASH_IN,0,0
PAYSIM-0002686,CASH_IN,0,0
PAYSIM-0002687,CASH_IN,0,0
PAYSIM-0002688,CASH_IN,0,0
PAYSIM-0002689,CASH_IN,0,0
PAYSIM-0002690,CASH_IN,0,0
PAYSIM-0002691,CASH_IN,0,0
PAYSIM-0002692,CASH_IN,0,0
PAYSIM-0002693,CASH_IN,0,0
PAYSIM-0002694,CASH_IN,0,0
PAYSIM-0002695,CASH_IN,0,0
PAYSIM-0002696,CASH_IN,0,0
PAYSIM-0002697,CASH_IN,0,0
PAYSIM-0002698,CASH_IN,0,0
PAYSIM-0002699,CASH_IN,0,0
PAYSIM-0002700,CASH_IN,0,0
PAYSIM-0002701,CASH_IN,0,0
PAYSIM-0002702,CASH_IN,0,0
PAYSIM-0002703,CASH_IN,0,0
PAYSIM-0002704,CASH_IN,0,0
PAYSIM-0002705,PAYMENT,0,0
PAYSIM-0002706,PAYMENT,0,0
PAYSIM-0002707,PAYMENT,0,0
PAYSIM-0002708,PAYMENT,0,0
PAYSIM-0002709,PAYMENT,0,0
PAYSIM-0002710,PAYMENT,0,0
PAYSIM-0002711,PAYMENT,0,0
PAYSIM-0002712,PAYMENT,0,0
PAYSIM-0002713,PAYMENT,0,0
PAYSIM-0002714,PAYMENT,0,0
PAYSIM-0002715,PAYMENT,0,0
PAYSIM-0002716,PAYMENT,0,0
PAYSIM-0002717,PAYMENT,0,0
PAYSIM-0002718,PAYMENT,0,0
PAYSIM-0002719,PAYMENT,0,0
PAYSIM-0002720,PAYMENT,0,0
PAYSIM-0002721,PAYMENT,0,0
PAYSIM-0002722,CASH_IN,0,0
PAYSIM-0002723,PAYMENT,0,0
PAYSIM-0002724,PAYMENT,0,0
PAYSIM-0002725,PAYMENT,0,0
PAYSIM-0002726,DEBIT,0,0
PAYSIM-0002727,PAYMENT,0,0
PAYSIM-0002728,PAYMENT,0,0
PAYSIM-0002729,PAYMENT,0,0
PAYSIM-0002730,PAYMENT,0,0
PAYSIM-0002731,PAYMENT,0,0
PAYSIM-0002732,PAYMENT,0,0
PAYSIM-0002733,PAYMENT,0,0
PAYSIM-0002734,PAYMENT,0,0
PAYSIM-0002735,PAYMENT,0,0
PAYSIM-0002736,PAYMENT,0,0
PAYSIM-0002737,PAYMENT,0,0
PAYSIM-0002738,PAYMENT,0,0
PAYSIM-0002739,PAYMENT,0,0
PAYSIM-0002740,PAYMENT,0,0
PAYSIM-0002741,CASH_IN,0,0
PAYSIM-0002742,CASH_IN,0,0
PAYSIM-0002743,CASH_IN,0,0
PAYSIM-0002744,CASH_IN,0,0
PAYSIM-0002745,CASH_IN,0,0
PAYSIM-0002746,CASH_IN,0,0
PAYSIM-0002747,CASH_IN,0,0
PAYSIM-0002748,CASH_IN,0,0
PAYSIM-0002749,CASH_IN,0,0
PAYSIM-0002750,CASH_IN,0,0
PAYSIM-0002751,CASH_IN,0,0
PAYSIM-0002752,CASH_IN,0,0
PAYSIM-0002753,CASH_IN,0,0
PAYSIM-0002754,CASH_IN,0,0
PAYSIM-0002755,CASH_IN,0,0
PAYSIM-0002756,CASH_IN,0,0
PAYSIM-0002757,CASH_IN,0,0
PAYSIM-0002758,CASH_IN,0,0
PAYSIM-0002759,CASH_IN,0,0
PAYSIM-0002760,CASH_IN,0,0
PAYSIM-0002761,CASH_IN,0,0
PAYSIM-0002762,CASH_IN,0,0
PAYSIM-0002763,CASH_IN,0,0
PAYSIM-0002764,CASH_IN,0,0
PAYSIM-0002765,CASH_IN,0,0
PAYSIM-0002766,CASH_IN,0,0
PAYSIM-0002767,CASH_IN,0,0
PAYSIM-0002768,CASH_IN,0,0
PAYSIM-0002769,CASH_IN,0,0
PAYSIM-0002770,CASH_IN,0,0
PAYSIM-0002771,CASH_IN,0,0
PAYSIM-0002772,CASH_IN,0,0
PAYSIM-0002773,CASH_IN,0,0
PAYSIM-0002774,CASH_IN,0,0
PAYSIM-0002775,CASH_IN,0,0
PAYSIM-0002776,CASH_IN,0,0
PAYSIM-0002777,CASH_IN,0,0
PAYSIM-0002778,CASH_IN,0,0
PAYSIM-0002779,CASH_IN,0,0
PAYSIM-0002780,CASH_IN,0,0
PAYSIM-0002781,CASH_IN,0,0
PAYSIM-0002782,CASH_IN,0,0
PAYSIM-0002783,CASH_IN,0,0
PAYSIM-0002784,CASH_IN,0,0
PAYSIM-0002785,CASH_IN,0,0
PAYSIM-0002786,CASH_IN,0,0
PAYSIM-0002787,CASH_IN,0,0
PAYSIM-0002788,CASH_IN,0,0
PAYSIM-0002789,CASH_IN,0,0
PAYSIM-0002790,CASH_IN,0,0
PAYSIM-0002791,CASH_IN,0,0
PAYSIM-0002792,CASH_IN,0,0
PAYSIM-0002793,CASH_IN,0,0
PAYSIM-0002794,CASH_IN,0,0
PAYSIM-0002795,CASH_IN,0,0
PAYSIM-0002796,CASH_IN,0,0
PAYSIM-0002797,CASH_IN,0,0
PAYSIM-0002798,PAYMENT,0,0
PAYSIM-0002799,TRANSFER,0,0
PAYSIM-0002800,PAYMENT,0,0
PAYSIM-0002801,TRANSFER,0,0
PAYSIM-0002802,TRANSFER,0,0
PAYSIM-0002803,TRANSFER,0,0
PAYSIM-0002804,TRANSFER,0,0
PAYSIM-0002805,PAYMENT,0,0
PAYSIM-0002806,DEBIT,0,0
PAYSIM-0002807,PAYMENT,0,0
PAYSIM-0002808,PAYMENT,0,0
PAYSIM-0002809,CASH_OUT,0,0
PAYSIM-0002810,PAYMENT,0,0
PAYSIM-0002811,PAYMENT,0,0
PAYSIM-0002812,CASH_OUT,0,0
PAYSIM-0002813,PAYMENT,0,0
PAYSIM-0002814,PAYMENT,0,0
PAYSIM-0002815,PAYMENT,0,0
PAYSIM-0002816,DEBIT,0,0
PAYSIM-0002817,PAYMENT,0,0
PAYSIM-0002818,PAYMENT,0,0
PAYSIM-0002819,CASH_OUT,0,0
PAYSIM-0002820,PAYMENT,0,0
PAYSIM-0002821,PAYMENT,0,0
PAYSIM-0002822,PAYMENT,0,0
PAYSIM-0002823,PAYMENT,0,0
PAYSIM-0002824,PAYMENT,0,0
PAYSIM-0002825,DEBIT,0,0
PAYSIM-0002826,TRANSFER,0,0
PAYSIM-0002827,DEBIT,0,0
PAYSIM-0002828,PAYMENT,0,0
PAYSIM-0002829,PAYMENT,0,0
PAYSIM-0002830,PAYMENT,0,0
PAYSIM-0002831,CASH_OUT,0,0
PAYSIM-0002832,PAYMENT,0,0
PAYSIM-0002833,DEBIT,0,0
PAYSIM-0002834,PAYMENT,0,0
PAYSIM-0002835,TRANSFER,0,0
PAYSIM-0002836,PAYMENT,0,0
PAYSIM-0002837,PAYMENT,0,0
PAYSIM-0002838,PAYMENT,0,0
PAYSIM-0002839,PAYMENT,0,0
PAYSIM-0002840,PAYMENT,0,0
PAYSIM-0002841,PAYMENT,0,0
PAYSIM-0002842,PAYMENT,0,0
PAYSIM-0002843,PAYMENT,0,0
PAYSIM-0002844,PAYMENT,0,0
PAYSIM-0002845,PAYMENT,0,0
PAYSIM-0002846,CASH_OUT,0,0
PAYSIM-0002847,PAYMENT,0,0
PAYSIM-0002848,PAYMENT,0,0
PAYSIM-0002849,PAYMENT,0,0
PAYSIM-0002850,PAYMENT,0,0
PAYSIM-0002851,DEBIT,0,0
PAYSIM-0002852,PAYMENT,0,0
PAYSIM-0002853,PAYMENT,0,0
PAYSIM-0002854,TRANSFER,0,0
PAYSIM-0002855,DEBIT,0,0
PAYSIM-0002856,PAYMENT,0,0
PAYSIM-0002857,PAYMENT,0,0
PAYSIM-0002858,DEBIT,0,0
PAYSIM-0002859,PAYMENT,0,0
PAYSIM-0002860,PAYMENT,0,0
PAYSIM-0002861,PAYMENT,0,0
PAYSIM-0002862,PAYMENT,0,0
PAYSIM-0002863,PAYMENT,0,0
PAYSIM-0002864,PAYMENT,0,0
PAYSIM-0002865,PAYMENT,0,0
PAYSIM-0002866,PAYMENT,0,0
PAYSIM-0002867,PAYMENT,0,0
PAYSIM-0002868,PAYMENT,0,0
PAYSIM-0002869,PAYMENT,0,0
PAYSIM-0002870,PAYMENT,0,0
PAYSIM-0002871,PAYMENT,0,0
PAYSIM-0002872,PAYMENT,0,0
PAYSIM-0002873,PAYMENT,0,0
PAYSIM-0002874,PAYMENT,0,0
PAYSIM-0002875,CASH_OUT,0,0
PAYSIM-0002876,PAYMENT,0,0
PAYSIM-0002877,PAYMENT,0,0
PAYSIM-0002878,PAYMENT,0,0
PAYSIM-0002879,PAYMENT,0,0
PAYSIM-0002880,PAYMENT,0,0
PAYSIM-0002881,DEBIT,0,0
PAYSIM-0002882,PAYMENT,0,0
PAYSIM-0002883,PAYMENT,0,0
PAYSIM-0002884,PAYMENT,0,0
PAYSIM-0002885,PAYMENT,0,0
PAYSIM-0002886,PAYMENT,0,0
PAYSIM-0002887,CASH_OUT,0,0
PAYSIM-0002888,PAYMENT,0,0
PAYSIM-0002889,CASH_OUT,0,0
PAYSIM-0002890,PAYMENT,0,0
PAYSIM-0002891,DEBIT,0,0
PAYSIM-0002892,PAYMENT,0,0
PAYSIM-0002893,CASH_IN,0,0
PAYSIM-0002894,CASH_IN,0,0
PAYSIM-0002895,CASH_IN,0,0
PAYSIM-0002896,CASH_IN,0,0
PAYSIM-0002897,CASH_IN,0,0
PAYSIM-0002898,CASH_IN,0,0
PAYSIM-0002899,CASH_IN,0,0
PAYSIM-0002900,CASH_IN,0,0
PAYSIM-0002901,CASH_IN,0,0
PAYSIM-0002902,CASH_IN,0,0
PAYSIM-0002903,CASH_IN,0,0
PAYSIM-0002904,CASH_IN,0,0
PAYSIM-0002905,CASH_IN,0,0
PAYSIM-0002906,CASH_IN,0,0
PAYSIM-0002907,CASH_IN,0,0
PAYSIM-0002908,CASH_IN,0,0
PAYSIM-0002909,CASH_IN,0,0
PAYSIM-0002910,CASH_IN,0,0
PAYSIM-0002911,CASH_IN,0,0
PAYSIM-0002912,CASH_IN,0,0
PAYSIM-0002913,CASH_IN,0,0
PAYSIM-0002914,CASH_IN,0,0
PAYSIM-0002915,CASH_IN,0,0
PAYSIM-0002916,CASH_IN,0,0
PAYSIM-0002917,CASH_IN,0,0
PAYSIM-0002918,CASH_IN,0,0
PAYSIM-0002919,CASH_IN,0,0
PAYSIM-0002920,CASH_IN,0,0
PAYSIM-0002921,CASH_IN,0,0
PAYSIM-0002922,CASH_IN,0,0
PAYSIM-0002923,CASH_IN,0,0
PAYSIM-0002924,CASH_IN,0,0
PAYSIM-0002925,CASH_IN,0,0
PAYSIM-0002926,CASH_IN,0,0
PAYSIM-0002927,CASH_IN,0,0
PAYSIM-0002928,CASH_IN,0,0
PAYSIM-0002929,CASH_IN,0,0
PAYSIM-0002930,CASH_IN,0,0
PAYSIM-0002931,CASH_IN,0,0
PAYSIM-0002932,CASH_IN,0,0
PAYSIM-0002933,CASH_IN,0,0
PAYSIM-0002934,CASH_IN,0,0
PAYSIM-0002935,CASH_IN,0,0
PAYSIM-0002936,CASH_IN,0,0
PAYSIM-0002937,CASH_IN,0,0
PAYSIM-0002938,CASH_IN,0,0
PAYSIM-0002939,CASH_IN,0,0
PAYSIM-0002940,CASH_IN,0,0
PAYSIM-0002941,CASH_IN,0,0
PAYSIM-0002942,CASH_IN,0,0
PAYSIM-0002943,CASH_IN,0,0
PAYSIM-0002944,CASH_IN,0,0
PAYSIM-0002945,CASH_IN,0,0
PAYSIM-0002946,CASH_IN,0,0
PAYSIM-0002947,CASH_IN,0,0
PAYSIM-0002948,CASH_IN,0,0
PAYSIM-0002949,CASH_IN,0,0
PAYSIM-0002950,CASH_IN,0,0
PAYSIM-0002951,CASH_IN,0,0
PAYSIM-0002952,CASH_IN,0,0
PAYSIM-0002953,CASH_IN,0,0
PAYSIM-0002954,CASH_IN,0,0
PAYSIM-0002955,CASH_IN,0,0
PAYSIM-0002956,CASH_IN,0,0
PAYSIM-0002957,CASH_IN,0,0
PAYSIM-0002958,CASH_IN,0,0
PAYSIM-0002959,PAYMENT,0,0
PAYSIM-0002960,PAYMENT,0,0
PAYSIM-0002961,DEBIT,0,0
PAYSIM-0002962,CASH_OUT,0,0
PAYSIM-0002963,PAYMENT,0,0
PAYSIM-0002964,DEBIT,0,0
PAYSIM-0002965,PAYMENT,0,0
PAYSIM-0002966,TRANSFER,0,0
PAYSIM-0002967,PAYMENT,0,0
PAYSIM-0002968,DEBIT,0,0
PAYSIM-0002969,PAYMENT,0,0
PAYSIM-0002970,PAYMENT,0,0
PAYSIM-0002971,PAYMENT,0,0
PAYSIM-0002972,PAYMENT,0,0
PAYSIM-0002973,PAYMENT,0,0
PAYSIM-0002974,PAYMENT,0,0
PAYSIM-0002975,PAYMENT,0,0
PAYSIM-0002976,PAYMENT,0,0
PAYSIM-0002977,TRANSFER,0,0
PAYSIM-0002978,PAYMENT,0,0
PAYSIM-0002979,PAYMENT,0,0
PAYSIM-0002980,PAYMENT,0,0
PAYSIM-0002981,PAYMENT,0,0
PAYSIM-0002982,PAYMENT,0,0
PAYSIM-0002983,PAYMENT,0,0
PAYSIM-0002984,PAYMENT,0,0
PAYSIM-0002985,PAYMENT,0,0
PAYSIM-0002986,PAYMENT,0,0
PAYSIM-0002987,PAYMENT,0,0
PAYSIM-0002988,PAYMENT,0,0
PAYSIM-0002989,PAYMENT,0,0
PAYSIM-0002990,PAYMENT,0,0
PAYSIM-0002991,PAYMENT,0,0
PAYSIM-0002992,PAYMENT,0,0
PAYSIM-0002993,PAYMENT,0,0
PAYSIM-0002994,PAYMENT,0,0
PAYSIM-0002995,PAYMENT,0,0
PAYSIM-0002996,CASH_IN,0,0
PAYSIM-0002997,PAYMENT,0,0
PAYSIM-0002998,PAYMENT,0,0
PAYSIM-0002999,PAYMENT,0,0
PAYSIM-0003000,PAYMENT,0,0
PAYSIM-0003001,PAYMENT,0,0
PAYSIM-0003002,PAYMENT,0,0
PAYSIM-0003003,PAYMENT,0,0
PAYSIM-0003004,PAYMENT,0,0
PAYSIM-0003005,PAYMENT,0,0
PAYSIM-0003006,PAYMENT,0,0
PAYSIM-0003007,DEBIT,0,0
PAYSIM-0003008,PAYMENT,0,0
PAYSIM-0003009,PAYMENT,0,0
PAYSIM-0003010,CASH_OUT,0,0
PAYSIM-0003011,CASH_OUT,0,0
PAYSIM-0003012,CASH_OUT,0,0
PAYSIM-0003013,CASH_OUT,0,0
PAYSIM-0003014,CASH_OUT,0,0
PAYSIM-0003015,CASH_OUT,0,0
PAYSIM-0003016,CASH_OUT,0,0
PAYSIM-0003017,CASH_OUT,0,0
PAYSIM-0003018,CASH_OUT,0,0
PAYSIM-0003019,CASH_OUT,0,0
PAYSIM-0003020,CASH_OUT,0,0
PAYSIM-0003021,CASH_OUT,0,0
PAYSIM-0003022,PAYMENT,0,0
PAYSIM-0003023,PAYMENT,0,0
PAYSIM-0003024,PAYMENT,0,0
PAYSIM-0003025,PAYMENT,0,0
PAYSIM-0003026,PAYMENT,0,0
PAYSIM-0003027,PAYMENT,0,0
PAYSIM-0003028,PAYMENT,0,0
PAYSIM-0003029,PAYMENT,0,0
PAYSIM-0003030,CASH_OUT,0,0
PAYSIM-0003031,PAYMENT,0,0
PAYSIM-0003032,PAYMENT,0,0
PAYSIM-0003033,PAYMENT,0,0
PAYSIM-0003034,DEBIT,0,0
PAYSIM-0003035,PAYMENT,0,0
PAYSIM-0003036,CASH_OUT,0,0
PAYSIM-0003037,CASH_OUT,0,0
PAYSIM-0003038,CASH_OUT,0,0
PAYSIM-0003039,TRANSFER,0,0
PAYSIM-0003040,PAYMENT,0,0
PAYSIM-0003041,PAYMENT,0,0
PAYSIM-0003042,PAYMENT,0,0
PAYSIM-0003043,PAYMENT,0,0
PAYSIM-0003044,PAYMENT,0,0
PAYSIM-0003045,PAYMENT,0,0
PAYSIM-0003046,PAYMENT,0,0
PAYSIM-0003047,PAYMENT,0,0
PAYSIM-0003048,PAYMENT,0,0
PAYSIM-0003049,PAYMENT,0,0
PAYSIM-0003050,PAYMENT,0,0
PAYSIM-0003051,PAYMENT,0,0
PAYSIM-0003052,PAYMENT,0,0
PAYSIM-0003053,PAYMENT,0,0
PAYSIM-0003054,PAYMENT,0,0
PAYSIM-0003055,PAYMENT,0,0
PAYSIM-0003056,PAYMENT,0,0
PAYSIM-0003057,PAYMENT,0,0
PAYSIM-0003058,PAYMENT,0,0
PAYSIM-0003059,PAYMENT,0,0
PAYSIM-0003060,TRANSFER,1,0
PAYSIM-0003061,CASH_OUT,1,0
PAYSIM-0003062,PAYMENT,0,0
PAYSIM-0003063,PAYMENT,0,0
PAYSIM-0003064,PAYMENT,0,0
PAYSIM-0003065,PAYMENT,0,0
PAYSIM-0003066,DEBIT,0,0
PAYSIM-0003067,PAYMENT,0,0
PAYSIM-0003068,DEBIT,0,0
PAYSIM-0003069,CASH_OUT,0,0
PAYSIM-0003070,PAYMENT,0,0
PAYSIM-0003071,PAYMENT,0,0
PAYSIM-0003072,DEBIT,0,0
PAYSIM-0003073,CASH_OUT,0,0
PAYSIM-0003074,CASH_OUT,0,0
PAYSIM-0003075,CASH_OUT,0,0
PAYSIM-0003076,CASH_OUT,0,0
PAYSIM-0003077,CASH_OUT,0,0
PAYSIM-0003078,CASH_OUT,0,0
PAYSIM-0003079,CASH_OUT,0,0
PAYSIM-0003080,CASH_OUT,0,0
PAYSIM-0003081,CASH_OUT,0,0
PAYSIM-0003082,CASH_OUT,0,0
PAYSIM-0003083,CASH_OUT,0,0
PAYSIM-0003084,CASH_OUT,0,0
PAYSIM-0003085,CASH_OUT,0,0
PAYSIM-0003086,CASH_OUT,0,0
PAYSIM-0003087,CASH_OUT,0,0
PAYSIM-0003088,PAYMENT,0,0
PAYSIM-0003089,PAYMENT,0,0
PAYSIM-0003090,PAYMENT,0,0
PAYSIM-0003091,PAYMENT,0,0
PAYSIM-0003092,PAYMENT,0,0
PAYSIM-0003093,PAYMENT,0,0
PAYSIM-0003094,PAYMENT,0,0
PAYSIM-0003095,CASH_OUT,0,0
PAYSIM-0003096,DEBIT,0,0
PAYSIM-0003097,CASH_OUT,0,0
PAYSIM-0003098,PAYMENT,0,0
PAYSIM-0003099,PAYMENT,0,0
PAYSIM-0003100,PAYMENT,0,0
PAYSIM-0003101,DEBIT,0,0
PAYSIM-0003102,PAYMENT,0,0
PAYSIM-0003103,PAYMENT,0,0
PAYSIM-0003104,PAYMENT,0,0
PAYSIM-0003105,PAYMENT,0,0
PAYSIM-0003106,PAYMENT,0,0
PAYSIM-0003107,PAYMENT,0,0
PAYSIM-0003108,CASH_OUT,0,0
PAYSIM-0003109,CASH_IN,0,0
PAYSIM-0003110,PAYMENT,0,0
PAYSIM-0003111,PAYMENT,0,0
PAYSIM-0003112,PAYMENT,0,0
PAYSIM-0003113,PAYMENT,0,0
PAYSIM-0003114,PAYMENT,0,0
PAYSIM-0003115,PAYMENT,0,0
PAYSIM-0003116,PAYMENT,0,0
PAYSIM-0003117,PAYMENT,0,0
PAYSIM-0003118,PAYMENT,0,0
PAYSIM-0003119,CASH_OUT,0,0
PAYSIM-0003120,TRANSFER,0,0
PAYSIM-0003121,PAYMENT,0,0
PAYSIM-0003122,CASH_OUT,0,0
PAYSIM-0003123,CASH_OUT,0,0
PAYSIM-0003124,CASH_OUT,0,0
PAYSIM-0003125,CASH_OUT,0,0
PAYSIM-0003126,CASH_OUT,0,0
PAYSIM-0003127,CASH_OUT,0,0
PAYSIM-0003128,CASH_OUT,0,0
PAYSIM-0003129,CASH_OUT,0,0
PAYSIM-0003130,CASH_OUT,0,0
PAYSIM-0003131,CASH_OUT,0,0
PAYSIM-0003132,CASH_OUT,0,0
PAYSIM-0003133,CASH_OUT,0,0
PAYSIM-0003134,CASH_OUT,0,0
PAYSIM-0003135,CASH_OUT,0,0
PAYSIM-0003136,PAYMENT,0,0
PAYSIM-0003137,PAYMENT,0,0
PAYSIM-0003138,PAYMENT,0,0
PAYSIM-0003139,PAYMENT,0,0
PAYSIM-0003140,PAYMENT,0,0
PAYSIM-0003141,PAYMENT,0,0
PAYSIM-0003142,PAYMENT,0,0
PAYSIM-0003143,PAYMENT,0,0
PAYSIM-0003144,PAYMENT,0,0
PAYSIM-0003145,PAYMENT,0,0
PAYSIM-0003146,PAYMENT,0,0
PAYSIM-0003147,PAYMENT,0,0
PAYSIM-0003148,DEBIT,0,0
PAYSIM-0003149,TRANSFER,0,0
PAYSIM-0003150,DEBIT,0,0
PAYSIM-0003151,PAYMENT,0,0
PAYSIM-0003152,PAYMENT,0,0
PAYSIM-0003153,DEBIT,0,0
PAYSIM-0003154,DEBIT,0,0
PAYSIM-0003155,PAYMENT,0,0
PAYSIM-0003156,PAYMENT,0,0
PAYSIM-0003157,TRANSFER,0,0
PAYSIM-0003158,DEBIT,0,0
PAYSIM-0003159,PAYMENT,0,0
PAYSIM-0003160,PAYMENT,0,0
PAYSIM-0003161,PAYMENT,0,0
PAYSIM-0003162,PAYMENT,0,0
PAYSIM-0003163,TRANSFER,1,0
PAYSIM-0003164,CASH_OUT,1,0
PAYSIM-0003165,PAYMENT,0,0
PAYSIM-0003166,PAYMENT,0,0
PAYSIM-0003167,PAYMENT,0,0
PAYSIM-0003168,CASH_OUT,0,0
PAYSIM-0003169,DEBIT,0,0
PAYSIM-0003170,PAYMENT,0,0
PAYSIM-0003171,PAYMENT,0,0
PAYSIM-0003172,PAYMENT,0,0
PAYSIM-0003173,DEBIT,0,0
PAYSIM-0003174,PAYMENT,0,0
PAYSIM-0003175,TRANSFER,0,0
PAYSIM-0003176,PAYMENT,0,0
PAYSIM-0003177,DEBIT,0,0
PAYSIM-0003178,PAYMENT,0,0
PAYSIM-0003179,PAYMENT,0,0
PAYSIM-0003180,PAYMENT,0,0
PAYSIM-0003181,TRANSFER,0,0
PAYSIM-0003182,PAYMENT,0,0
PAYSIM-0003183,PAYMENT,0,0
PAYSIM-0003184,CASH_OUT,0,0
PAYSIM-0003185,PAYMENT,0,0
PAYSIM-0003186,DEBIT,0,0
PAYSIM-0003187,PAYMENT,0,0
PAYSIM-0003188,DEBIT,0,0
PAYSIM-0003189,DEBIT,0,0
PAYSIM-0003190,PAYMENT,0,0
PAYSIM-0003191,PAYMENT,0,0
PAYSIM-0003192,PAYMENT,0,0
PAYSIM-0003193,PAYMENT,0,0
PAYSIM-0003194,TRANSFER,0,0
PAYSIM-0003195,PAYMENT,0,0
PAYSIM-0003196,PAYMENT,0,0
PAYSIM-0003197,PAYMENT,0,0
PAYSIM-0003198,PAYMENT,0,0
PAYSIM-0003199,PAYMENT,0,0
PAYSIM-0003200,CASH_OUT,0,0
PAYSIM-0003201,PAYMENT,0,0
PAYSIM-0003202,PAYMENT,0,0
PAYSIM-0003203,PAYMENT,0,0
PAYSIM-0003204,PAYMENT,0,0
PAYSIM-0003205,CASH_OUT,0,0
PAYSIM-0003206,PAYMENT,0,0
PAYSIM-0003207,PAYMENT,0,0
PAYSIM-0003208,PAYMENT,0,0
PAYSIM-0003209,CASH_OUT,0,0
PAYSIM-0003210,PAYMENT,0,0
PAYSIM-0003211,PAYMENT,0,0
PAYSIM-0003212,PAYMENT,0,0
PAYSIM-0003213,PAYMENT,0,0
PAYSIM-0003214,PAYMENT,0,0
PAYSIM-0003215,PAYMENT,0,0
PAYSIM-0003216,PAYMENT,0,0
PAYSIM-0003217,PAYMENT,0,0
PAYSIM-0003218,PAYMENT,0,0
PAYSIM-0003219,CASH_OUT,0,0
PAYSIM-0003220,DEBIT,0,0
PAYSIM-0003221,PAYMENT,0,0
PAYSIM-0003222,TRANSFER,0,0
PAYSIM-0003223,CASH_OUT,0,0
PAYSIM-0003224,PAYMENT,0,0
PAYSIM-0003225,PAYMENT,0,0
PAYSIM-0003226,PAYMENT,0,0
PAYSIM-0003227,PAYMENT,0,0
PAYSIM-0003228,PAYMENT,0,0
PAYSIM-0003229,PAYMENT,0,0
PAYSIM-0003230,PAYMENT,0,0
PAYSIM-0003231,PAYMENT,0,0
PAYSIM-0003232,PAYMENT,0,0
PAYSIM-0003233,PAYMENT,0,0
PAYSIM-0003234,PAYMENT,0,0
PAYSIM-0003235,PAYMENT,0,0
PAYSIM-0003236,PAYMENT,0,0
PAYSIM-0003237,DEBIT,0,0
PAYSIM-0003238,DEBIT,0,0
PAYSIM-0003239,PAYMENT,0,0
PAYSIM-0003240,PAYMENT,0,0
PAYSIM-0003241,PAYMENT,0,0
PAYSIM-0003242,PAYMENT,0,0
PAYSIM-0003243,TRANSFER,0,0
PAYSIM-0003244,CASH_IN,0,0
PAYSIM-0003245,PAYMENT,0,0
PAYSIM-0003246,PAYMENT,0,0
PAYSIM-0003247,PAYMENT,0,0
PAYSIM-0003248,PAYMENT,0,0
PAYSIM-0003249,PAYMENT,0,0
PAYSIM-0003250,PAYMENT,0,0
PAYSIM-0003251,TRANSFER,0,0
PAYSIM-0003252,TRANSFER,0,0
PAYSIM-0003253,PAYMENT,0,0
PAYSIM-0003254,PAYMENT,0,0
PAYSIM-0003255,PAYMENT,0,0
PAYSIM-0003256,DEBIT,0,0
PAYSIM-0003257,DEBIT,0,0
PAYSIM-0003258,PAYMENT,0,0
PAYSIM-0003259,TRANSFER,0,0
PAYSIM-0003260,PAYMENT,0,0
PAYSIM-0003261,PAYMENT,0,0
PAYSIM-0003262,PAYMENT,0,0
PAYSIM-0003263,PAYMENT,0,0
PAYSIM-0003264,PAYMENT,0,0
PAYSIM-0003265,PAYMENT,0,0
PAYSIM-0003266,PAYMENT,0,0
PAYSIM-0003267,PAYMENT,0,0
PAYSIM-0003268,PAYMENT,0,0
PAYSIM-0003269,PAYMENT,0,0
PAYSIM-0003270,PAYMENT,0,0
PAYSIM-0003271,PAYMENT,0,0
PAYSIM-0003272,TRANSFER,1,0
PAYSIM-0003273,CASH_OUT,1,0
PAYSIM-0003274,PAYMENT,0,0
PAYSIM-0003275,PAYMENT,0,0
PAYSIM-0003276,CASH_OUT,0,0
PAYSIM-0003277,DEBIT,0,0
PAYSIM-0003278,TRANSFER,0,0
PAYSIM-0003279,PAYMENT,0,0
PAYSIM-0003280,PAYMENT,0,0
PAYSIM-0003281,PAYMENT,0,0
PAYSIM-0003282,PAYMENT,0,0
PAYSIM-0003283,CASH_OUT,0,0
PAYSIM-0003284,PAYMENT,0,0
PAYSIM-0003285,DEBIT,0,0
PAYSIM-0003286,PAYMENT,0,0
PAYSIM-0003287,PAYMENT,0,0
PAYSIM-0003288,PAYMENT,0,0
PAYSIM-0003289,PAYMENT,0,0
PAYSIM-0003290,PAYMENT,0,0
PAYSIM-0003291,PAYMENT,0,0
PAYSIM-0003292,PAYMENT,0,0
PAYSIM-0003293,PAYMENT,0,0
PAYSIM-0003294,PAYMENT,0,0
PAYSIM-0003295,PAYMENT,0,0
PAYSIM-0003296,PAYMENT,0,0
PAYSIM-0003297,CASH_IN,0,0
PAYSIM-0003298,PAYMENT,0,0
PAYSIM-0003299,PAYMENT,0,0
PAYSIM-0003300,CASH_OUT,0,0
PAYSIM-0003301,CASH_OUT,0,0
PAYSIM-0003302,CASH_OUT,0,0
PAYSIM-0003303,CASH_OUT,0,0
PAYSIM-0003304,CASH_OUT,0,0
PAYSIM-0003305,CASH_OUT,0,0
PAYSIM-0003306,CASH_OUT,0,0
PAYSIM-0003307,CASH_OUT,0,0
PAYSIM-0003308,CASH_OUT,0,0
PAYSIM-0003309,CASH_OUT,0,0
PAYSIM-0003310,CASH_OUT,0,0
PAYSIM-0003311,CASH_OUT,0,0
PAYSIM-0003312,CASH_OUT,0,0
PAYSIM-0003313,CASH_OUT,0,0
PAYSIM-0003314,CASH_OUT,0,0
PAYSIM-0003315,CASH_OUT,0,0
PAYSIM-0003316,CASH_OUT,0,0
PAYSIM-0003317,CASH_OUT,0,0
PAYSIM-0003318,CASH_OUT,0,0
PAYSIM-0003319,PAYMENT,0,0
PAYSIM-0003320,DEBIT,0,0
PAYSIM-0003321,PAYMENT,0,0
PAYSIM-0003322,PAYMENT,0,0
PAYSIM-0003323,PAYMENT,0,0
PAYSIM-0003324,PAYMENT,0,0
PAYSIM-0003325,DEBIT,0,0
PAYSIM-0003326,PAYMENT,0,0
PAYSIM-0003327,TRANSFER,0,0
PAYSIM-0003328,PAYMENT,0,0
PAYSIM-0003329,PAYMENT,0,0
PAYSIM-0003330,PAYMENT,0,0
PAYSIM-0003331,PAYMENT,0,0
PAYSIM-0003332,PAYMENT,0,0
PAYSIM-0003333,TRANSFER,0,0
PAYSIM-0003334,CASH_IN,0,0
PAYSIM-0003335,PAYMENT,0,0
PAYSIM-0003336,PAYMENT,0,0
PAYSIM-0003337,TRANSFER,0,0
PAYSIM-0003338,TRANSFER,0,0
PAYSIM-0003339,TRANSFER,0,0
PAYSIM-0003340,TRANSFER,0,0
PAYSIM-0003341,TRANSFER,0,0
PAYSIM-0003342,TRANSFER,0,0
PAYSIM-0003343,TRANSFER,0,0
PAYSIM-0003344,TRANSFER,0,0
PAYSIM-0003345,TRANSFER,0,0
PAYSIM-0003346,TRANSFER,0,0
PAYSIM-0003347,TRANSFER,0,0
PAYSIM-0003348,TRANSFER,0,0
PAYSIM-0003349,TRANSFER,0,0
PAYSIM-0003350,TRANSFER,0,0
PAYSIM-0003351,TRANSFER,0,0
PAYSIM-0003352,TRANSFER,0,0
PAYSIM-0003353,TRANSFER,0,0
PAYSIM-0003354,TRANSFER,0,0
PAYSIM-0003355,TRANSFER,0,0
PAYSIM-0003356,TRANSFER,0,0
PAYSIM-0003357,TRANSFER,0,0
PAYSIM-0003358,PAYMENT,0,0
PAYSIM-0003359,TRANSFER,0,0
PAYSIM-0003360,PAYMENT,0,0
PAYSIM-0003361,PAYMENT,0,0
PAYSIM-0003362,PAYMENT,0,0
PAYSIM-0003363,PAYMENT,0,0
PAYSIM-0003364,PAYMENT,0,0
PAYSIM-0003365,PAYMENT,0,0
PAYSIM-0003366,PAYMENT,0,0
PAYSIM-0003367,PAYMENT,0,0
PAYSIM-0003368,PAYMENT,0,0
PAYSIM-0003369,PAYMENT,0,0
PAYSIM-0003370,PAYMENT,0,0
PAYSIM-0003371,PAYMENT,0,0
PAYSIM-0003372,PAYMENT,0,0
PAYSIM-0003373,PAYMENT,0,0
PAYSIM-0003374,TRANSFER,0,0
PAYSIM-0003375,PAYMENT,0,0
PAYSIM-0003376,PAYMENT,0,0
PAYSIM-0003377,PAYMENT,0,0
PAYSIM-0003378,DEBIT,0,0
PAYSIM-0003379,CASH_OUT,0,0
PAYSIM-0003380,PAYMENT,0,0
PAYSIM-0003381,PAYMENT,0,0
PAYSIM-0003382,PAYMENT,0,0
PAYSIM-0003383,PAYMENT,0,0
PAYSIM-0003384,PAYMENT,0,0
PAYSIM-0003385,PAYMENT,0,0
PAYSIM-0003386,PAYMENT,0,0
PAYSIM-0003387,PAYMENT,0,0
PAYSIM-0003388,PAYMENT,0,0
PAYSIM-0003389,DEBIT,0,0
PAYSIM-0003390,PAYMENT,0,0
PAYSIM-0003391,PAYMENT,0,0
PAYSIM-0003392,DEBIT,0,0
PAYSIM-0003393,CASH_IN,0,0
PAYSIM-0003394,CASH_OUT,0,0
PAYSIM-0003395,PAYMENT,0,0
PAYSIM-0003396,PAYMENT,0,0
PAYSIM-0003397,PAYMENT,0,0
PAYSIM-0003398,PAYMENT,0,0
PAYSIM-0003399,PAYMENT,0,0
PAYSIM-0003400,DEBIT,0,0
PAYSIM-0003401,PAYMENT,0,0
PAYSIM-0003402,PAYMENT,0,0
PAYSIM-0003403,PAYMENT,0,0
PAYSIM-0003404,PAYMENT,0,0
PAYSIM-0003405,TRANSFER,0,0
PAYSIM-0003406,PAYMENT,0,0
PAYSIM-0003407,PAYMENT,0,0
PAYSIM-0003408,PAYMENT,0,0
PAYSIM-0003409,PAYMENT,0,0
PAYSIM-0003410,PAYMENT,0,0
PAYSIM-0003411,PAYMENT,0,0
PAYSIM-0003412,PAYMENT,0,0
PAYSIM-0003413,PAYMENT,0,0
PAYSIM-0003414,PAYMENT,0,0
PAYSIM-0003415,PAYMENT,0,0
PAYSIM-0003416,PAYMENT,0,0
PAYSIM-0003417,PAYMENT,0,0
PAYSIM-0003418,PAYMENT,0,0
PAYSIM-0003419,PAYMENT,0,0
PAYSIM-0003420,PAYMENT,0,0
PAYSIM-0003421,PAYMENT,0,0
PAYSIM-0003422,PAYMENT,0,0
PAYSIM-0003423,PAYMENT,0,0
PAYSIM-0003424,PAYMENT,0,0
PAYSIM-0003425,PAYMENT,0,0
PAYSIM-0003426,PAYMENT,0,0
PAYSIM-0003427,PAYMENT,0,0
PAYSIM-0003428,PAYMENT,0,0
PAYSIM-0003429,PAYMENT,0,0
PAYSIM-0003430,PAYMENT,0,0
PAYSIM-0003431,PAYMENT,0,0
PAYSIM-0003432,PAYMENT,0,0
PAYSIM-0003433,PAYMENT,0,0
PAYSIM-0003434,PAYMENT,0,0
PAYSIM-0003435,PAYMENT,0,0
PAYSIM-0003436,DEBIT,0,0
PAYSIM-0003437,DEBIT,0,0
PAYSIM-0003438,PAYMENT,0,0
PAYSIM-0003439,PAYMENT,0,0
PAYSIM-0003440,DEBIT,0,0
PAYSIM-0003441,DEBIT,0,0
PAYSIM-0003442,PAYMENT,0,0
PAYSIM-0003443,PAYMENT,0,0
PAYSIM-0003444,PAYMENT,0,0
PAYSIM-0003445,PAYMENT,0,0
PAYSIM-0003446,PAYMENT,0,0
PAYSIM-0003447,PAYMENT,0,0
PAYSIM-0003448,PAYMENT,0,0
PAYSIM-0003449,PAYMENT,0,0
PAYSIM-0003450,DEBIT,0,0
PAYSIM-0003451,PAYMENT,0,0
PAYSIM-0003452,PAYMENT,0,0
PAYSIM-0003453,PAYMENT,0,0
PAYSIM-0003454,PAYMENT,0,0
PAYSIM-0003455,PAYMENT,0,0
PAYSIM-0003456,PAYMENT,0,0
PAYSIM-0003457,TRANSFER,0,0
PAYSIM-0003458,PAYMENT,0,0
PAYSIM-0003459,PAYMENT,0,0
PAYSIM-0003460,PAYMENT,0,0
PAYSIM-0003461,PAYMENT,0,0
PAYSIM-0003462,PAYMENT,0,0
PAYSIM-0003463,PAYMENT,0,0
PAYSIM-0003464,PAYMENT,0,0
PAYSIM-0003465,PAYMENT,0,0
PAYSIM-0003466,PAYMENT,0,0
PAYSIM-0003467,PAYMENT,0,0
PAYSIM-0003468,PAYMENT,0,0
PAYSIM-0003469,DEBIT,0,0
PAYSIM-0003470,PAYMENT,0,0
PAYSIM-0003471,PAYMENT,0,0
PAYSIM-0003472,PAYMENT,0,0
PAYSIM-0003473,PAYMENT,0,0
PAYSIM-0003474,CASH_OUT,0,0
PAYSIM-0003475,PAYMENT,0,0
PAYSIM-0003476,PAYMENT,0,0
PAYSIM-0003477,PAYMENT,0,0
PAYSIM-0003478,PAYMENT,0,0
PAYSIM-0003479,PAYMENT,0,0
PAYSIM-0003480,PAYMENT,0,0
PAYSIM-0003481,PAYMENT,0,0
PAYSIM-0003482,PAYMENT,0,0
PAYSIM-0003483,PAYMENT,0,0
PAYSIM-0003484,PAYMENT,0,0
PAYSIM-0003485,PAYMENT,0,0
PAYSIM-0003486,PAYMENT,0,0
PAYSIM-0003487,PAYMENT,0,0
PAYSIM-0003488,PAYMENT,0,0
PAYSIM-0003489,PAYMENT,0,0
PAYSIM-0003490,PAYMENT,0,0
PAYSIM-0003491,PAYMENT,0,0
PAYSIM-0003492,PAYMENT,0,0
PAYSIM-0003493,PAYMENT,0,0
PAYSIM-0003494,PAYMENT,0,0
PAYSIM-0003495,PAYMENT,0,0
PAYSIM-0003496,PAYMENT,0,0
PAYSIM-0003497,PAYMENT,0,0
PAYSIM-0003498,PAYMENT,0,0
PAYSIM-0003499,PAYMENT,0,0
PAYSIM-0003500,PAYMENT,0,0
PAYSIM-0003501,PAYMENT,0,0
PAYSIM-0003502,PAYMENT,0,0
PAYSIM-0003503,PAYMENT,0,0
PAYSIM-0003504,PAYMENT,0,0
PAYSIM-0003505,PAYMENT,0,0
PAYSIM-0003506,PAYMENT,0,0
PAYSIM-0003507,PAYMENT,0,0
PAYSIM-0003508,PAYMENT,0,0
PAYSIM-0003509,PAYMENT,0,0
PAYSIM-0003510,PAYMENT,0,0
PAYSIM-0003511,TRANSFER,0,0
PAYSIM-0003512,PAYMENT,0,0
PAYSIM-0003513,PAYMENT,0,0
PAYSIM-0003514,PAYMENT,0,0
PAYSIM-0003515,PAYMENT,0,0
PAYSIM-0003516,CASH_OUT,0,0
PAYSIM-0003517,TRANSFER,0,0
PAYSIM-0003518,DEBIT,0,0
PAYSIM-0003519,DEBIT,0,0
PAYSIM-0003520,PAYMENT,0,0
PAYSIM-0003521,PAYMENT,0,0
PAYSIM-0003522,DEBIT,0,0
PAYSIM-0003523,PAYMENT,0,0
PAYSIM-0003524,PAYMENT,0,0
PAYSIM-0003525,PAYMENT,0,0
PAYSIM-0003526,DEBIT,0,0
PAYSIM-0003527,PAYMENT,0,0
PAYSIM-0003528,PAYMENT,0,0
PAYSIM-0003529,PAYMENT,0,0
PAYSIM-0003530,PAYMENT,0,0
PAYSIM-0003531,PAYMENT,0,0
PAYSIM-0003532,CASH_OUT,0,0
PAYSIM-0003533,CASH_OUT,0,0
PAYSIM-0003534,PAYMENT,0,0
PAYSIM-0003535,DEBIT,0,0
PAYSIM-0003536,PAYMENT,0,0
PAYSIM-0003537,PAYMENT,0,0
PAYSIM-0003538,PAYMENT,0,0
PAYSIM-0003539,PAYMENT,0,0
PAYSIM-0003540,PAYMENT,0,0
PAYSIM-0003541,DEBIT,0,0
PAYSIM-0003542,PAYMENT,0,0
PAYSIM-0003543,CASH_OUT,0,0
PAYSIM-0003544,CASH_OUT,0,0
PAYSIM-0003545,DEBIT,0,0
PAYSIM-0003546,DEBIT,0,0
PAYSIM-0003547,PAYMENT,0,0
PAYSIM-0003548,PAYMENT,0,0
PAYSIM-0003549,TRANSFER,0,0
PAYSIM-0003550,PAYMENT,0,0
PAYSIM-0003551,PAYMENT,0,0
PAYSIM-0003552,PAYMENT,0,0
PAYSIM-0003553,TRANSFER,0,0
PAYSIM-0003554,TRANSFER,0,0
PAYSIM-0003555,TRANSFER,0,0
PAYSIM-0003556,TRANSFER,0,0
PAYSIM-0003557,TRANSFER,0,0
PAYSIM-0003558,TRANSFER,0,0
PAYSIM-0003559,TRANSFER,0,0
PAYSIM-0003560,TRANSFER,0,0
PAYSIM-0003561,TRANSFER,0,0
PAYSIM-0003562,TRANSFER,0,0
PAYSIM-0003563,TRANSFER,0,0
PAYSIM-0003564,TRANSFER,0,0
PAYSIM-0003565,TRANSFER,0,0
PAYSIM-0003566,TRANSFER,0,0
PAYSIM-0003567,TRANSFER,0,0
PAYSIM-0003568,TRANSFER,0,0
PAYSIM-0003569,TRANSFER,0,0
PAYSIM-0003570,TRANSFER,0,0
PAYSIM-0003571,TRANSFER,0,0
PAYSIM-0003572,TRANSFER,0,0
PAYSIM-0003573,TRANSFER,0,0
PAYSIM-0003574,TRANSFER,0,0
PAYSIM-0003575,TRANSFER,0,0
PAYSIM-0003576,PAYMENT,0,0
PAYSIM-0003577,PAYMENT,0,0
PAYSIM-0003578,DEBIT,0,0
PAYSIM-0003579,CASH_OUT,0,0
PAYSIM-0003580,DEBIT,0,0
PAYSIM-0003581,TRANSFER,0,0
PAYSIM-0003582,PAYMENT,0,0
PAYSIM-0003583,PAYMENT,0,0
PAYSIM-0003584,PAYMENT,0,0
PAYSIM-0003585,PAYMENT,0,0
PAYSIM-0003586,PAYMENT,0,0
PAYSIM-0003587,PAYMENT,0,0
PAYSIM-0003588,CASH_OUT,0,0
PAYSIM-0003589,PAYMENT,0,0
PAYSIM-0003590,DEBIT,0,0
PAYSIM-0003591,DEBIT,0,0
PAYSIM-0003592,DEBIT,0,0
PAYSIM-0003593,DEBIT,0,0
PAYSIM-0003594,PAYMENT,0,0
PAYSIM-0003595,PAYMENT,0,0
PAYSIM-0003596,PAYMENT,0,0
PAYSIM-0003597,PAYMENT,0,0
PAYSIM-0003598,PAYMENT,0,0
PAYSIM-0003599,PAYMENT,0,0
PAYSIM-0003600,CASH_IN,0,0
PAYSIM-0003601,PAYMENT,0,0
PAYSIM-0003602,PAYMENT,0,0
PAYSIM-0003603,PAYMENT,0,0
PAYSIM-0003604,DEBIT,0,0
PAYSIM-0003605,PAYMENT,0,0
PAYSIM-0003606,PAYMENT,0,0
PAYSIM-0003607,CASH_IN,0,0
PAYSIM-0003608,CASH_IN,0,0
PAYSIM-0003609,CASH_IN,0,0
PAYSIM-0003610,CASH_IN,0,0
PAYSIM-0003611,CASH_IN,0,0
PAYSIM-0003612,CASH_IN,0,0
PAYSIM-0003613,CASH_IN,0,0
PAYSIM-0003614,CASH_IN,0,0
PAYSIM-0003615,CASH_IN,0,0
PAYSIM-0003616,CASH_IN,0,0
PAYSIM-0003617,CASH_IN,0,0
PAYSIM-0003618,CASH_IN,0,0
PAYSIM-0003619,CASH_IN,0,0
PAYSIM-0003620,CASH_IN,0,0
PAYSIM-0003621,CASH_IN,0,0
PAYSIM-0003622,CASH_IN,0,0
PAYSIM-0003623,CASH_IN,0,0
PAYSIM-0003624,CASH_IN,0,0
PAYSIM-0003625,CASH_IN,0,0
PAYSIM-0003626,CASH_IN,0,0
PAYSIM-0003627,CASH_IN,0,0
PAYSIM-0003628,CASH_IN,0,0
PAYSIM-0003629,CASH_IN,0,0
PAYSIM-0003630,CASH_IN,0,0
PAYSIM-0003631,CASH_IN,0,0
PAYSIM-0003632,CASH_IN,0,0
PAYSIM-0003633,CASH_IN,0,0
PAYSIM-0003634,CASH_IN,0,0
PAYSIM-0003635,CASH_IN,0,0
PAYSIM-0003636,CASH_IN,0,0
PAYSIM-0003637,CASH_IN,0,0
PAYSIM-0003638,CASH_IN,0,0
PAYSIM-0003639,CASH_IN,0,0
PAYSIM-0003640,CASH_IN,0,0
PAYSIM-0003641,CASH_IN,0,0
PAYSIM-0003642,CASH_IN,0,0
PAYSIM-0003643,CASH_IN,0,0
PAYSIM-0003644,CASH_IN,0,0
PAYSIM-0003645,CASH_IN,0,0
PAYSIM-0003646,CASH_IN,0,0
PAYSIM-0003647,CASH_IN,0,0
PAYSIM-0003648,CASH_IN,0,0
PAYSIM-0003649,CASH_IN,0,0
PAYSIM-0003650,CASH_IN,0,0
PAYSIM-0003651,CASH_IN,0,0
PAYSIM-0003652,CASH_IN,0,0
PAYSIM-0003653,CASH_IN,0,0
PAYSIM-0003654,CASH_IN,0,0
PAYSIM-0003655,CASH_IN,0,0
PAYSIM-0003656,CASH_IN,0,0
PAYSIM-0003657,CASH_IN,0,0
PAYSIM-0003658,CASH_IN,0,0
PAYSIM-0003659,CASH_IN,0,0
PAYSIM-0003660,CASH_IN,0,0
PAYSIM-0003661,CASH_IN,0,0
PAYSIM-0003662,CASH_IN,0,0
PAYSIM-0003663,CASH_IN,0,0
PAYSIM-0003664,CASH_IN,0,0
PAYSIM-0003665,CASH_IN,0,0
PAYSIM-0003666,CASH_IN,0,0
PAYSIM-0003667,CASH_IN,0,0
PAYSIM-0003668,CASH_IN,0,0
PAYSIM-0003669,CASH_IN,0,0
PAYSIM-0003670,CASH_IN,0,0
PAYSIM-0003671,CASH_IN,0,0
PAYSIM-0003672,CASH_IN,0,0
PAYSIM-0003673,CASH_IN,0,0
PAYSIM-0003674,CASH_IN,0,0
PAYSIM-0003675,CASH_IN,0,0
PAYSIM-0003676,CASH_IN,0,0
PAYSIM-0003677,CASH_IN,0,0
PAYSIM-0003678,CASH_IN,0,0
PAYSIM-0003679,PAYMENT,0,0
PAYSIM-0003680,DEBIT,0,0
PAYSIM-0003681,CASH_OUT,0,0
PAYSIM-0003682,PAYMENT,0,0
PAYSIM-0003683,PAYMENT,0,0
PAYSIM-0003684,TRANSFER,1,0
PAYSIM-0003685,CASH_OUT,1,0
PAYSIM-0003686,DEBIT,0,0
PAYSIM-0003687,CASH_OUT,0,0
PAYSIM-0003688,PAYMENT,0,0
PAYSIM-0003689,DEBIT,0,0
PAYSIM-0003690,PAYMENT,0,0
PAYSIM-0003691,PAYMENT,0,0
PAYSIM-0003692,PAYMENT,0,0
PAYSIM-0003693,PAYMENT,0,0
PAYSIM-0003694,DEBIT,0,0
PAYSIM-0003695,PAYMENT,0,0
PAYSIM-0003696,PAYMENT,0,0
PAYSIM-0003697,PAYMENT,0,0
PAYSIM-0003698,PAYMENT,0,0
PAYSIM-0003699,PAYMENT,0,0
PAYSIM-0003700,PAYMENT,0,0
PAYSIM-0003701,PAYMENT,0,0
PAYSIM-0003702,PAYMENT,0,0
PAYSIM-0003703,PAYMENT,0,0
PAYSIM-0003704,PAYMENT,0,0
PAYSIM-0003705,PAYMENT,0,0
PAYSIM-0003706,DEBIT,0,0
PAYSIM-0003707,PAYMENT,0,0
PAYSIM-0003708,PAYMENT,0,0
PAYSIM-0003709,PAYMENT,0,0
PAYSIM-0003710,PAYMENT,0,0
PAYSIM-0003711,PAYMENT,0,0
PAYSIM-0003712,CASH_OUT,0,0
PAYSIM-0003713,PAYMENT,0,0
PAYSIM-0003714,PAYMENT,0,0
PAYSIM-0003715,PAYMENT,0,0
PAYSIM-0003716,PAYMENT,0,0
PAYSIM-0003717,PAYMENT,0,0
PAYSIM-0003718,PAYMENT,0,0
PAYSIM-0003719,PAYMENT,0,0
PAYSIM-0003720,PAYMENT,0,0
PAYSIM-0003721,PAYMENT,0,0
PAYSIM-0003722,PAYMENT,0,0
PAYSIM-0003723,PAYMENT,0,0
PAYSIM-0003724,PAYMENT,0,0
PAYSIM-0003725,DEBIT,0,0
PAYSIM-0003726,PAYMENT,0,0
PAYSIM-0003727,PAYMENT,0,0
PAYSIM-0003728,PAYMENT,0,0
PAYSIM-0003729,PAYMENT,0,0
PAYSIM-0003730,PAYMENT,0,0
PAYSIM-0003731,PAYMENT,0,0
PAYSIM-0003732,CASH_IN,0,0
PAYSIM-0003733,PAYMENT,0,0
PAYSIM-0003734,CASH_IN,0,0
PAYSIM-0003735,CASH_IN,0,0
PAYSIM-0003736,CASH_IN,0,0
PAYSIM-0003737,CASH_IN,0,0
PAYSIM-0003738,CASH_IN,0,0
PAYSIM-0003739,CASH_IN,0,0
PAYSIM-0003740,CASH_IN,0,0
PAYSIM-0003741,CASH_IN,0,0
PAYSIM-0003742,CASH_IN,0,0
PAYSIM-0003743,CASH_IN,0,0
PAYSIM-0003744,CASH_IN,0,0
PAYSIM-0003745,CASH_IN,0,0
PAYSIM-0003746,CASH_IN,0,0
PAYSIM-0003747,CASH_IN,0,0
PAYSIM-0003748,CASH_IN,0,0
PAYSIM-0003749,CASH_IN,0,0
PAYSIM-0003750,CASH_IN,0,0
PAYSIM-0003751,CASH_IN,0,0
PAYSIM-0003752,CASH_IN,0,0
PAYSIM-0003753,CASH_IN,0,0
PAYSIM-0003754,CASH_IN,0,0
PAYSIM-0003755,CASH_IN,0,0
PAYSIM-0003756,CASH_IN,0,0
PAYSIM-0003757,CASH_IN,0,0
PAYSIM-0003758,CASH_IN,0,0
PAYSIM-0003759,CASH_IN,0,0
PAYSIM-0003760,CASH_IN,0,0
PAYSIM-0003761,CASH_IN,0,0
PAYSIM-0003762,CASH_IN,0,0
PAYSIM-0003763,CASH_IN,0,0
PAYSIM-0003764,CASH_IN,0,0
PAYSIM-0003765,CASH_IN,0,0
PAYSIM-0003766,CASH_IN,0,0
PAYSIM-0003767,CASH_IN,0,0
PAYSIM-0003768,CASH_IN,0,0
PAYSIM-0003769,CASH_IN,0,0
PAYSIM-0003770,CASH_IN,0,0
PAYSIM-0003771,CASH_IN,0,0
PAYSIM-0003772,CASH_IN,0,0
PAYSIM-0003773,CASH_IN,0,0
PAYSIM-0003774,CASH_IN,0,0
PAYSIM-0003775,CASH_IN,0,0
PAYSIM-0003776,CASH_IN,0,0
PAYSIM-0003777,CASH_IN,0,0
PAYSIM-0003778,PAYMENT,0,0
PAYSIM-0003779,CASH_OUT,0,0
PAYSIM-0003780,PAYMENT,0,0
PAYSIM-0003781,PAYMENT,0,0
PAYSIM-0003782,PAYMENT,0,0
PAYSIM-0003783,TRANSFER,0,0
PAYSIM-0003784,PAYMENT,0,0
PAYSIM-0003785,DEBIT,0,0
PAYSIM-0003786,DEBIT,0,0
PAYSIM-0003787,PAYMENT,0,0
PAYSIM-0003788,PAYMENT,0,0
PAYSIM-0003789,PAYMENT,0,0
PAYSIM-0003790,PAYMENT,0,0
PAYSIM-0003791,PAYMENT,0,0
PAYSIM-0003792,PAYMENT,0,0
PAYSIM-0003793,PAYMENT,0,0
PAYSIM-0003794,PAYMENT,0,0
PAYSIM-0003795,PAYMENT,0,0
PAYSIM-0003796,PAYMENT,0,0
PAYSIM-0003797,PAYMENT,0,0
PAYSIM-0003798,PAYMENT,0,0
PAYSIM-0003799,DEBIT,0,0
PAYSIM-0003800,PAYMENT,0,0
PAYSIM-0003801,PAYMENT,0,0
PAYSIM-0003802,PAYMENT,0,0
PAYSIM-0003803,CASH_OUT,0,0
PAYSIM-0003804,PAYMENT,0,0
PAYSIM-0003805,CASH_OUT,0,0
PAYSIM-0003806,TRANSFER,0,0
PAYSIM-0003807,CASH_OUT,0,0
PAYSIM-0003808,CASH_OUT,0,0
PAYSIM-0003809,CASH_OUT,0,0
PAYSIM-0003810,CASH_OUT,0,0
PAYSIM-0003811,PAYMENT,0,0
PAYSIM-0003812,CASH_OUT,0,0
PAYSIM-0003813,PAYMENT,0,0
PAYSIM-0003814,PAYMENT,0,0
PAYSIM-0003815,PAYMENT,0,0
PAYSIM-0003816,CASH_OUT,0,0
PAYSIM-0003817,PAYMENT,0,0
PAYSIM-0003818,CASH_OUT,0,0
PAYSIM-0003819,PAYMENT,0,0
PAYSIM-0003820,PAYMENT,0,0
PAYSIM-0003821,PAYMENT,0,0
PAYSIM-0003822,PAYMENT,0,0
PAYSIM-0003823,CASH_OUT,0,0
PAYSIM-0003824,PAYMENT,0,0
PAYSIM-0003825,PAYMENT,0,0
PAYSIM-0003826,DEBIT,0,0
PAYSIM-0003827,PAYMENT,0,0
PAYSIM-0003828,PAYMENT,0,0
PAYSIM-0003829,PAYMENT,0,0
PAYSIM-0003830,PAYMENT,0,0
PAYSIM-0003831,PAYMENT,0,0
PAYSIM-0003832,PAYMENT,0,0
PAYSIM-0003833,DEBIT,0,0
PAYSIM-0003834,PAYMENT,0,0
PAYSIM-0003835,PAYMENT,0,0
PAYSIM-0003836,PAYMENT,0,0
PAYSIM-0003837,CASH_IN,0,0
PAYSIM-0003838,PAYMENT,0,0
PAYSIM-0003839,PAYMENT,0,0
PAYSIM-0003840,PAYMENT,0,0
PAYSIM-0003841,DEBIT,0,0
PAYSIM-0003842,PAYMENT,0,0
PAYSIM-0003843,PAYMENT,0,0
PAYSIM-0003844,PAYMENT,0,0
PAYSIM-0003845,TRANSFER,0,0
PAYSIM-0003846,PAYMENT,0,0
PAYSIM-0003847,PAYMENT,0,0
PAYSIM-0003848,PAYMENT,0,0
PAYSIM-0003849,PAYMENT,0,0
PAYSIM-0003850,PAYMENT,0,0
PAYSIM-0003851,PAYMENT,0,0
PAYSIM-0003852,PAYMENT,0,0
PAYSIM-0003853,PAYMENT,0,0
PAYSIM-0003854,PAYMENT,0,0
PAYSIM-0003855,PAYMENT,0,0
PAYSIM-0003856,PAYMENT,0,0
PAYSIM-0003857,PAYMENT,0,0
PAYSIM-0003858,PAYMENT,0,0
PAYSIM-0003859,DEBIT,0,0
PAYSIM-0003860,PAYMENT,0,0
PAYSIM-0003861,PAYMENT,0,0
PAYSIM-0003862,PAYMENT,0,0
PAYSIM-0003863,PAYMENT,0,0
PAYSIM-0003864,PAYMENT,0,0
PAYSIM-0003865,PAYMENT,0,0
PAYSIM-0003866,PAYMENT,0,0
PAYSIM-0003867,PAYMENT,0,0
PAYSIM-0003868,PAYMENT,0,0
PAYSIM-0003869,DEBIT,0,0
PAYSIM-0003870,PAYMENT,0,0
PAYSIM-0003871,PAYMENT,0,0
PAYSIM-0003872,PAYMENT,0,0
PAYSIM-0003873,PAYMENT,0,0
PAYSIM-0003874,CASH_OUT,0,0
PAYSIM-0003875,PAYMENT,0,0
PAYSIM-0003876,PAYMENT,0,0
PAYSIM-0003877,PAYMENT,0,0
PAYSIM-0003878,CASH_IN,0,0
PAYSIM-0003879,CASH_OUT,0,0
PAYSIM-0003880,CASH_OUT,0,0
PAYSIM-0003881,PAYMENT,0,0
PAYSIM-0003882,PAYMENT,0,0
PAYSIM-0003883,PAYMENT,0,0
PAYSIM-0003884,PAYMENT,0,0
PAYSIM-0003885,PAYMENT,0,0
PAYSIM-0003886,PAYMENT,0,0
PAYSIM-0003887,PAYMENT,0,0
PAYSIM-0003888,PAYMENT,0,0
PAYSIM-0003889,PAYMENT,0,0
PAYSIM-0003890,PAYMENT,0,0
PAYSIM-0003891,PAYMENT,0,0
PAYSIM-0003892,PAYMENT,0,0
PAYSIM-0003893,CASH_OUT,0,0
PAYSIM-0003894,CASH_OUT,0,0
PAYSIM-0003895,PAYMENT,0,0
PAYSIM-0003896,PAYMENT,0,0
PAYSIM-0003897,CASH_OUT,0,0
PAYSIM-0003898,PAYMENT,0,0
PAYSIM-0003899,CASH_OUT,0,0
PAYSIM-0003900,PAYMENT,0,0
PAYSIM-0003901,DEBIT,0,0
PAYSIM-0003902,PAYMENT,0,0
PAYSIM-0003903,PAYMENT,0,0
PAYSIM-0003904,PAYMENT,0,0
PAYSIM-0003905,PAYMENT,0,0
PAYSIM-0003906,PAYMENT,0,0
PAYSIM-0003907,PAYMENT,0,0
PAYSIM-0003908,PAYMENT,0,0
PAYSIM-0003909,PAYMENT,0,0
PAYSIM-0003910,PAYMENT,0,0
PAYSIM-0003911,PAYMENT,0,0
PAYSIM-0003912,PAYMENT,0,0
PAYSIM-0003913,PAYMENT,0,0
PAYSIM-0003914,PAYMENT,0,0
PAYSIM-0003915,PAYMENT,0,0
PAYSIM-0003916,PAYMENT,0,0
PAYSIM-0003917,PAYMENT,0,0
PAYSIM-0003918,PAYMENT,0,0
PAYSIM-0003919,PAYMENT,0,0
PAYSIM-0003920,CASH_IN,0,0
PAYSIM-0003921,CASH_IN,0,0
PAYSIM-0003922,CASH_IN,0,0
PAYSIM-0003923,CASH_IN,0,0
PAYSIM-0003924,CASH_IN,0,0
PAYSIM-0003925,CASH_IN,0,0
PAYSIM-0003926,CASH_IN,0,0
PAYSIM-0003927,CASH_IN,0,0
PAYSIM-0003928,CASH_IN,0,0
PAYSIM-0003929,CASH_IN,0,0
PAYSIM-0003930,CASH_IN,0,0
PAYSIM-0003931,CASH_IN,0,0
PAYSIM-0003932,CASH_IN,0,0
PAYSIM-0003933,CASH_IN,0,0
PAYSIM-0003934,CASH_IN,0,0
PAYSIM-0003935,CASH_IN,0,0
PAYSIM-0003936,CASH_IN,0,0
PAYSIM-0003937,CASH_IN,0,0
PAYSIM-0003938,CASH_IN,0,0
PAYSIM-0003939,CASH_IN,0,0
PAYSIM-0003940,CASH_IN,0,0
PAYSIM-0003941,CASH_IN,0,0
PAYSIM-0003942,CASH_IN,0,0
PAYSIM-0003943,CASH_IN,0,0
PAYSIM-0003944,CASH_IN,0,0
PAYSIM-0003945,CASH_IN,0,0
PAYSIM-0003946,CASH_IN,0,0
PAYSIM-0003947,CASH_IN,0,0
PAYSIM-0003948,CASH_IN,0,0
PAYSIM-0003949,CASH_IN,0,0
PAYSIM-0003950,CASH_IN,0,0
PAYSIM-0003951,CASH_IN,0,0
PAYSIM-0003952,CASH_IN,0,0
PAYSIM-0003953,CASH_IN,0,0
PAYSIM-0003954,CASH_IN,0,0
PAYSIM-0003955,CASH_IN,0,0
PAYSIM-0003956,CASH_IN,0,0
PAYSIM-0003957,CASH_IN,0,0
PAYSIM-0003958,CASH_IN,0,0
PAYSIM-0003959,CASH_IN,0,0
PAYSIM-0003960,CASH_IN,0,0
PAYSIM-0003961,PAYMENT,0,0
PAYSIM-0003962,PAYMENT,0,0
PAYSIM-0003963,CASH_OUT,0,0
PAYSIM-0003964,PAYMENT,0,0
PAYSIM-0003965,PAYMENT,0,0
PAYSIM-0003966,PAYMENT,0,0
PAYSIM-0003967,PAYMENT,0,0
PAYSIM-0003968,PAYMENT,0,0
PAYSIM-0003969,PAYMENT,0,0
PAYSIM-0003970,PAYMENT,0,0
PAYSIM-0003971,PAYMENT,0,0
PAYSIM-0003972,PAYMENT,0,0
PAYSIM-0003973,PAYMENT,0,0
PAYSIM-0003974,DEBIT,0,0
PAYSIM-0003975,PAYMENT,0,0
PAYSIM-0003976,CASH_OUT,0,0
PAYSIM-0003977,PAYMENT,0,0
PAYSIM-0003978,PAYMENT,0,0
PAYSIM-0003979,DEBIT,0,0
PAYSIM-0003980,PAYMENT,0,0
PAYSIM-0003981,PAYMENT,0,0
PAYSIM-0003982,PAYMENT,0,0
PAYSIM-0003983,PAYMENT,0,0
PAYSIM-0003984,PAYMENT,0,0
PAYSIM-0003985,PAYMENT,0,0
PAYSIM-0003986,PAYMENT,0,0
PAYSIM-0003987,PAYMENT,0,0
PAYSIM-0003988,PAYMENT,0,0
PAYSIM-0003989,PAYMENT,0,0
PAYSIM-0003990,PAYMENT,0,0
PAYSIM-0003991,PAYMENT,0,0
PAYSIM-0003992,CASH_OUT,0,0
PAYSIM-0003993,PAYMENT,0,0
PAYSIM-0003994,PAYMENT,0,0
PAYSIM-0003995,PAYMENT,0,0
PAYSIM-0003996,PAYMENT,0,0
PAYSIM-0003997,PAYMENT,0,0
PAYSIM-0003998,PAYMENT,0,0
PAYSIM-0003999,PAYMENT,0,0
PAYSIM-0004000,DEBIT,0,0
PAYSIM-0004001,CASH_IN,0,0
PAYSIM-0004002,CASH_IN,0,0
PAYSIM-0004003,CASH_IN,0,0
PAYSIM-0004004,CASH_IN,0,0
PAYSIM-0004005,CASH_IN,0,0
PAYSIM-0004006,CASH_IN,0,0
PAYSIM-0004007,CASH_IN,0,0
PAYSIM-0004008,CASH_IN,0,0
PAYSIM-0004009,CASH_IN,0,0
PAYSIM-0004010,CASH_IN,0,0
PAYSIM-0004011,CASH_IN,0,0
PAYSIM-0004012,CASH_IN,0,0
PAYSIM-0004013,CASH_IN,0,0
PAYSIM-0004014,CASH_IN,0,0
PAYSIM-0004015,CASH_IN,0,0
PAYSIM-0004016,CASH_IN,0,0
PAYSIM-0004017,CASH_IN,0,0
PAYSIM-0004018,CASH_IN,0,0
PAYSIM-0004019,CASH_IN,0,0
PAYSIM-0004020,CASH_IN,0,0
PAYSIM-0004021,CASH_IN,0,0
PAYSIM-0004022,CASH_IN,0,0
PAYSIM-0004023,CASH_IN,0,0
PAYSIM-0004024,CASH_IN,0,0
PAYSIM-0004025,CASH_IN,0,0
PAYSIM-0004026,CASH_IN,0,0
PAYSIM-0004027,CASH_IN,0,0
PAYSIM-0004028,CASH_IN,0,0
PAYSIM-0004029,CASH_IN,0,0
PAYSIM-0004030,CASH_IN,0,0
PAYSIM-0004031,CASH_IN,0,0
PAYSIM-0004032,CASH_IN,0,0
PAYSIM-0004033,CASH_IN,0,0
PAYSIM-0004034,CASH_IN,0,0
PAYSIM-0004035,PAYMENT,0,0
PAYSIM-0004036,CASH_OUT,0,0
PAYSIM-0004037,PAYMENT,0,0
PAYSIM-0004038,PAYMENT,0,0
PAYSIM-0004039,PAYMENT,0,0
PAYSIM-0004040,CASH_OUT,0,0
PAYSIM-0004041,CASH_OUT,0,0
PAYSIM-0004042,PAYMENT,0,0
PAYSIM-0004043,PAYMENT,0,0
PAYSIM-0004044,CASH_OUT,0,0
PAYSIM-0004045,PAYMENT,0,0
PAYSIM-0004046,PAYMENT,0,0
PAYSIM-0004047,CASH_OUT,0,0
PAYSIM-0004048,PAYMENT,0,0
PAYSIM-0004049,PAYMENT,0,0
PAYSIM-0004050,PAYMENT,0,0
PAYSIM-0004051,PAYMENT,0,0
PAYSIM-0004052,DEBIT,0,0
PAYSIM-0004053,PAYMENT,0,0
PAYSIM-0004054,PAYMENT,0,0
PAYSIM-0004055,PAYMENT,0,0
PAYSIM-0004056,PAYMENT,0,0
PAYSIM-0004057,PAYMENT,0,0
PAYSIM-0004058,PAYMENT,0,0
PAYSIM-0004059,PAYMENT,0,0
PAYSIM-0004060,PAYMENT,0,0
PAYSIM-0004061,PAYMENT,0,0
PAYSIM-0004062,PAYMENT,0,0
PAYSIM-0004063,PAYMENT,0,0
PAYSIM-0004064,PAYMENT,0,0
PAYSIM-0004065,PAYMENT,0,0
PAYSIM-0004066,PAYMENT,0,0
PAYSIM-0004067,PAYMENT,0,0
PAYSIM-0004068,PAYMENT,0,0
PAYSIM-0004069,PAYMENT,0,0
PAYSIM-0004070,PAYMENT,0,0
PAYSIM-0004071,PAYMENT,0,0
PAYSIM-0004072,PAYMENT,0,0
PAYSIM-0004073,PAYMENT,0,0
PAYSIM-0004074,PAYMENT,0,0
PAYSIM-0004075,PAYMENT,0,0
PAYSIM-0004076,PAYMENT,0,0
PAYSIM-0004077,PAYMENT,0,0
PAYSIM-0004078,PAYMENT,0,0
PAYSIM-0004079,PAYMENT,0,0
PAYSIM-0004080,PAYMENT,0,0
PAYSIM-0004081,PAYMENT,0,0
PAYSIM-0004082,PAYMENT,0,0
PAYSIM-0004083,DEBIT,0,0
PAYSIM-0004084,PAYMENT,0,0
PAYSIM-0004085,PAYMENT,0,0
PAYSIM-0004086,PAYMENT,0,0
PAYSIM-0004087,PAYMENT,0,0
PAYSIM-0004088,CASH_OUT,0,0
PAYSIM-0004089,CASH_OUT,0,0
PAYSIM-0004090,PAYMENT,0,0
PAYSIM-0004091,PAYMENT,0,0
PAYSIM-0004092,PAYMENT,0,0
PAYSIM-0004093,PAYMENT,0,0
PAYSIM-0004094,PAYMENT,0,0
PAYSIM-0004095,PAYMENT,0,0
PAYSIM-0004096,PAYMENT,0,0
PAYSIM-0004097,DEBIT,0,0
PAYSIM-0004098,PAYMENT,0,0
PAYSIM-0004099,PAYMENT,0,0
PAYSIM-0004100,PAYMENT,0,0
PAYSIM-0004101,PAYMENT,0,0
PAYSIM-0004102,PAYMENT,0,0
PAYSIM-0004103,PAYMENT,0,0
PAYSIM-0004104,TRANSFER,1,0
PAYSIM-0004105,CASH_OUT,1,0
PAYSIM-0004106,PAYMENT,0,0
PAYSIM-0004107,DEBIT,0,0
PAYSIM-0004108,CASH_IN,0,0
PAYSIM-0004109,PAYMENT,0,0
PAYSIM-0004110,PAYMENT,0,0
PAYSIM-0004111,PAYMENT,0,0
PAYSIM-0004112,PAYMENT,0,0
PAYSIM-0004113,PAYMENT,0,0
PAYSIM-0004114,PAYMENT,0,0
PAYSIM-0004115,PAYMENT,0,0
PAYSIM-0004116,PAYMENT,0,0
PAYSIM-0004117,PAYMENT,0,0
PAYSIM-0004118,PAYMENT,0,0
PAYSIM-0004119,PAYMENT,0,0
PAYSIM-0004120,TRANSFER,0,0
PAYSIM-0004121,PAYMENT,0,0
PAYSIM-0004122,PAYMENT,0,0
PAYSIM-0004123,PAYMENT,0,0
PAYSIM-0004124,PAYMENT,0,0
PAYSIM-0004125,PAYMENT,0,0
PAYSIM-0004126,PAYMENT,0,0
PAYSIM-0004127,PAYMENT,0,0
PAYSIM-0004128,PAYMENT,0,0
PAYSIM-0004129,PAYMENT,0,0
PAYSIM-0004130,PAYMENT,0,0
PAYSIM-0004131,PAYMENT,0,0
PAYSIM-0004132,PAYMENT,0,0
PAYSIM-0004133,PAYMENT,0,0
PAYSIM-0004134,PAYMENT,0,0
PAYSIM-0004135,PAYMENT,0,0
PAYSIM-0004136,PAYMENT,0,0
PAYSIM-0004137,PAYMENT,0,0
PAYSIM-0004138,PAYMENT,0,0
PAYSIM-0004139,PAYMENT,0,0
PAYSIM-0004140,PAYMENT,0,0
PAYSIM-0004141,PAYMENT,0,0
PAYSIM-0004142,PAYMENT,0,0
PAYSIM-0004143,PAYMENT,0,0
PAYSIM-0004144,PAYMENT,0,0
PAYSIM-0004145,PAYMENT,0,0
PAYSIM-0004146,PAYMENT,0,0
PAYSIM-0004147,DEBIT,0,0
PAYSIM-0004148,TRANSFER,0,0
PAYSIM-0004149,TRANSFER,0,0
PAYSIM-0004150,TRANSFER,0,0
PAYSIM-0004151,TRANSFER,0,0
PAYSIM-0004152,TRANSFER,0,0
PAYSIM-0004153,TRANSFER,0,0
PAYSIM-0004154,TRANSFER,0,0
PAYSIM-0004155,TRANSFER,0,0
PAYSIM-0004156,TRANSFER,0,0
PAYSIM-0004157,TRANSFER,0,0
PAYSIM-0004158,TRANSFER,0,0
PAYSIM-0004159,TRANSFER,0,0
PAYSIM-0004160,TRANSFER,0,0
PAYSIM-0004161,TRANSFER,0,0
PAYSIM-0004162,TRANSFER,0,0
PAYSIM-0004163,TRANSFER,0,0
PAYSIM-0004164,TRANSFER,0,0
PAYSIM-0004165,TRANSFER,0,0
PAYSIM-0004166,TRANSFER,0,0
PAYSIM-0004167,TRANSFER,0,0
PAYSIM-0004168,TRANSFER,0,0
PAYSIM-0004169,TRANSFER,0,0
PAYSIM-0004170,TRANSFER,0,0
PAYSIM-0004171,TRANSFER,0,0
PAYSIM-0004172,PAYMENT,0,0
PAYSIM-0004173,PAYMENT,0,0
PAYSIM-0004174,CASH_OUT,0,0
PAYSIM-0004175,PAYMENT,0,0
PAYSIM-0004176,PAYMENT,0,0
PAYSIM-0004177,PAYMENT,0,0
PAYSIM-0004178,PAYMENT,0,0
PAYSIM-0004179,PAYMENT,0,0
PAYSIM-0004180,DEBIT,0,0
PAYSIM-0004181,PAYMENT,0,0
PAYSIM-0004182,DEBIT,0,0
PAYSIM-0004183,PAYMENT,0,0
PAYSIM-0004184,DEBIT,0,0
PAYSIM-0004185,PAYMENT,0,0
PAYSIM-0004186,PAYMENT,0,0
PAYSIM-0004187,PAYMENT,0,0
PAYSIM-0004188,TRANSFER,0,0
PAYSIM-0004189,PAYMENT,0,0
PAYSIM-0004190,PAYMENT,0,0
PAYSIM-0004191,PAYMENT,0,0
PAYSIM-0004192,PAYMENT,0,0
PAYSIM-0004193,PAYMENT,0,0
PAYSIM-0004194,DEBIT,0,0
PAYSIM-0004195,CASH_OUT,0,0
PAYSIM-0004196,CASH_OUT,0,0
PAYSIM-0004197,PAYMENT,0,0
PAYSIM-0004198,PAYMENT,0,0
PAYSIM-0004199,PAYMENT,0,0
PAYSIM-0004200,PAYMENT,0,0
PAYSIM-0004201,TRANSFER,0,0
PAYSIM-0004202,PAYMENT,0,0
PAYSIM-0004203,PAYMENT,0,0
PAYSIM-0004204,PAYMENT,0,0
PAYSIM-0004205,CASH_OUT,0,0
PAYSIM-0004206,PAYMENT,0,0
PAYSIM-0004207,PAYMENT,0,0
PAYSIM-0004208,PAYMENT,0,0
PAYSIM-0004209,PAYMENT,0,0
PAYSIM-0004210,PAYMENT,0,0
PAYSIM-0004211,PAYMENT,0,0
PAYSIM-0004212,CASH_OUT,0,0
PAYSIM-0004213,PAYMENT,0,0
PAYSIM-0004214,PAYMENT,0,0
PAYSIM-0004215,PAYMENT,0,0
PAYSIM-0004216,PAYMENT,0,0
PAYSIM-0004217,PAYMENT,0,0
PAYSIM-0004218,PAYMENT,0,0
PAYSIM-0004219,PAYMENT,0,0
PAYSIM-0004220,PAYMENT,0,0
PAYSIM-0004221,PAYMENT,0,0
PAYSIM-0004222,PAYMENT,0,0
PAYSIM-0004223,DEBIT,0,0
PAYSIM-0004224,DEBIT,0,0
PAYSIM-0004225,PAYMENT,0,0
PAYSIM-0004226,CASH_OUT,0,0
PAYSIM-0004227,CASH_OUT,0,0
PAYSIM-0004228,CASH_OUT,0,0
PAYSIM-0004229,CASH_OUT,0,0
PAYSIM-0004230,CASH_OUT,0,0
PAYSIM-0004231,CASH_OUT,0,0
PAYSIM-0004232,CASH_OUT,0,0
PAYSIM-0004233,CASH_OUT,0,0
PAYSIM-0004234,CASH_OUT,0,0
PAYSIM-0004235,CASH_OUT,0,0
PAYSIM-0004236,CASH_OUT,0,0
PAYSIM-0004237,CASH_OUT,0,0
PAYSIM-0004238,CASH_OUT,0,0
PAYSIM-0004239,CASH_OUT,0,0
PAYSIM-0004240,CASH_OUT,0,0
PAYSIM-0004241,CASH_OUT,0,0
PAYSIM-0004242,CASH_OUT,0,0
PAYSIM-0004243,PAYMENT,0,0
PAYSIM-0004244,PAYMENT,0,0
PAYSIM-0004245,CASH_IN,0,0
PAYSIM-0004246,PAYMENT,0,0
PAYSIM-0004247,PAYMENT,0,0
PAYSIM-0004248,PAYMENT,0,0
PAYSIM-0004249,PAYMENT,0,0
PAYSIM-0004250,PAYMENT,0,0
PAYSIM-0004251,PAYMENT,0,0
PAYSIM-0004252,PAYMENT,0,0
PAYSIM-0004253,TRANSFER,0,0
PAYSIM-0004254,DEBIT,0,0
PAYSIM-0004255,PAYMENT,0,0
PAYSIM-0004256,PAYMENT,0,0
PAYSIM-0004257,TRANSFER,0,0
PAYSIM-0004258,TRANSFER,0,0
PAYSIM-0004259,PAYMENT,0,0
PAYSIM-0004260,PAYMENT,0,0
PAYSIM-0004261,TRANSFER,1,0
PAYSIM-0004262,CASH_OUT,1,0
PAYSIM-0004263,PAYMENT,0,0
PAYSIM-0004264,PAYMENT,0,0
PAYSIM-0004265,PAYMENT,0,0
PAYSIM-0004266,PAYMENT,0,0
PAYSIM-0004267,PAYMENT,0,0
PAYSIM-0004268,PAYMENT,0,0
PAYSIM-0004269,PAYMENT,0,0
PAYSIM-0004270,PAYMENT,0,0
PAYSIM-0004271,PAYMENT,0,0
PAYSIM-0004272,PAYMENT,0,0
PAYSIM-0004273,PAYMENT,0,0
PAYSIM-0004274,PAYMENT,0,0
PAYSIM-0004275,TRANSFER,0,0
PAYSIM-0004276,PAYMENT,0,0
PAYSIM-0004277,PAYMENT,0,0
PAYSIM-0004278,PAYMENT,0,0
PAYSIM-0004279,PAYMENT,0,0
PAYSIM-0004280,PAYMENT,0,0
PAYSIM-0004281,TRANSFER,0,0
PAYSIM-0004282,PAYMENT,0,0
PAYSIM-0004283,CASH_OUT,0,0
PAYSIM-0004284,PAYMENT,0,0
PAYSIM-0004285,PAYMENT,0,0
PAYSIM-0004286,PAYMENT,0,0
PAYSIM-0004287,DEBIT,0,0
PAYSIM-0004288,PAYMENT,0,0
PAYSIM-0004289,PAYMENT,0,0
PAYSIM-0004290,PAYMENT,0,0
PAYSIM-0004291,PAYMENT,0,0
PAYSIM-0004292,PAYMENT,0,0
PAYSIM-0004293,PAYMENT,0,0
PAYSIM-0004294,PAYMENT,0,0
PAYSIM-0004295,PAYMENT,0,0
PAYSIM-0004296,PAYMENT,0,0
PAYSIM-0004297,PAYMENT,0,0
PAYSIM-0004298,PAYMENT,0,0
PAYSIM-0004299,PAYMENT,0,0
PAYSIM-0004300,PAYMENT,0,0
PAYSIM-0004301,PAYMENT,0,0
PAYSIM-0004302,PAYMENT,0,0
PAYSIM-0004303,PAYMENT,0,0
PAYSIM-0004304,PAYMENT,0,0
PAYSIM-0004305,PAYMENT,0,0
PAYSIM-0004306,DEBIT,0,0
PAYSIM-0004307,PAYMENT,0,0
PAYSIM-0004308,TRANSFER,0,0
PAYSIM-0004309,CASH_IN,0,0
PAYSIM-0004310,CASH_IN,0,0
PAYSIM-0004311,CASH_IN,0,0
PAYSIM-0004312,CASH_IN,0,0
PAYSIM-0004313,CASH_IN,0,0
PAYSIM-0004314,CASH_IN,0,0
PAYSIM-0004315,CASH_IN,0,0
PAYSIM-0004316,CASH_IN,0,0
PAYSIM-0004317,CASH_IN,0,0
PAYSIM-0004318,CASH_IN,0,0
PAYSIM-0004319,CASH_IN,0,0
PAYSIM-0004320,CASH_IN,0,0
PAYSIM-0004321,CASH_IN,0,0
PAYSIM-0004322,CASH_IN,0,0
PAYSIM-0004323,CASH_IN,0,0
PAYSIM-0004324,CASH_IN,0,0
PAYSIM-0004325,CASH_IN,0,0
PAYSIM-0004326,CASH_IN,0,0
PAYSIM-0004327,CASH_IN,0,0
PAYSIM-0004328,CASH_IN,0,0
PAYSIM-0004329,CASH_IN,0,0
PAYSIM-0004330,CASH_IN,0,0
PAYSIM-0004331,CASH_IN,0,0
PAYSIM-0004332,CASH_IN,0,0
PAYSIM-0004333,CASH_IN,0,0
PAYSIM-0004334,CASH_IN,0,0
PAYSIM-0004335,CASH_IN,0,0
PAYSIM-0004336,CASH_IN,0,0
PAYSIM-0004337,CASH_IN,0,0
PAYSIM-0004338,CASH_IN,0,0
PAYSIM-0004339,CASH_IN,0,0
PAYSIM-0004340,CASH_IN,0,0
PAYSIM-0004341,CASH_IN,0,0
PAYSIM-0004342,PAYMENT,0,0
PAYSIM-0004343,PAYMENT,0,0
PAYSIM-0004344,PAYMENT,0,0
PAYSIM-0004345,PAYMENT,0,0
PAYSIM-0004346,PAYMENT,0,0
PAYSIM-0004347,PAYMENT,0,0
PAYSIM-0004348,PAYMENT,0,0
PAYSIM-0004349,CASH_OUT,0,0
PAYSIM-0004350,TRANSFER,0,0
PAYSIM-0004351,PAYMENT,0,0
PAYSIM-0004352,PAYMENT,0,0
PAYSIM-0004353,PAYMENT,0,0
PAYSIM-0004354,PAYMENT,0,0
PAYSIM-0004355,PAYMENT,0,0
PAYSIM-0004356,PAYMENT,0,0
PAYSIM-0004357,PAYMENT,0,0
PAYSIM-0004358,PAYMENT,0,0
PAYSIM-0004359,PAYMENT,0,0
PAYSIM-0004360,CASH_OUT,0,0
PAYSIM-0004361,PAYMENT,0,0
PAYSIM-0004362,PAYMENT,0,0
PAYSIM-0004363,PAYMENT,0,0
PAYSIM-0004364,PAYMENT,0,0
PAYSIM-0004365,PAYMENT,0,0
PAYSIM-0004366,PAYMENT,0,0
PAYSIM-0004367,PAYMENT,0,0
PAYSIM-0004368,PAYMENT,0,0
PAYSIM-0004369,PAYMENT,0,0
PAYSIM-0004370,CASH_OUT,0,0
PAYSIM-0004371,PAYMENT,0,0
PAYSIM-0004372,CASH_OUT,0,0
PAYSIM-0004373,CASH_OUT,0,0
PAYSIM-0004374,PAYMENT,0,0
PAYSIM-0004375,PAYMENT,0,0
PAYSIM-0004376,PAYMENT,0,0
PAYSIM-0004377,PAYMENT,0,0
PAYSIM-0004378,PAYMENT,0,0
PAYSIM-0004379,PAYMENT,0,0
PAYSIM-0004380,PAYMENT,0,0
PAYSIM-0004381,CASH_IN,0,0
PAYSIM-0004382,PAYMENT,0,0
PAYSIM-0004383,PAYMENT,0,0
PAYSIM-0004384,PAYMENT,0,0
PAYSIM-0004385,PAYMENT,0,0
PAYSIM-0004386,PAYMENT,0,0
PAYSIM-0004387,TRANSFER,0,0
PAYSIM-0004388,PAYMENT,0,0
PAYSIM-0004389,TRANSFER,0,0
PAYSIM-0004390,PAYMENT,0,0
PAYSIM-0004391,PAYMENT,0,0
PAYSIM-0004392,PAYMENT,0,0
PAYSIM-0004393,PAYMENT,0,0
PAYSIM-0004394,PAYMENT,0,0
PAYSIM-0004395,PAYMENT,0,0
PAYSIM-0004396,PAYMENT,0,0
PAYSIM-0004397,PAYMENT,0,0
PAYSIM-0004398,PAYMENT,0,0
PAYSIM-0004399,PAYMENT,0,0
PAYSIM-0004400,PAYMENT,0,0
PAYSIM-0004401,PAYMENT,0,0
PAYSIM-0004402,PAYMENT,0,0
PAYSIM-0004403,PAYMENT,0,0
PAYSIM-0004404,PAYMENT,0,0
PAYSIM-0004405,PAYMENT,0,0
PAYSIM-0004406,PAYMENT,0,0
PAYSIM-0004407,PAYMENT,0,0
PAYSIM-0004408,PAYMENT,0,0
PAYSIM-0004409,PAYMENT,0,0
PAYSIM-0004410,DEBIT,0,0
PAYSIM-0004411,CASH_OUT,0,0
PAYSIM-0004412,CASH_OUT,0,0
PAYSIM-0004413,PAYMENT,0,0
PAYSIM-0004414,PAYMENT,0,0
PAYSIM-0004415,PAYMENT,0,0
PAYSIM-0004416,PAYMENT,0,0
PAYSIM-0004417,PAYMENT,0,0
PAYSIM-0004418,PAYMENT,0,0
PAYSIM-0004419,PAYMENT,0,0
PAYSIM-0004420,PAYMENT,0,0
PAYSIM-0004421,PAYMENT,0,0
PAYSIM-0004422,PAYMENT,0,0
PAYSIM-0004423,PAYMENT,0,0
PAYSIM-0004424,PAYMENT,0,0
PAYSIM-0004425,PAYMENT,0,0
PAYSIM-0004426,PAYMENT,0,0
PAYSIM-0004427,PAYMENT,0,0
PAYSIM-0004428,PAYMENT,0,0
PAYSIM-0004429,TRANSFER,0,0
PAYSIM-0004430,PAYMENT,0,0
PAYSIM-0004431,PAYMENT,0,0
PAYSIM-0004432,PAYMENT,0,0
PAYSIM-0004433,PAYMENT,0,0
PAYSIM-0004434,PAYMENT,0,0
PAYSIM-0004435,PAYMENT,0,0
PAYSIM-0004436,TRANSFER,0,0
PAYSIM-0004437,PAYMENT,0,0
PAYSIM-0004438,PAYMENT,0,0
PAYSIM-0004439,PAYMENT,0,0
PAYSIM-0004440,CASH_OUT,0,0
PAYSIM-0004441,TRANSFER,1,0
PAYSIM-0004442,CASH_OUT,1,0
PAYSIM-0004443,TRANSFER,1,0
PAYSIM-0004444,CASH_OUT,1,0
PAYSIM-0004445,PAYMENT,0,0
PAYSIM-0004446,PAYMENT,0,0
PAYSIM-0004447,PAYMENT,0,0
PAYSIM-0004448,PAYMENT,0,0
PAYSIM-0004449,TRANSFER,0,0
PAYSIM-0004450,PAYMENT,0,0
PAYSIM-0004451,PAYMENT,0,0
PAYSIM-0004452,PAYMENT,0,0
PAYSIM-0004453,PAYMENT,0,0
PAYSIM-0004454,PAYMENT,0,0
PAYSIM-0004455,PAYMENT,0,0
PAYSIM-0004456,PAYMENT,0,0
PAYSIM-0004457,CASH_IN,0,0
PAYSIM-0004458,CASH_IN,0,0
PAYSIM-0004459,CASH_IN,0,0
PAYSIM-0004460,CASH_IN,0,0
PAYSIM-0004461,CASH_IN,0,0
PAYSIM-0004462,CASH_IN,0,0
PAYSIM-0004463,CASH_IN,0,0
PAYSIM-0004464,CASH_IN,0,0
PAYSIM-0004465,CASH_IN,0,0
PAYSIM-0004466,CASH_IN,0,0
PAYSIM-0004467,CASH_IN,0,0
PAYSIM-0004468,CASH_IN,0,0
PAYSIM-0004469,CASH_IN,0,0
PAYSIM-0004470,CASH_IN,0,0
PAYSIM-0004471,CASH_IN,0,0
PAYSIM-0004472,CASH_IN,0,0
PAYSIM-0004473,CASH_IN,0,0
PAYSIM-0004474,CASH_IN,0,0
PAYSIM-0004475,CASH_IN,0,0
PAYSIM-0004476,CASH_IN,0,0
PAYSIM-0004477,CASH_IN,0,0
PAYSIM-0004478,CASH_IN,0,0
PAYSIM-0004479,CASH_IN,0,0
PAYSIM-0004480,CASH_IN,0,0
PAYSIM-0004481,CASH_IN,0,0
PAYSIM-0004482,CASH_IN,0,0
PAYSIM-0004483,CASH_IN,0,0
PAYSIM-0004484,CASH_IN,0,0
PAYSIM-0004485,CASH_IN,0,0
PAYSIM-0004486,CASH_IN,0,0
PAYSIM-0004487,CASH_IN,0,0
PAYSIM-0004488,CASH_IN,0,0
PAYSIM-0004489,CASH_IN,0,0
PAYSIM-0004490,CASH_IN,0,0
PAYSIM-0004491,CASH_IN,0,0
PAYSIM-0004492,CASH_IN,0,0
PAYSIM-0004493,CASH_IN,0,0
PAYSIM-0004494,CASH_IN,0,0
PAYSIM-0004495,CASH_IN,0,0
PAYSIM-0004496,CASH_IN,0,0
PAYSIM-0004497,CASH_IN,0,0
PAYSIM-0004498,CASH_IN,0,0
PAYSIM-0004499,CASH_IN,0,0
PAYSIM-0004500,CASH_IN,0,0
PAYSIM-0004501,CASH_IN,0,0
PAYSIM-0004502,CASH_IN,0,0
PAYSIM-0004503,CASH_IN,0,0
PAYSIM-0004504,CASH_IN,0,0
PAYSIM-0004505,CASH_IN,0,0
PAYSIM-0004506,CASH_IN,0,0
PAYSIM-0004507,CASH_IN,0,0
PAYSIM-0004508,CASH_IN,0,0
PAYSIM-0004509,CASH_IN,0,0
PAYSIM-0004510,CASH_IN,0,0
PAYSIM-0004511,CASH_IN,0,0
PAYSIM-0004512,CASH_IN,0,0
PAYSIM-0004513,CASH_IN,0,0
PAYSIM-0004514,CASH_IN,0,0
PAYSIM-0004515,CASH_IN,0,0
PAYSIM-0004516,CASH_IN,0,0
PAYSIM-0004517,CASH_IN,0,0
PAYSIM-0004518,CASH_IN,0,0
PAYSIM-0004519,CASH_IN,0,0
PAYSIM-0004520,CASH_IN,0,0
PAYSIM-0004521,CASH_IN,0,0
PAYSIM-0004522,CASH_IN,0,0
PAYSIM-0004523,CASH_IN,0,0
PAYSIM-0004524,CASH_IN,0,0
PAYSIM-0004525,CASH_IN,0,0
PAYSIM-0004526,CASH_IN,0,0
PAYSIM-0004527,CASH_IN,0,0
PAYSIM-0004528,PAYMENT,0,0
PAYSIM-0004529,PAYMENT,0,0
PAYSIM-0004530,PAYMENT,0,0
PAYSIM-0004531,PAYMENT,0,0
PAYSIM-0004532,CASH_OUT,0,0
PAYSIM-0004533,PAYMENT,0,0
PAYSIM-0004534,CASH_IN,0,0
PAYSIM-0004535,CASH_IN,0,0
PAYSIM-0004536,CASH_IN,0,0
PAYSIM-0004537,CASH_IN,0,0
PAYSIM-0004538,CASH_IN,0,0
PAYSIM-0004539,CASH_IN,0,0
PAYSIM-0004540,CASH_IN,0,0
PAYSIM-0004541,CASH_IN,0,0
PAYSIM-0004542,CASH_IN,0,0
PAYSIM-0004543,CASH_IN,0,0
PAYSIM-0004544,CASH_IN,0,0
PAYSIM-0004545,CASH_IN,0,0
PAYSIM-0004546,CASH_IN,0,0
PAYSIM-0004547,CASH_IN,0,0
PAYSIM-0004548,CASH_IN,0,0
PAYSIM-0004549,CASH_IN,0,0
PAYSIM-0004550,CASH_IN,0,0
PAYSIM-0004551,CASH_IN,0,0
PAYSIM-0004552,CASH_IN,0,0
PAYSIM-0004553,CASH_IN,0,0
PAYSIM-0004554,CASH_IN,0,0
PAYSIM-0004555,CASH_IN,0,0
PAYSIM-0004556,CASH_IN,0,0
PAYSIM-0004557,CASH_IN,0,0
PAYSIM-0004558,CASH_IN,0,0
PAYSIM-0004559,CASH_IN,0,0
PAYSIM-0004560,CASH_IN,0,0
PAYSIM-0004561,CASH_IN,0,0
PAYSIM-0004562,CASH_IN,0,0
PAYSIM-0004563,CASH_IN,0,0
PAYSIM-0004564,PAYMENT,0,0
PAYSIM-0004565,PAYMENT,0,0
PAYSIM-0004566,PAYMENT,0,0
PAYSIM-0004567,PAYMENT,0,0
PAYSIM-0004568,PAYMENT,0,0
PAYSIM-0004569,PAYMENT,0,0
PAYSIM-0004570,TRANSFER,0,0
PAYSIM-0004571,DEBIT,0,0
PAYSIM-0004572,PAYMENT,0,0
PAYSIM-0004573,PAYMENT,0,0
PAYSIM-0004574,PAYMENT,0,0
PAYSIM-0004575,PAYMENT,0,0
PAYSIM-0004576,CASH_OUT,0,0
PAYSIM-0004577,PAYMENT,0,0
PAYSIM-0004578,TRANSFER,0,0
PAYSIM-0004579,CASH_OUT,0,0
PAYSIM-0004580,CASH_OUT,0,0
PAYSIM-0004581,CASH_OUT,0,0
PAYSIM-0004582,CASH_OUT,0,0
PAYSIM-0004583,CASH_OUT,0,0
PAYSIM-0004584,CASH_OUT,0,0
PAYSIM-0004585,CASH_OUT,0,0
PAYSIM-0004586,CASH_OUT,0,0
PAYSIM-0004587,PAYMENT,0,0
PAYSIM-0004588,PAYMENT,0,0
PAYSIM-0004589,PAYMENT,0,0
PAYSIM-0004590,PAYMENT,0,0
PAYSIM-0004591,PAYMENT,0,0
PAYSIM-0004592,DEBIT,0,0
PAYSIM-0004593,PAYMENT,0,0
PAYSIM-0004594,PAYMENT,0,0
PAYSIM-0004595,PAYMENT,0,0
PAYSIM-0004596,CASH_OUT,0,0
PAYSIM-0004597,CASH_OUT,0,0
PAYSIM-0004598,CASH_OUT,0,0
PAYSIM-0004599,CASH_OUT,0,0
PAYSIM-0004600,CASH_OUT,0,0
PAYSIM-0004601,CASH_OUT,0,0
PAYSIM-0004602,CASH_OUT,0,0
PAYSIM-0004603,CASH_OUT,0,0
PAYSIM-0004604,CASH_OUT,0,0
PAYSIM-0004605,CASH_OUT,0,0
PAYSIM-0004606,CASH_OUT,0,0
PAYSIM-0004607,CASH_OUT,0,0
PAYSIM-0004608,CASH_OUT,0,0
PAYSIM-0004609,CASH_OUT,0,0
PAYSIM-0004610,CASH_OUT,0,0
PAYSIM-0004611,CASH_OUT,0,0
PAYSIM-0004612,CASH_OUT,0,0
PAYSIM-0004613,CASH_OUT,0,0
PAYSIM-0004614,CASH_OUT,0,0
PAYSIM-0004615,CASH_OUT,0,0
PAYSIM-0004616,CASH_OUT,0,0
PAYSIM-0004617,CASH_OUT,0,0
PAYSIM-0004618,CASH_OUT,0,0
PAYSIM-0004619,CASH_OUT,0,0
PAYSIM-0004620,PAYMENT,0,0
PAYSIM-0004621,PAYMENT,0,0
PAYSIM-0004622,PAYMENT,0,0
PAYSIM-0004623,PAYMENT,0,0
PAYSIM-0004624,TRANSFER,0,0
PAYSIM-0004625,PAYMENT,0,0
PAYSIM-0004626,PAYMENT,0,0
PAYSIM-0004627,CASH_OUT,0,0
PAYSIM-0004628,PAYMENT,0,0
PAYSIM-0004629,PAYMENT,0,0
PAYSIM-0004630,PAYMENT,0,0
PAYSIM-0004631,CASH_IN,0,0
PAYSIM-0004632,PAYMENT,0,0
PAYSIM-0004633,PAYMENT,0,0
PAYSIM-0004634,TRANSFER,0,0
PAYSIM-0004635,TRANSFER,0,0
PAYSIM-0004636,PAYMENT,0,0
PAYSIM-0004637,PAYMENT,0,0
PAYSIM-0004638,PAYMENT,0,0
PAYSIM-0004639,TRANSFER,0,0
PAYSIM-0004640,PAYMENT,0,0
PAYSIM-0004641,TRANSFER,0,0
PAYSIM-0004642,PAYMENT,0,0
PAYSIM-0004643,PAYMENT,0,0
PAYSIM-0004644,DEBIT,0,0
PAYSIM-0004645,PAYMENT,0,0
PAYSIM-0004646,PAYMENT,0,0
PAYSIM-0004647,PAYMENT,0,0
PAYSIM-0004648,PAYMENT,0,0
PAYSIM-0004649,CASH_OUT,0,0
PAYSIM-0004650,CASH_OUT,0,0
PAYSIM-0004651,DEBIT,0,0
PAYSIM-0004652,PAYMENT,0,0
PAYSIM-0004653,PAYMENT,0,0
PAYSIM-0004654,CASH_OUT,0,0
PAYSIM-0004655,PAYMENT,0,0
PAYSIM-0004656,PAYMENT,0,0
PAYSIM-0004657,PAYMENT,0,0
PAYSIM-0004658,PAYMENT,0,0
PAYSIM-0004659,PAYMENT,0,0
PAYSIM-0004660,PAYMENT,0,0
PAYSIM-0004661,PAYMENT,0,0
PAYSIM-0004662,PAYMENT,0,0
PAYSIM-0004663,PAYMENT,0,0
PAYSIM-0004664,CASH_OUT,0,0
PAYSIM-0004665,PAYMENT,0,0
PAYSIM-0004666,CASH_OUT,0,0
PAYSIM-0004667,PAYMENT,0,0
PAYSIM-0004668,TRANSFER,1,0
PAYSIM-0004669,CASH_OUT,1,0
PAYSIM-0004670,PAYMENT,0,0
PAYSIM-0004671,DEBIT,0,0
PAYSIM-0004672,PAYMENT,0,0
PAYSIM-0004673,PAYMENT,0,0
PAYSIM-0004674,TRANSFER,0,0
PAYSIM-0004675,TRANSFER,0,0
PAYSIM-0004676,TRANSFER,0,0
PAYSIM-0004677,TRANSFER,0,0
PAYSIM-0004678,TRANSFER,0,0
PAYSIM-0004679,TRANSFER,0,0
PAYSIM-0004680,TRANSFER,0,0
PAYSIM-0004681,TRANSFER,0,0
PAYSIM-0004682,TRANSFER,0,0
PAYSIM-0004683,TRANSFER,0,0
PAYSIM-0004684,TRANSFER,0,0
PAYSIM-0004685,TRANSFER,0,0
PAYSIM-0004686,TRANSFER,0,0
PAYSIM-0004687,TRANSFER,0,0
PAYSIM-0004688,TRANSFER,0,0
PAYSIM-0004689,TRANSFER,0,0
PAYSIM-0004690,TRANSFER,0,0
PAYSIM-0004691,PAYMENT,0,0
PAYSIM-0004692,PAYMENT,0,0
PAYSIM-0004693,PAYMENT,0,0
PAYSIM-0004694,TRANSFER,1,0
PAYSIM-0004695,CASH_OUT,1,0
PAYSIM-0004696,PAYMENT,0,0
PAYSIM-0004697,PAYMENT,0,0
PAYSIM-0004698,PAYMENT,0,0
PAYSIM-0004699,PAYMENT,0,0
PAYSIM-0004700,PAYMENT,0,0
PAYSIM-0004701,PAYMENT,0,0
PAYSIM-0004702,PAYMENT,0,0
PAYSIM-0004703,PAYMENT,0,0
PAYSIM-0004704,PAYMENT,0,0
PAYSIM-0004705,CASH_OUT,0,0
PAYSIM-0004706,PAYMENT,0,0
PAYSIM-0004707,PAYMENT,0,0
PAYSIM-0004708,CASH_OUT,0,0
PAYSIM-0004709,PAYMENT,0,0
PAYSIM-0004710,PAYMENT,0,0
PAYSIM-0004711,PAYMENT,0,0
PAYSIM-0004712,PAYMENT,0,0
PAYSIM-0004713,PAYMENT,0,0
PAYSIM-0004714,PAYMENT,0,0
PAYSIM-0004715,PAYMENT,0,0
PAYSIM-0004716,PAYMENT,0,0
PAYSIM-0004717,PAYMENT,0,0
PAYSIM-0004718,PAYMENT,0,0
PAYSIM-0004719,PAYMENT,0,0
PAYSIM-0004720,PAYMENT,0,0
PAYSIM-0004721,DEBIT,0,0
PAYSIM-0004722,PAYMENT,0,0
PAYSIM-0004723,PAYMENT,0,0
PAYSIM-0004724,PAYMENT,0,0
PAYSIM-0004725,PAYMENT,0,0
PAYSIM-0004726,PAYMENT,0,0
PAYSIM-0004727,PAYMENT,0,0
PAYSIM-0004728,PAYMENT,0,0
PAYSIM-0004729,PAYMENT,0,0
PAYSIM-0004730,PAYMENT,0,0
PAYSIM-0004731,PAYMENT,0,0
PAYSIM-0004732,PAYMENT,0,0
PAYSIM-0004733,PAYMENT,0,0
PAYSIM-0004734,CASH_OUT,0,0
PAYSIM-0004735,CASH_OUT,0,0
PAYSIM-0004736,CASH_OUT,0,0
PAYSIM-0004737,CASH_OUT,0,0
PAYSIM-0004738,CASH_OUT,0,0
PAYSIM-0004739,CASH_OUT,0,0
PAYSIM-0004740,CASH_OUT,0,0
PAYSIM-0004741,CASH_OUT,0,0
PAYSIM-0004742,CASH_OUT,0,0
PAYSIM-0004743,CASH_OUT,0,0
PAYSIM-0004744,CASH_OUT,0,0
PAYSIM-0004745,CASH_OUT,0,0
PAYSIM-0004746,CASH_OUT,0,0
PAYSIM-0004747,CASH_OUT,0,0
PAYSIM-0004748,CASH_OUT,0,0
PAYSIM-0004749,PAYMENT,0,0
PAYSIM-0004750,PAYMENT,0,0
PAYSIM-0004751,PAYMENT,0,0
PAYSIM-0004752,TRANSFER,0,0
PAYSIM-0004753,PAYMENT,0,0
PAYSIM-0004754,PAYMENT,0,0
PAYSIM-0004755,PAYMENT,0,0
PAYSIM-0004756,PAYMENT,0,0
PAYSIM-0004757,PAYMENT,0,0
PAYSIM-0004758,DEBIT,0,0
PAYSIM-0004759,DEBIT,0,0
PAYSIM-0004760,PAYMENT,0,0
PAYSIM-0004761,PAYMENT,0,0
PAYSIM-0004762,PAYMENT,0,0
PAYSIM-0004763,PAYMENT,0,0
PAYSIM-0004764,PAYMENT,0,0
PAYSIM-0004765,CASH_OUT,0,0
PAYSIM-0004766,PAYMENT,0,0
PAYSIM-0004767,DEBIT,0,0
PAYSIM-0004768,CASH_OUT,0,0
PAYSIM-0004769,PAYMENT,0,0
PAYSIM-0004770,PAYMENT,0,0
PAYSIM-0004771,PAYMENT,0,0
PAYSIM-0004772,PAYMENT,0,0
PAYSIM-0004773,PAYMENT,0,0
PAYSIM-0004774,PAYMENT,0,0
PAYSIM-0004775,DEBIT,0,0
PAYSIM-0004776,TRANSFER,1,0
PAYSIM-0004777,CASH_OUT,1,0
PAYSIM-0004778,PAYMENT,0,0
PAYSIM-0004779,PAYMENT,0,0
PAYSIM-0004780,PAYMENT,0,0
PAYSIM-0004781,PAYMENT,0,0
PAYSIM-0004782,PAYMENT,0,0
PAYSIM-0004783,PAYMENT,0,0
PAYSIM-0004784,PAYMENT,0,0
PAYSIM-0004785,PAYMENT,0,0
PAYSIM-0004786,PAYMENT,0,0
PAYSIM-0004787,PAYMENT,0,0
PAYSIM-0004788,PAYMENT,0,0
PAYSIM-0004789,CASH_OUT,0,0
PAYSIM-0004790,PAYMENT,0,0
PAYSIM-0004791,DEBIT,0,0
PAYSIM-0004792,PAYMENT,0,0
PAYSIM-0004793,PAYMENT,0,0
PAYSIM-0004794,TRANSFER,0,0
PAYSIM-0004795,PAYMENT,0,0
PAYSIM-0004796,PAYMENT,0,0
PAYSIM-0004797,PAYMENT,0,0
PAYSIM-0004798,PAYMENT,0,0
PAYSIM-0004799,CASH_OUT,0,0
PAYSIM-0004800,TRANSFER,0,0
PAYSIM-0004801,PAYMENT,0,0
PAYSIM-0004802,PAYMENT,0,0
PAYSIM-0004803,PAYMENT,0,0
PAYSIM-0004804,PAYMENT,0,0
PAYSIM-0004805,PAYMENT,0,0
PAYSIM-0004806,PAYMENT,0,0
PAYSIM-0004807,PAYMENT,0,0
PAYSIM-0004808,CASH_OUT,0,0
PAYSIM-0004809,CASH_OUT,0,0
PAYSIM-0004810,DEBIT,0,0
PAYSIM-0004811,PAYMENT,0,0
PAYSIM-0004812,PAYMENT,0,0
PAYSIM-0004813,PAYMENT,0,0
PAYSIM-0004814,PAYMENT,0,0
PAYSIM-0004815,PAYMENT,0,0
PAYSIM-0004816,PAYMENT,0,0
PAYSIM-0004817,PAYMENT,0,0
PAYSIM-0004818,PAYMENT,0,0
PAYSIM-0004819,PAYMENT,0,0
PAYSIM-0004820,PAYMENT,0,0
PAYSIM-0004821,PAYMENT,0,0
PAYSIM-0004822,PAYMENT,0,0
PAYSIM-0004823,PAYMENT,0,0
PAYSIM-0004824,PAYMENT,0,0
PAYSIM-0004825,PAYMENT,0,0
PAYSIM-0004826,PAYMENT,0,0
PAYSIM-0004827,PAYMENT,0,0
PAYSIM-0004828,PAYMENT,0,0
PAYSIM-0004829,PAYMENT,0,0
PAYSIM-0004830,PAYMENT,0,0
PAYSIM-0004831,PAYMENT,0,0
PAYSIM-0004832,PAYMENT,0,0
PAYSIM-0004833,PAYMENT,0,0
PAYSIM-0004834,PAYMENT,0,0
PAYSIM-0004835,PAYMENT,0,0
PAYSIM-0004836,TRANSFER,0,0
PAYSIM-0004837,PAYMENT,0,0
PAYSIM-0004838,DEBIT,0,0
PAYSIM-0004839,PAYMENT,0,0
PAYSIM-0004840,PAYMENT,0,0
PAYSIM-0004841,CASH_OUT,0,0
PAYSIM-0004842,PAYMENT,0,0
PAYSIM-0004843,PAYMENT,0,0
PAYSIM-0004844,PAYMENT,0,0
PAYSIM-0004845,PAYMENT,0,0
PAYSIM-0004846,PAYMENT,0,0
PAYSIM-0004847,PAYMENT,0,0
PAYSIM-0004848,CASH_OUT,0,0
PAYSIM-0004849,PAYMENT,0,0
PAYSIM-0004850,PAYMENT,0,0
PAYSIM-0004851,PAYMENT,0,0
PAYSIM-0004852,PAYMENT,0,0
PAYSIM-0004853,PAYMENT,0,0
PAYSIM-0004854,PAYMENT,0,0
PAYSIM-0004855,PAYMENT,0,0
PAYSIM-0004856,PAYMENT,0,0
PAYSIM-0004857,PAYMENT,0,0
PAYSIM-0004858,TRANSFER,1,0
PAYSIM-0004859,CASH_OUT,1,0
PAYSIM-0004860,PAYMENT,0,0
PAYSIM-0004861,CASH_OUT,0,0
PAYSIM-0004862,TRANSFER,0,0
PAYSIM-0004863,PAYMENT,0,0
PAYSIM-0004864,PAYMENT,0,0
PAYSIM-0004865,DEBIT,0,0
PAYSIM-0004866,DEBIT,0,0
PAYSIM-0004867,PAYMENT,0,0
PAYSIM-0004868,PAYMENT,0,0
PAYSIM-0004869,PAYMENT,0,0
PAYSIM-0004870,PAYMENT,0,0
PAYSIM-0004871,PAYMENT,0,0
PAYSIM-0004872,PAYMENT,0,0
PAYSIM-0004873,PAYMENT,0,0
PAYSIM-0004874,PAYMENT,0,0
PAYSIM-0004875,PAYMENT,0,0
PAYSIM-0004876,PAYMENT,0,0
PAYSIM-0004877,PAYMENT,0,0
PAYSIM-0004878,PAYMENT,0,0
PAYSIM-0004879,PAYMENT,0,0
PAYSIM-0004880,PAYMENT,0,0
PAYSIM-0004881,PAYMENT,0,0
PAYSIM-0004882,PAYMENT,0,0
PAYSIM-0004883,PAYMENT,0,0
PAYSIM-0004884,CASH_OUT,0,0
PAYSIM-0004885,DEBIT,0,0
PAYSIM-0004886,PAYMENT,0,0
PAYSIM-0004887,PAYMENT,0,0
PAYSIM-0004888,PAYMENT,0,0
PAYSIM-0004889,PAYMENT,0,0
PAYSIM-0004890,CASH_OUT,0,0
PAYSIM-0004891,PAYMENT,0,0
PAYSIM-0004892,PAYMENT,0,0
PAYSIM-0004893,PAYMENT,0,0
PAYSIM-0004894,CASH_OUT,0,0
PAYSIM-0004895,PAYMENT,0,0
PAYSIM-0004896,PAYMENT,0,0
PAYSIM-0004897,CASH_OUT,0,0
PAYSIM-0004898,CASH_OUT,0,0
PAYSIM-0004899,PAYMENT,0,0
PAYSIM-0004900,PAYMENT,0,0
PAYSIM-0004901,PAYMENT,0,0
PAYSIM-0004902,TRANSFER,0,0
PAYSIM-0004903,PAYMENT,0,0
PAYSIM-0004904,PAYMENT,0,0
PAYSIM-0004905,CASH_OUT,0,0
PAYSIM-0004906,PAYMENT,0,0
PAYSIM-0004907,CASH_IN,0,0
PAYSIM-0004908,PAYMENT,0,0
PAYSIM-0004909,CASH_IN,0,0
PAYSIM-0004910,CASH_IN,0,0
PAYSIM-0004911,CASH_IN,0,0
PAYSIM-0004912,CASH_IN,0,0
PAYSIM-0004913,CASH_IN,0,0
PAYSIM-0004914,CASH_IN,0,0
PAYSIM-0004915,CASH_IN,0,0
PAYSIM-0004916,CASH_IN,0,0
PAYSIM-0004917,CASH_IN,0,0
PAYSIM-0004918,CASH_IN,0,0
PAYSIM-0004919,CASH_IN,0,0
PAYSIM-0004920,CASH_IN,0,0
PAYSIM-0004921,CASH_IN,0,0
PAYSIM-0004922,CASH_IN,0,0
PAYSIM-0004923,CASH_IN,0,0
PAYSIM-0004924,CASH_IN,0,0
PAYSIM-0004925,CASH_IN,0,0
PAYSIM-0004926,CASH_IN,0,0
PAYSIM-0004927,CASH_IN,0,0
PAYSIM-0004928,CASH_IN,0,0
PAYSIM-0004929,CASH_IN,0,0
PAYSIM-0004930,CASH_IN,0,0
PAYSIM-0004931,CASH_IN,0,0
PAYSIM-0004932,CASH_IN,0,0
PAYSIM-0004933,CASH_IN,0,0
PAYSIM-0004934,CASH_IN,0,0
PAYSIM-0004935,CASH_IN,0,0
PAYSIM-0004936,CASH_IN,0,0
PAYSIM-0004937,CASH_IN,0,0
PAYSIM-0004938,CASH_IN,0,0
PAYSIM-0004939,CASH_IN,0,0
PAYSIM-0004940,CASH_IN,0,0
PAYSIM-0004941,CASH_IN,0,0
PAYSIM-0004942,CASH_IN,0,0
PAYSIM-0004943,CASH_IN,0,0
PAYSIM-0004944,CASH_IN,0,0
PAYSIM-0004945,CASH_IN,0,0
PAYSIM-0004946,CASH_IN,0,0
PAYSIM-0004947,CASH_IN,0,0
PAYSIM-0004948,CASH_IN,0,0
PAYSIM-0004949,CASH_IN,0,0
PAYSIM-0004950,CASH_IN,0,0
PAYSIM-0004951,CASH_IN,0,0
PAYSIM-0004952,CASH_IN,0,0
PAYSIM-0004953,CASH_IN,0,0
PAYSIM-0004954,CASH_IN,0,0
PAYSIM-0004955,CASH_IN,0,0
PAYSIM-0004956,CASH_IN,0,0
PAYSIM-0004957,CASH_IN,0,0
PAYSIM-0004958,CASH_IN,0,0
PAYSIM-0004959,CASH_IN,0,0
PAYSIM-0004960,CASH_IN,0,0
PAYSIM-0004961,CASH_IN,0,0
PAYSIM-0004962,CASH_IN,0,0
PAYSIM-0004963,CASH_IN,0,0
PAYSIM-0004964,CASH_IN,0,0
PAYSIM-0004965,CASH_IN,0,0
PAYSIM-0004966,CASH_IN,0,0
PAYSIM-0004967,CASH_IN,0,0
PAYSIM-0004968,CASH_IN,0,0
PAYSIM-0004969,CASH_IN,0,0
PAYSIM-0004970,CASH_IN,0,0
PAYSIM-0004971,CASH_IN,0,0
PAYSIM-0004972,CASH_IN,0,0
PAYSIM-0004973,CASH_IN,0,0
PAYSIM-0004974,CASH_IN,0,0
PAYSIM-0004975,CASH_IN,0,0
PAYSIM-0004976,CASH_IN,0,0
PAYSIM-0004977,CASH_IN,0,0
PAYSIM-0004978,CASH_IN,0,0
PAYSIM-0004979,PAYMENT,0,0
PAYSIM-0004980,CASH_IN,0,0
PAYSIM-0004981,CASH_IN,0,0
PAYSIM-0004982,CASH_IN,0,0
PAYSIM-0004983,CASH_IN,0,0
PAYSIM-0004984,CASH_IN,0,0
PAYSIM-0004985,CASH_IN,0,0
PAYSIM-0004986,CASH_IN,0,0
PAYSIM-0004987,CASH_IN,0,0
PAYSIM-0004988,CASH_IN,0,0
PAYSIM-0004989,CASH_IN,0,0
PAYSIM-0004990,CASH_IN,0,0
PAYSIM-0004991,CASH_IN,0,0
PAYSIM-0004992,CASH_IN,0,0
PAYSIM-0004993,CASH_IN,0,0
PAYSIM-0004994,CASH_IN,0,0
PAYSIM-0004995,CASH_IN,0,0
PAYSIM-0004996,CASH_IN,0,0
PAYSIM-0004997,CASH_IN,0,0
PAYSIM-0004998,CASH_IN,0,0
PAYSIM-0004999,CASH_IN,0,0
PAYSIM-0005000,CASH_IN,0,0
PAYSIM-0005001,CASH_IN,0,0
PAYSIM-0005002,CASH_IN,0,0
PAYSIM-0005003,CASH_IN,0,0
PAYSIM-0005004,CASH_IN,0,0
PAYSIM-0005005,CASH_IN,0,0
PAYSIM-0005006,CASH_IN,0,0
PAYSIM-0005007,CASH_IN,0,0
PAYSIM-0005008,CASH_IN,0,0
PAYSIM-0005009,CASH_IN,0,0
PAYSIM-0005010,CASH_IN,0,0
PAYSIM-0005011,CASH_IN,0,0
PAYSIM-0005012,CASH_IN,0,0
PAYSIM-0005013,CASH_IN,0,0
PAYSIM-0005014,CASH_IN,0,0
PAYSIM-0005015,PAYMENT,0,0
PAYSIM-0005016,PAYMENT,0,0
PAYSIM-0005017,PAYMENT,0,0
PAYSIM-0005018,PAYMENT,0,0
PAYSIM-0005019,PAYMENT,0,0
PAYSIM-0005020,PAYMENT,0,0
PAYSIM-0005021,PAYMENT,0,0
PAYSIM-0005022,PAYMENT,0,0
PAYSIM-0005023,PAYMENT,0,0
PAYSIM-0005024,PAYMENT,0,0
PAYSIM-0005025,PAYMENT,0,0
PAYSIM-0005026,PAYMENT,0,0
PAYSIM-0005027,PAYMENT,0,0
PAYSIM-0005028,PAYMENT,0,0
PAYSIM-0005029,PAYMENT,0,0
PAYSIM-0005030,PAYMENT,0,0
PAYSIM-0005031,PAYMENT,0,0
PAYSIM-0005032,PAYMENT,0,0
PAYSIM-0005033,PAYMENT,0,0
PAYSIM-0005034,PAYMENT,0,0
PAYSIM-0005035,PAYMENT,0,0
PAYSIM-0005036,PAYMENT,0,0
PAYSIM-0005037,PAYMENT,0,0
PAYSIM-0005038,PAYMENT,0,0
PAYSIM-0005039,PAYMENT,0,0
PAYSIM-0005040,PAYMENT,0,0
PAYSIM-0005041,PAYMENT,0,0
PAYSIM-0005042,PAYMENT,0,0
PAYSIM-0005043,DEBIT,0,0
PAYSIM-0005044,TRANSFER,0,0
PAYSIM-0005045,CASH_OUT,0,0
PAYSIM-0005046,DEBIT,0,0
PAYSIM-0005047,DEBIT,0,0
PAYSIM-0005048,PAYMENT,0,0
PAYSIM-0005049,PAYMENT,0,0
PAYSIM-0005050,PAYMENT,0,0
PAYSIM-0005051,PAYMENT,0,0
PAYSIM-0005052,PAYMENT,0,0
PAYSIM-0005053,PAYMENT,0,0
PAYSIM-0005054,TRANSFER,0,0
PAYSIM-0005055,PAYMENT,0,0
PAYSIM-0005056,PAYMENT,0,0
PAYSIM-0005057,DEBIT,0,0
PAYSIM-0005058,PAYMENT,0,0
PAYSIM-0005059,PAYMENT,0,0
PAYSIM-0005060,PAYMENT,0,0
PAYSIM-0005061,PAYMENT,0,0
PAYSIM-0005062,PAYMENT,0,0
PAYSIM-0005063,CASH_OUT,0,0
PAYSIM-0005064,PAYMENT,0,0
PAYSIM-0005065,PAYMENT,0,0
PAYSIM-0005066,PAYMENT,0,0
PAYSIM-0005067,PAYMENT,0,0
PAYSIM-0005068,CASH_IN,0,0
PAYSIM-0005069,CASH_IN,0,0
PAYSIM-0005070,CASH_IN,0,0
PAYSIM-0005071,CASH_IN,0,0
PAYSIM-0005072,CASH_IN,0,0
PAYSIM-0005073,CASH_IN,0,0
PAYSIM-0005074,CASH_IN,0,0
PAYSIM-0005075,CASH_IN,0,0
PAYSIM-0005076,CASH_IN,0,0
PAYSIM-0005077,CASH_IN,0,0
PAYSIM-0005078,CASH_IN,0,0
PAYSIM-0005079,CASH_IN,0,0
PAYSIM-0005080,CASH_IN,0,0
PAYSIM-0005081,CASH_IN,0,0
PAYSIM-0005082,CASH_IN,0,0
PAYSIM-0005083,CASH_IN,0,0
PAYSIM-0005084,CASH_IN,0,0
PAYSIM-0005085,CASH_IN,0,0
PAYSIM-0005086,CASH_IN,0,0
PAYSIM-0005087,CASH_IN,0,0
PAYSIM-0005088,CASH_IN,0,0
PAYSIM-0005089,CASH_IN,0,0
PAYSIM-0005090,CASH_IN,0,0
PAYSIM-0005091,CASH_IN,0,0
PAYSIM-0005092,CASH_IN,0,0
PAYSIM-0005093,PAYMENT,0,0
PAYSIM-0005094,PAYMENT,0,0
PAYSIM-0005095,PAYMENT,0,0
PAYSIM-0005096,PAYMENT,0,0
PAYSIM-0005097,PAYMENT,0,0
PAYSIM-0005098,PAYMENT,0,0
PAYSIM-0005099,PAYMENT,0,0
PAYSIM-0005100,TRANSFER,0,0
PAYSIM-0005101,CASH_OUT,0,0
PAYSIM-0005102,PAYMENT,0,0
PAYSIM-0005103,PAYMENT,0,0
PAYSIM-0005104,PAYMENT,0,0
PAYSIM-0005105,PAYMENT,0,0
PAYSIM-0005106,PAYMENT,0,0
PAYSIM-0005107,PAYMENT,0,0
PAYSIM-0005108,PAYMENT,0,0
PAYSIM-0005109,PAYMENT,0,0
PAYSIM-0005110,PAYMENT,0,0
PAYSIM-0005111,CASH_OUT,0,0
PAYSIM-0005112,CASH_OUT,0,0
PAYSIM-0005113,PAYMENT,0,0
PAYSIM-0005114,PAYMENT,0,0
PAYSIM-0005115,PAYMENT,0,0
PAYSIM-0005116,PAYMENT,0,0
PAYSIM-0005117,PAYMENT,0,0
PAYSIM-0005118,PAYMENT,0,0
PAYSIM-0005119,PAYMENT,0,0
PAYSIM-0005120,PAYMENT,0,0
PAYSIM-0005121,PAYMENT,0,0
PAYSIM-0005122,PAYMENT,0,0
PAYSIM-0005123,PAYMENT,0,0
PAYSIM-0005124,TRANSFER,1,0
PAYSIM-0005125,CASH_OUT,1,0
PAYSIM-0005126,PAYMENT,0,0
PAYSIM-0005127,PAYMENT,0,0
PAYSIM-0005128,PAYMENT,0,0
PAYSIM-0005129,PAYMENT,0,0
PAYSIM-0005130,PAYMENT,0,0
PAYSIM-0005131,DEBIT,0,0
PAYSIM-0005132,PAYMENT,0,0
PAYSIM-0005133,PAYMENT,0,0
PAYSIM-0005134,PAYMENT,0,0
PAYSIM-0005135,CASH_OUT,0,0
PAYSIM-0005136,PAYMENT,0,0
PAYSIM-0005137,PAYMENT,0,0
PAYSIM-0005138,PAYMENT,0,0
PAYSIM-0005139,PAYMENT,0,0
PAYSIM-0005140,PAYMENT,0,0
PAYSIM-0005141,PAYMENT,0,0
PAYSIM-0005142,PAYMENT,0,0
PAYSIM-0005143,PAYMENT,0,0
PAYSIM-0005144,PAYMENT,0,0
PAYSIM-0005145,PAYMENT,0,0
PAYSIM-0005146,PAYMENT,0,0
PAYSIM-0005147,PAYMENT,0,0
PAYSIM-0005148,PAYMENT,0,0
PAYSIM-0005149,DEBIT,0,0
PAYSIM-0005150,PAYMENT,0,0
PAYSIM-0005151,PAYMENT,0,0
PAYSIM-0005152,PAYMENT,0,0
PAYSIM-0005153,PAYMENT,0,0
PAYSIM-0005154,PAYMENT,0,0
PAYSIM-0005155,PAYMENT,0,0
PAYSIM-0005156,PAYMENT,0,0
PAYSIM-0005157,PAYMENT,0,0
PAYSIM-0005158,PAYMENT,0,0
PAYSIM-0005159,PAYMENT,0,0
PAYSIM-0005160,PAYMENT,0,0
PAYSIM-0005161,TRANSFER,0,0
PAYSIM-0005162,TRANSFER,0,0
PAYSIM-0005163,TRANSFER,0,0
PAYSIM-0005164,TRANSFER,0,0
PAYSIM-0005165,TRANSFER,0,0
PAYSIM-0005166,TRANSFER,0,0
PAYSIM-0005167,TRANSFER,0,0
PAYSIM-0005168,TRANSFER,0,0
PAYSIM-0005169,TRANSFER,0,0
PAYSIM-0005170,PAYMENT,0,0
PAYSIM-0005171,PAYMENT,0,0
PAYSIM-0005172,PAYMENT,0,0
PAYSIM-0005173,PAYMENT,0,0
PAYSIM-0005174,PAYMENT,0,0
PAYSIM-0005175,PAYMENT,0,0
PAYSIM-0005176,PAYMENT,0,0
PAYSIM-0005177,PAYMENT,0,0
PAYSIM-0005178,PAYMENT,0,0
PAYSIM-0005179,PAYMENT,0,0
PAYSIM-0005180,DEBIT,0,0
PAYSIM-0005181,PAYMENT,0,0
PAYSIM-0005182,PAYMENT,0,0
PAYSIM-0005183,PAYMENT,0,0
PAYSIM-0005184,PAYMENT,0,0
PAYSIM-0005185,PAYMENT,0,0
PAYSIM-0005186,DEBIT,0,0
PAYSIM-0005187,PAYMENT,0,0
PAYSIM-0005188,PAYMENT,0,0
PAYSIM-0005189,PAYMENT,0,0
PAYSIM-0005190,PAYMENT,0,0
PAYSIM-0005191,PAYMENT,0,0
PAYSIM-0005192,PAYMENT,0,0
PAYSIM-0005193,PAYMENT,0,0
PAYSIM-0005194,PAYMENT,0,0
PAYSIM-0005195,PAYMENT,0,0
PAYSIM-0005196,PAYMENT,0,0
PAYSIM-0005197,PAYMENT,0,0
PAYSIM-0005198,DEBIT,0,0
PAYSIM-0005199,PAYMENT,0,0
PAYSIM-0005200,PAYMENT,0,0
PAYSIM-0005201,PAYMENT,0,0
PAYSIM-0005202,PAYMENT,0,0
PAYSIM-0005203,PAYMENT,0,0
PAYSIM-0005204,PAYMENT,0,0
PAYSIM-0005205,PAYMENT,0,0
PAYSIM-0005206,PAYMENT,0,0
PAYSIM-0005207,PAYMENT,0,0
PAYSIM-0005208,PAYMENT,0,0
PAYSIM-0005209,PAYMENT,0,0
PAYSIM-0005210,PAYMENT,0,0
PAYSIM-0005211,PAYMENT,0,0
PAYSIM-0005212,PAYMENT,0,0
PAYSIM-0005213,PAYMENT,0,0
PAYSIM-0005214,PAYMENT,0,0
PAYSIM-0005215,PAYMENT,0,0
PAYSIM-0005216,PAYMENT,0,0
PAYSIM-0005217,PAYMENT,0,0
PAYSIM-0005218,PAYMENT,0,0
PAYSIM-0005219,PAYMENT,0,0
PAYSIM-0005220,PAYMENT,0,0
PAYSIM-0005221,PAYMENT,0,0
PAYSIM-0005222,PAYMENT,0,0
PAYSIM-0005223,PAYMENT,0,0
PAYSIM-0005224,PAYMENT,0,0
PAYSIM-0005225,PAYMENT,0,0
PAYSIM-0005226,PAYMENT,0,0
PAYSIM-0005227,PAYMENT,0,0
PAYSIM-0005228,PAYMENT,0,0
PAYSIM-0005229,PAYMENT,0,0
PAYSIM-0005230,PAYMENT,0,0
PAYSIM-0005231,PAYMENT,0,0
PAYSIM-0005232,PAYMENT,0,0
PAYSIM-0005233,PAYMENT,0,0
PAYSIM-0005234,PAYMENT,0,0
PAYSIM-0005235,PAYMENT,0,0
PAYSIM-0005236,PAYMENT,0,0
PAYSIM-0005237,PAYMENT,0,0
PAYSIM-0005238,DEBIT,0,0
PAYSIM-0005239,PAYMENT,0,0
PAYSIM-0005240,PAYMENT,0,0
PAYSIM-0005241,PAYMENT,0,0
PAYSIM-0005242,PAYMENT,0,0
PAYSIM-0005243,PAYMENT,0,0
PAYSIM-0005244,PAYMENT,0,0
PAYSIM-0005245,PAYMENT,0,0
PAYSIM-0005246,PAYMENT,0,0
PAYSIM-0005247,PAYMENT,0,0
PAYSIM-0005248,PAYMENT,0,0
PAYSIM-0005249,TRANSFER,0,0
PAYSIM-0005250,PAYMENT,0,0
PAYSIM-0005251,PAYMENT,0,0
PAYSIM-0005252,PAYMENT,0,0
PAYSIM-0005253,PAYMENT,0,0
PAYSIM-0005254,TRANSFER,0,0
PAYSIM-0005255,PAYMENT,0,0
PAYSIM-0005256,PAYMENT,0,0
PAYSIM-0005257,PAYMENT,0,0
PAYSIM-0005258,PAYMENT,0,0
PAYSIM-0005259,PAYMENT,0,0
PAYSIM-0005260,PAYMENT,0,0
PAYSIM-0005261,PAYMENT,0,0
PAYSIM-0005262,PAYMENT,0,0
PAYSIM-0005263,CASH_OUT,0,0
PAYSIM-0005264,PAYMENT,0,0
PAYSIM-0005265,PAYMENT,0,0
PAYSIM-0005266,DEBIT,0,0
PAYSIM-0005267,TRANSFER,0,0
PAYSIM-0005268,PAYMENT,0,0
PAYSIM-0005269,PAYMENT,0,0
PAYSIM-0005270,PAYMENT,0,0
PAYSIM-0005271,PAYMENT,0,0
PAYSIM-0005272,DEBIT,0,0
PAYSIM-0005273,PAYMENT,0,0
PAYSIM-0005274,TRANSFER,0,0
PAYSIM-0005275,PAYMENT,0,0
PAYSIM-0005276,PAYMENT,0,0
PAYSIM-0005277,PAYMENT,0,0
PAYSIM-0005278,PAYMENT,0,0
PAYSIM-0005279,PAYMENT,0,0
PAYSIM-0005280,DEBIT,0,0
PAYSIM-0005281,DEBIT,0,0
PAYSIM-0005282,PAYMENT,0,0
PAYSIM-0005283,PAYMENT,0,0
PAYSIM-0005284,PAYMENT,0,0
PAYSIM-0005285,PAYMENT,0,0
PAYSIM-0005286,PAYMENT,0,0
PAYSIM-0005287,PAYMENT,0,0
PAYSIM-0005288,PAYMENT,0,0
PAYSIM-0005289,TRANSFER,0,0
PAYSIM-0005290,PAYMENT,0,0
PAYSIM-0005291,PAYMENT,0,0
PAYSIM-0005292,PAYMENT,0,0
PAYSIM-0005293,PAYMENT,0,0
PAYSIM-0005294,PAYMENT,0,0
PAYSIM-0005295,PAYMENT,0,0
PAYSIM-0005296,PAYMENT,0,0
PAYSIM-0005297,PAYMENT,0,0
PAYSIM-0005298,PAYMENT,0,0
PAYSIM-0005299,PAYMENT,0,0
PAYSIM-0005300,PAYMENT,0,0
PAYSIM-0005301,PAYMENT,0,0
PAYSIM-0005302,PAYMENT,0,0
PAYSIM-0005303,PAYMENT,0,0
PAYSIM-0005304,CASH_OUT,0,0
PAYSIM-0005305,CASH_OUT,0,0
PAYSIM-0005306,PAYMENT,0,0
PAYSIM-0005307,PAYMENT,0,0
PAYSIM-0005308,PAYMENT,0,0
PAYSIM-0005309,PAYMENT,0,0
PAYSIM-0005310,PAYMENT,0,0
PAYSIM-0005311,PAYMENT,0,0
PAYSIM-0005312,CASH_OUT,0,0
PAYSIM-0005313,PAYMENT,0,0
PAYSIM-0005314,PAYMENT,0,0
PAYSIM-0005315,PAYMENT,0,0
PAYSIM-0005316,PAYMENT,0,0
PAYSIM-0005317,PAYMENT,0,0
PAYSIM-0005318,PAYMENT,0,0
PAYSIM-0005319,TRANSFER,0,0
PAYSIM-0005320,CASH_OUT,0,0
PAYSIM-0005321,PAYMENT,0,0
PAYSIM-0005322,PAYMENT,0,0
PAYSIM-0005323,TRANSFER,0,0
PAYSIM-0005324,PAYMENT,0,0
PAYSIM-0005325,PAYMENT,0,0
PAYSIM-0005326,TRANSFER,0,0
PAYSIM-0005327,DEBIT,0,0
PAYSIM-0005328,PAYMENT,0,0
PAYSIM-0005329,PAYMENT,0,0
PAYSIM-0005330,PAYMENT,0,0
PAYSIM-0005331,PAYMENT,0,0
PAYSIM-0005332,TRANSFER,0,0
PAYSIM-0005333,PAYMENT,0,0
PAYSIM-0005334,DEBIT,0,0
PAYSIM-0005335,PAYMENT,0,0
PAYSIM-0005336,PAYMENT,0,0
PAYSIM-0005337,PAYMENT,0,0
PAYSIM-0005338,PAYMENT,0,0
PAYSIM-0005339,PAYMENT,0,0
PAYSIM-0005340,PAYMENT,0,0
PAYSIM-0005341,PAYMENT,0,0
PAYSIM-0005342,CASH_OUT,0,0
PAYSIM-0005343,PAYMENT,0,0
PAYSIM-0005344,TRANSFER,0,0
PAYSIM-0005345,PAYMENT,0,0
PAYSIM-0005346,PAYMENT,0,0
PAYSIM-0005347,PAYMENT,0,0
PAYSIM-0005348,PAYMENT,0,0
PAYSIM-0005349,PAYMENT,0,0
PAYSIM-0005350,PAYMENT,0,0
PAYSIM-0005351,PAYMENT,0,0
PAYSIM-0005352,PAYMENT,0,0
PAYSIM-0005353,PAYMENT,0,0
PAYSIM-0005354,PAYMENT,0,0
PAYSIM-0005355,PAYMENT,0,0
PAYSIM-0005356,PAYMENT,0,0
PAYSIM-0005357,PAYMENT,0,0
PAYSIM-0005358,PAYMENT,0,0
PAYSIM-0005359,PAYMENT,0,0
PAYSIM-0005360,PAYMENT,0,0
PAYSIM-0005361,PAYMENT,0,0
PAYSIM-0005362,PAYMENT,0,0
PAYSIM-0005363,PAYMENT,0,0
PAYSIM-0005364,PAYMENT,0,0
PAYSIM-0005365,PAYMENT,0,0
PAYSIM-0005366,PAYMENT,0,0
PAYSIM-0005367,PAYMENT,0,0
PAYSIM-0005368,CASH_OUT,0,0
PAYSIM-0005369,PAYMENT,0,0
PAYSIM-0005370,PAYMENT,0,0
PAYSIM-0005371,PAYMENT,0,0
PAYSIM-0005372,PAYMENT,0,0
PAYSIM-0005373,PAYMENT,0,0
PAYSIM-0005374,PAYMENT,0,0
PAYSIM-0005375,PAYMENT,0,0
PAYSIM-0005376,PAYMENT,0,0
PAYSIM-0005377,TRANSFER,0,0
PAYSIM-0005378,PAYMENT,0,0
PAYSIM-0005379,PAYMENT,0,0
PAYSIM-0005380,PAYMENT,0,0
PAYSIM-0005381,PAYMENT,0,0
PAYSIM-0005382,PAYMENT,0,0
PAYSIM-0005383,PAYMENT,0,0
PAYSIM-0005384,CASH_OUT,0,0
PAYSIM-0005385,DEBIT,0,0
PAYSIM-0005386,PAYMENT,0,0
PAYSIM-0005387,PAYMENT,0,0
PAYSIM-0005388,PAYMENT,0,0
PAYSIM-0005389,PAYMENT,0,0
PAYSIM-0005390,PAYMENT,0,0
PAYSIM-0005391,PAYMENT,0,0
PAYSIM-0005392,PAYMENT,0,0
PAYSIM-0005393,PAYMENT,0,0
PAYSIM-0005394,DEBIT,0,0
PAYSIM-0005395,PAYMENT,0,0
PAYSIM-0005396,PAYMENT,0,0
PAYSIM-0005397,PAYMENT,0,0
PAYSIM-0005398,PAYMENT,0,0
PAYSIM-0005399,PAYMENT,0,0
PAYSIM-0005400,PAYMENT,0,0
PAYSIM-0005401,PAYMENT,0,0
PAYSIM-0005402,PAYMENT,0,0
PAYSIM-0005403,CASH_OUT,0,0
PAYSIM-0005404,TRANSFER,0,0
PAYSIM-0005405,PAYMENT,0,0
PAYSIM-0005406,DEBIT,0,0
PAYSIM-0005407,PAYMENT,0,0
PAYSIM-0005408,PAYMENT,0,0
PAYSIM-0005409,PAYMENT,0,0
PAYSIM-0005410,PAYMENT,0,0
PAYSIM-0005411,PAYMENT,0,0
PAYSIM-0005412,PAYMENT,0,0
PAYSIM-0005413,PAYMENT,0,0
PAYSIM-0005414,PAYMENT,0,0
PAYSIM-0005415,PAYMENT,0,0
PAYSIM-0005416,PAYMENT,0,0
PAYSIM-0005417,PAYMENT,0,0
PAYSIM-0005418,PAYMENT,0,0
PAYSIM-0005419,PAYMENT,0,0
PAYSIM-0005420,PAYMENT,0,0
PAYSIM-0005421,PAYMENT,0,0
PAYSIM-0005422,PAYMENT,0,0
PAYSIM-0005423,PAYMENT,0,0
PAYSIM-0005424,PAYMENT,0,0
PAYSIM-0005425,PAYMENT,0,0
PAYSIM-0005426,PAYMENT,0,0
PAYSIM-0005427,PAYMENT,0,0
PAYSIM-0005428,PAYMENT,0,0
PAYSIM-0005429,PAYMENT,0,0
PAYSIM-0005430,PAYMENT,0,0
PAYSIM-0005431,PAYMENT,0,0
PAYSIM-0005432,PAYMENT,0,0
PAYSIM-0005433,PAYMENT,0,0
PAYSIM-0005434,PAYMENT,0,0
PAYSIM-0005435,PAYMENT,0,0
PAYSIM-0005436,PAYMENT,0,0
PAYSIM-0005437,CASH_OUT,0,0
PAYSIM-0005438,CASH_OUT,0,0
PAYSIM-0005439,PAYMENT,0,0
PAYSIM-0005440,PAYMENT,0,0
PAYSIM-0005441,DEBIT,0,0
PAYSIM-0005442,DEBIT,0,0
PAYSIM-0005443,PAYMENT,0,0
PAYSIM-0005444,PAYMENT,0,0
PAYSIM-0005445,PAYMENT,0,0
PAYSIM-0005446,PAYMENT,0,0
PAYSIM-0005447,PAYMENT,0,0
PAYSIM-0005448,PAYMENT,0,0
PAYSIM-0005449,PAYMENT,0,0
PAYSIM-0005450,CASH_OUT,0,0
PAYSIM-0005451,PAYMENT,0,0
PAYSIM-0005452,PAYMENT,0,0
PAYSIM-0005453,PAYMENT,0,0
PAYSIM-0005454,PAYMENT,0,0
PAYSIM-0005455,PAYMENT,0,0
PAYSIM-0005456,PAYMENT,0,0
PAYSIM-0005457,PAYMENT,0,0
PAYSIM-0005458,CASH_OUT,0,0
PAYSIM-0005459,CASH_OUT,0,0
PAYSIM-0005460,CASH_OUT,0,0
PAYSIM-0005461,CASH_OUT,0,0
PAYSIM-0005462,CASH_OUT,0,0
PAYSIM-0005463,CASH_OUT,0,0
PAYSIM-0005464,PAYMENT,0,0
PAYSIM-0005465,PAYMENT,0,0
PAYSIM-0005466,PAYMENT,0,0
PAYSIM-0005467,TRANSFER,1,0
PAYSIM-0005468,CASH_OUT,1,0
PAYSIM-0005469,PAYMENT,0,0
PAYSIM-0005470,PAYMENT,0,0
PAYSIM-0005471,PAYMENT,0,0
PAYSIM-0005472,PAYMENT,0,0
PAYSIM-0005473,PAYMENT,0,0
PAYSIM-0005474,PAYMENT,0,0
PAYSIM-0005475,CASH_OUT,0,0
PAYSIM-0005476,CASH_OUT,0,0
PAYSIM-0005477,CASH_OUT,0,0
PAYSIM-0005478,CASH_OUT,0,0
PAYSIM-0005479,CASH_OUT,0,0
PAYSIM-0005480,CASH_OUT,0,0
PAYSIM-0005481,CASH_OUT,0,0
PAYSIM-0005482,CASH_OUT,0,0
PAYSIM-0005483,CASH_OUT,0,0
PAYSIM-0005484,CASH_OUT,0,0
PAYSIM-0005485,CASH_OUT,0,0
PAYSIM-0005486,CASH_OUT,0,0
PAYSIM-0005487,CASH_OUT,0,0
PAYSIM-0005488,CASH_OUT,0,0
PAYSIM-0005489,CASH_OUT,0,0
PAYSIM-0005490,TRANSFER,0,0
PAYSIM-0005491,PAYMENT,0,0
PAYSIM-0005492,CASH_OUT,0,0
PAYSIM-0005493,CASH_OUT,0,0
PAYSIM-0005494,CASH_OUT,0,0
PAYSIM-0005495,CASH_OUT,0,0
PAYSIM-0005496,CASH_OUT,0,0
PAYSIM-0005497,CASH_OUT,0,0
PAYSIM-0005498,CASH_OUT,0,0
PAYSIM-0005499,CASH_OUT,0,0
PAYSIM-0005500,CASH_OUT,0,0
PAYSIM-0005501,CASH_OUT,0,0
PAYSIM-0005502,PAYMENT,0,0
PAYSIM-0005503,PAYMENT,0,0
PAYSIM-0005504,PAYMENT,0,0
PAYSIM-0005505,PAYMENT,0,0
PAYSIM-0005506,PAYMENT,0,0
PAYSIM-0005507,PAYMENT,0,0
PAYSIM-0005508,PAYMENT,0,0
PAYSIM-0005509,PAYMENT,0,0
PAYSIM-0005510,PAYMENT,0,0
PAYSIM-0005511,PAYMENT,0,0
PAYSIM-0005512,PAYMENT,0,0
PAYSIM-0005513,CASH_OUT,0,0
PAYSIM-0005514,PAYMENT,0,0
PAYSIM-0005515,PAYMENT,0,0
PAYSIM-0005516,PAYMENT,0,0
PAYSIM-0005517,PAYMENT,0,0
PAYSIM-0005518,PAYMENT,0,0
PAYSIM-0005519,PAYMENT,0,0
PAYSIM-0005520,PAYMENT,0,0
PAYSIM-0005521,PAYMENT,0,0
PAYSIM-0005522,DEBIT,0,0
PAYSIM-0005523,PAYMENT,0,0
PAYSIM-0005524,PAYMENT,0,0
PAYSIM-0005525,PAYMENT,0,0
PAYSIM-0005526,PAYMENT,0,0
PAYSIM-0005527,PAYMENT,0,0
PAYSIM-0005528,PAYMENT,0,0
PAYSIM-0005529,PAYMENT,0,0
PAYSIM-0005530,PAYMENT,0,0
PAYSIM-0005531,PAYMENT,0,0
PAYSIM-0005532,PAYMENT,0,0
PAYSIM-0005533,PAYMENT,0,0
PAYSIM-0005534,PAYMENT,0,0
PAYSIM-0005535,PAYMENT,0,0
PAYSIM-0005536,PAYMENT,0,0
PAYSIM-0005537,PAYMENT,0,0
PAYSIM-0005538,PAYMENT,0,0
PAYSIM-0005539,PAYMENT,0,0
PAYSIM-0005540,PAYMENT,0,0
PAYSIM-0005541,PAYMENT,0,0
PAYSIM-0005542,PAYMENT,0,0
PAYSIM-0005543,PAYMENT,0,0
PAYSIM-0005544,PAYMENT,0,0
PAYSIM-0005545,PAYMENT,0,0
PAYSIM-0005546,PAYMENT,0,0
PAYSIM-0005547,CASH_IN,0,0
PAYSIM-0005548,PAYMENT,0,0
PAYSIM-0005549,PAYMENT,0,0
PAYSIM-0005550,PAYMENT,0,0
PAYSIM-0005551,PAYMENT,0,0
PAYSIM-0005552,PAYMENT,0,0
PAYSIM-0005553,PAYMENT,0,0
PAYSIM-0005554,PAYMENT,0,0
PAYSIM-0005555,PAYMENT,0,0
PAYSIM-0005556,PAYMENT,0,0
PAYSIM-0005557,PAYMENT,0,0
PAYSIM-0005558,PAYMENT,0,0
PAYSIM-0005559,TRANSFER,1,0
PAYSIM-0005560,CASH_OUT,1,0
PAYSIM-0005561,PAYMENT,0,0
PAYSIM-0005562,PAYMENT,0,0
PAYSIM-0005563,PAYMENT,0,0
PAYSIM-0005564,PAYMENT,0,0
PAYSIM-0005565,PAYMENT,0,0
PAYSIM-0005566,PAYMENT,0,0
PAYSIM-0005567,PAYMENT,0,0
PAYSIM-0005568,PAYMENT,0,0
PAYSIM-0005569,TRANSFER,0,0
PAYSIM-0005570,PAYMENT,0,0
PAYSIM-0005571,PAYMENT,0,0
PAYSIM-0005572,PAYMENT,0,0
PAYSIM-0005573,PAYMENT,0,0
PAYSIM-0005574,PAYMENT,0,0
PAYSIM-0005575,PAYMENT,0,0
PAYSIM-0005576,PAYMENT,0,0
PAYSIM-0005577,PAYMENT,0,0
PAYSIM-0005578,PAYMENT,0,0
PAYSIM-0005579,PAYMENT,0,0
PAYSIM-0005580,PAYMENT,0,0
PAYSIM-0005581,TRANSFER,0,0
PAYSIM-0005582,TRANSFER,0,0
PAYSIM-0005583,PAYMENT,0,0
PAYSIM-0005584,PAYMENT,0,0
PAYSIM-0005585,PAYMENT,0,0
PAYSIM-0005586,CASH_OUT,0,0
PAYSIM-0005587,PAYMENT,0,0
PAYSIM-0005588,PAYMENT,0,0
PAYSIM-0005589,CASH_OUT,0,0
PAYSIM-0005590,CASH_OUT,0,0
PAYSIM-0005591,PAYMENT,0,0
PAYSIM-0005592,TRANSFER,0,0
PAYSIM-0005593,PAYMENT,0,0
PAYSIM-0005594,PAYMENT,0,0
PAYSIM-0005595,PAYMENT,0,0
PAYSIM-0005596,PAYMENT,0,0
PAYSIM-0005597,PAYMENT,0,0
PAYSIM-0005598,PAYMENT,0,0
PAYSIM-0005599,PAYMENT,0,0
PAYSIM-0005600,PAYMENT,0,0
PAYSIM-0005601,PAYMENT,0,0
PAYSIM-0005602,PAYMENT,0,0
PAYSIM-0005603,PAYMENT,0,0
PAYSIM-0005604,PAYMENT,0,0
PAYSIM-0005605,PAYMENT,0,0
PAYSIM-0005606,PAYMENT,0,0
PAYSIM-0005607,PAYMENT,0,0
PAYSIM-0005608,PAYMENT,0,0
PAYSIM-0005609,PAYMENT,0,0
PAYSIM-0005610,PAYMENT,0,0
PAYSIM-0005611,PAYMENT,0,0
PAYSIM-0005612,PAYMENT,0,0
PAYSIM-0005613,PAYMENT,0,0
PAYSIM-0005614,PAYMENT,0,0
PAYSIM-0005615,DEBIT,0,0
PAYSIM-0005616,PAYMENT,0,0
PAYSIM-0005617,PAYMENT,0,0
PAYSIM-0005618,PAYMENT,0,0
PAYSIM-0005619,PAYMENT,0,0
PAYSIM-0005620,PAYMENT,0,0
PAYSIM-0005621,PAYMENT,0,0
PAYSIM-0005622,PAYMENT,0,0
PAYSIM-0005623,PAYMENT,0,0
PAYSIM-0005624,PAYMENT,0,0
PAYSIM-0005625,TRANSFER,0,0
PAYSIM-0005626,TRANSFER,0,0
PAYSIM-0005627,TRANSFER,0,0
PAYSIM-0005628,TRANSFER,0,0
PAYSIM-0005629,TRANSFER,0,0
PAYSIM-0005630,TRANSFER,0,0
PAYSIM-0005631,TRANSFER,0,0
PAYSIM-0005632,TRANSFER,0,0
PAYSIM-0005633,TRANSFER,0,0
PAYSIM-0005634,TRANSFER,0,0
PAYSIM-0005635,TRANSFER,0,0
PAYSIM-0005636,TRANSFER,0,0
PAYSIM-0005637,TRANSFER,0,0
PAYSIM-0005638,PAYMENT,0,0
PAYSIM-0005639,PAYMENT,0,0
PAYSIM-0005640,PAYMENT,0,0
PAYSIM-0005641,PAYMENT,0,0
PAYSIM-0005642,PAYMENT,0,0
PAYSIM-0005643,PAYMENT,0,0
PAYSIM-0005644,PAYMENT,0,0
PAYSIM-0005645,PAYMENT,0,0
PAYSIM-0005646,PAYMENT,0,0
PAYSIM-0005647,CASH_OUT,0,0
PAYSIM-0005648,PAYMENT,0,0
PAYSIM-0005649,PAYMENT,0,0
PAYSIM-0005650,PAYMENT,0,0
PAYSIM-0005651,CASH_OUT,0,0
PAYSIM-0005652,PAYMENT,0,0
PAYSIM-0005653,PAYMENT,0,0
PAYSIM-0005654,PAYMENT,0,0
PAYSIM-0005655,PAYMENT,0,0
PAYSIM-0005656,PAYMENT,0,0
PAYSIM-0005657,PAYMENT,0,0
PAYSIM-0005658,PAYMENT,0,0
PAYSIM-0005659,PAYMENT,0,0
PAYSIM-0005660,PAYMENT,0,0
PAYSIM-0005661,PAYMENT,0,0
PAYSIM-0005662,PAYMENT,0,0
PAYSIM-0005663,PAYMENT,0,0
PAYSIM-0005664,PAYMENT,0,0
PAYSIM-0005665,PAYMENT,0,0
PAYSIM-0005666,PAYMENT,0,0
PAYSIM-0005667,PAYMENT,0,0
PAYSIM-0005668,PAYMENT,0,0
PAYSIM-0005669,PAYMENT,0,0
PAYSIM-0005670,CASH_IN,0,0
PAYSIM-0005671,CASH_IN,0,0
PAYSIM-0005672,CASH_IN,0,0
PAYSIM-0005673,CASH_IN,0,0
PAYSIM-0005674,CASH_IN,0,0
PAYSIM-0005675,CASH_IN,0,0
PAYSIM-0005676,CASH_IN,0,0
PAYSIM-0005677,CASH_IN,0,0
PAYSIM-0005678,CASH_IN,0,0
PAYSIM-0005679,CASH_IN,0,0
PAYSIM-0005680,CASH_IN,0,0
PAYSIM-0005681,CASH_IN,0,0
PAYSIM-0005682,CASH_IN,0,0
PAYSIM-0005683,CASH_IN,0,0
PAYSIM-0005684,CASH_IN,0,0
PAYSIM-0005685,CASH_IN,0,0
PAYSIM-0005686,CASH_IN,0,0
PAYSIM-0005687,CASH_IN,0,0
PAYSIM-0005688,CASH_IN,0,0
PAYSIM-0005689,CASH_IN,0,0
PAYSIM-0005690,CASH_IN,0,0
PAYSIM-0005691,CASH_IN,0,0
PAYSIM-0005692,CASH_IN,0,0
PAYSIM-0005693,CASH_IN,0,0
PAYSIM-0005694,CASH_IN,0,0
PAYSIM-0005695,CASH_IN,0,0
PAYSIM-0005696,CASH_IN,0,0
PAYSIM-0005697,CASH_IN,0,0
PAYSIM-0005698,CASH_IN,0,0
PAYSIM-0005699,PAYMENT,0,0
PAYSIM-0005700,DEBIT,0,0
PAYSIM-0005701,PAYMENT,0,0
PAYSIM-0005702,PAYMENT,0,0
PAYSIM-0005703,PAYMENT,0,0
PAYSIM-0005704,PAYMENT,0,0
PAYSIM-0005705,TRANSFER,0,0
PAYSIM-0005706,PAYMENT,0,0
PAYSIM-0005707,PAYMENT,0,0
PAYSIM-0005708,PAYMENT,0,0
PAYSIM-0005709,PAYMENT,0,0
PAYSIM-0005710,PAYMENT,0,0
PAYSIM-0005711,PAYMENT,0,0
PAYSIM-0005712,PAYMENT,0,0
PAYSIM-0005713,PAYMENT,0,0
PAYSIM-0005714,PAYMENT,0,0
PAYSIM-0005715,PAYMENT,0,0
PAYSIM-0005716,PAYMENT,0,0
PAYSIM-0005717,PAYMENT,0,0
PAYSIM-0005718,PAYMENT,0,0
PAYSIM-0005719,PAYMENT,0,0
PAYSIM-0005720,PAYMENT,0,0
PAYSIM-0005721,PAYMENT,0,0
PAYSIM-0005722,PAYMENT,0,0
PAYSIM-0005723,PAYMENT,0,0
PAYSIM-0005724,PAYMENT,0,0
PAYSIM-0005725,PAYMENT,0,0
PAYSIM-0005726,PAYMENT,0,0
PAYSIM-0005727,PAYMENT,0,0
PAYSIM-0005728,PAYMENT,0,0
PAYSIM-0005729,PAYMENT,0,0
PAYSIM-0005730,PAYMENT,0,0
PAYSIM-0005731,PAYMENT,0,0
PAYSIM-0005732,PAYMENT,0,0
PAYSIM-0005733,PAYMENT,0,0
PAYSIM-0005734,PAYMENT,0,0
PAYSIM-0005735,PAYMENT,0,0
PAYSIM-0005736,PAYMENT,0,0
PAYSIM-0005737,TRANSFER,0,0
PAYSIM-0005738,PAYMENT,0,0
PAYSIM-0005739,PAYMENT,0,0
PAYSIM-0005740,PAYMENT,0,0
PAYSIM-0005741,PAYMENT,0,0
PAYSIM-0005742,PAYMENT,0,0
PAYSIM-0005743,PAYMENT,0,0
PAYSIM-0005744,PAYMENT,0,0
PAYSIM-0005745,TRANSFER,0,0
PAYSIM-0005746,PAYMENT,0,0
PAYSIM-0005747,TRANSFER,1,0
PAYSIM-0005748,CASH_OUT,1,0
PAYSIM-0005749,PAYMENT,0,0
PAYSIM-0005750,CASH_OUT,0,0
PAYSIM-0005751,PAYMENT,0,0
PAYSIM-0005752,PAYMENT,0,0
PAYSIM-0005753,PAYMENT,0,0
PAYSIM-0005754,PAYMENT,0,0
PAYSIM-0005755,PAYMENT,0,0
PAYSIM-0005756,PAYMENT,0,0
PAYSIM-0005757,PAYMENT,0,0
PAYSIM-0005758,CASH_IN,0,0
PAYSIM-0005759,CASH_IN,0,0
PAYSIM-0005760,CASH_IN,0,0
PAYSIM-0005761,CASH_IN,0,0
PAYSIM-0005762,CASH_IN,0,0
PAYSIM-0005763,CASH_IN,0,0
PAYSIM-0005764,CASH_IN,0,0
PAYSIM-0005765,CASH_IN,0,0
PAYSIM-0005766,CASH_IN,0,0
PAYSIM-0005767,CASH_IN,0,0
PAYSIM-0005768,CASH_IN,0,0
PAYSIM-0005769,CASH_IN,0,0
PAYSIM-0005770,CASH_IN,0,0
PAYSIM-0005771,CASH_IN,0,0
PAYSIM-0005772,CASH_IN,0,0
PAYSIM-0005773,CASH_IN,0,0
PAYSIM-0005774,CASH_IN,0,0
PAYSIM-0005775,CASH_IN,0,0
PAYSIM-0005776,CASH_IN,0,0
PAYSIM-0005777,CASH_IN,0,0
PAYSIM-0005778,CASH_IN,0,0
PAYSIM-0005779,CASH_IN,0,0
PAYSIM-0005780,CASH_IN,0,0
PAYSIM-0005781,CASH_IN,0,0
PAYSIM-0005782,CASH_IN,0,0
PAYSIM-0005783,CASH_IN,0,0
PAYSIM-0005784,CASH_IN,0,0
PAYSIM-0005785,CASH_IN,0,0
PAYSIM-0005786,CASH_IN,0,0
PAYSIM-0005787,CASH_IN,0,0
PAYSIM-0005788,CASH_IN,0,0
PAYSIM-0005789,CASH_IN,0,0
PAYSIM-0005790,CASH_IN,0,0
PAYSIM-0005791,CASH_IN,0,0
PAYSIM-0005792,CASH_IN,0,0
PAYSIM-0005793,CASH_IN,0,0
PAYSIM-0005794,CASH_IN,0,0
PAYSIM-0005795,CASH_IN,0,0
PAYSIM-0005796,CASH_IN,0,0
PAYSIM-0005797,CASH_IN,0,0
PAYSIM-0005798,CASH_IN,0,0
PAYSIM-0005799,CASH_IN,0,0
PAYSIM-0005800,CASH_IN,0,0
PAYSIM-0005801,CASH_IN,0,0
PAYSIM-0005802,CASH_IN,0,0
PAYSIM-0005803,CASH_IN,0,0
PAYSIM-0005804,CASH_IN,0,0
PAYSIM-0005805,CASH_IN,0,0
PAYSIM-0005806,CASH_IN,0,0
PAYSIM-0005807,CASH_IN,0,0
PAYSIM-0005808,CASH_IN,0,0
PAYSIM-0005809,CASH_IN,0,0
PAYSIM-0005810,CASH_IN,0,0
PAYSIM-0005811,CASH_IN,0,0
PAYSIM-0005812,PAYMENT,0,0
PAYSIM-0005813,PAYMENT,0,0
PAYSIM-0005814,PAYMENT,0,0
PAYSIM-0005815,CASH_IN,0,0
PAYSIM-0005816,PAYMENT,0,0
PAYSIM-0005817,TRANSFER,0,0
PAYSIM-0005818,PAYMENT,0,0
PAYSIM-0005819,PAYMENT,0,0
PAYSIM-0005820,PAYMENT,0,0
PAYSIM-0005821,PAYMENT,0,0
PAYSIM-0005822,PAYMENT,0,0
PAYSIM-0005823,PAYMENT,0,0
PAYSIM-0005824,PAYMENT,0,0
PAYSIM-0005825,PAYMENT,0,0
PAYSIM-0005826,PAYMENT,0,0
PAYSIM-0005827,PAYMENT,0,0
PAYSIM-0005828,PAYMENT,0,0
PAYSIM-0005829,PAYMENT,0,0
PAYSIM-0005830,PAYMENT,0,0
PAYSIM-0005831,PAYMENT,0,0
PAYSIM-0005832,PAYMENT,0,0
PAYSIM-0005833,PAYMENT,0,0
PAYSIM-0005834,TRANSFER,0,0
PAYSIM-0005835,TRANSFER,0,0
PAYSIM-0005836,PAYMENT,0,0
PAYSIM-0005837,PAYMENT,0,0
PAYSIM-0005838,PAYMENT,0,0
PAYSIM-0005839,PAYMENT,0,0
PAYSIM-0005840,PAYMENT,0,0
PAYSIM-0005841,PAYMENT,0,0
PAYSIM-0005842,PAYMENT,0,0
PAYSIM-0005843,CASH_OUT,0,0
PAYSIM-0005844,CASH_IN,0,0
PAYSIM-0005845,PAYMENT,0,0
PAYSIM-0005846,PAYMENT,0,0
PAYSIM-0005847,CASH_OUT,0,0
PAYSIM-0005848,PAYMENT,0,0
PAYSIM-0005849,PAYMENT,0,0
PAYSIM-0005850,PAYMENT,0,0
PAYSIM-0005851,TRANSFER,0,0
PAYSIM-0005852,PAYMENT,0,0
PAYSIM-0005853,TRANSFER,1,0
PAYSIM-0005854,CASH_OUT,1,0
PAYSIM-0005855,PAYMENT,0,0
PAYSIM-0005856,PAYMENT,0,0
PAYSIM-0005857,PAYMENT,0,0
PAYSIM-0005858,PAYMENT,0,0
PAYSIM-0005859,PAYMENT,0,0
PAYSIM-0005860,PAYMENT,0,0
PAYSIM-0005861,PAYMENT,0,0
PAYSIM-0005862,PAYMENT,0,0
PAYSIM-0005863,PAYMENT,0,0
PAYSIM-0005864,PAYMENT,0,0
PAYSIM-0005865,TRANSFER,0,0
PAYSIM-0005866,PAYMENT,0,0
PAYSIM-0005867,PAYMENT,0,0
PAYSIM-0005868,PAYMENT,0,0
PAYSIM-0005869,PAYMENT,0,0
PAYSIM-0005870,PAYMENT,0,0
PAYSIM-0005871,PAYMENT,0,0
PAYSIM-0005872,PAYMENT,0,0
PAYSIM-0005873,PAYMENT,0,0
PAYSIM-0005874,PAYMENT,0,0
PAYSIM-0005875,PAYMENT,0,0
PAYSIM-0005876,PAYMENT,0,0
PAYSIM-0005877,PAYMENT,0,0
PAYSIM-0005878,TRANSFER,0,0
PAYSIM-0005879,TRANSFER,0,0
PAYSIM-0005880,TRANSFER,0,0
PAYSIM-0005881,TRANSFER,0,0
PAYSIM-0005882,TRANSFER,0,0
PAYSIM-0005883,TRANSFER,0,0
PAYSIM-0005884,TRANSFER,0,0
PAYSIM-0005885,TRANSFER,0,0
PAYSIM-0005886,TRANSFER,0,0
PAYSIM-0005887,TRANSFER,0,0
PAYSIM-0005888,TRANSFER,0,0
PAYSIM-0005889,TRANSFER,0,0
PAYSIM-0005890,TRANSFER,0,0
PAYSIM-0005891,TRANSFER,0,0
PAYSIM-0005892,TRANSFER,0,0
PAYSIM-0005893,TRANSFER,0,0
PAYSIM-0005894,TRANSFER,0,0
PAYSIM-0005895,PAYMENT,0,0
PAYSIM-0005896,PAYMENT,0,0
PAYSIM-0005897,PAYMENT,0,0
PAYSIM-0005898,PAYMENT,0,0
PAYSIM-0005899,PAYMENT,0,0
PAYSIM-0005900,DEBIT,0,0
PAYSIM-0005901,PAYMENT,0,0
PAYSIM-0005902,PAYMENT,0,0
PAYSIM-0005903,TRANSFER,0,0
PAYSIM-0005904,PAYMENT,0,0
PAYSIM-0005905,PAYMENT,0,0
PAYSIM-0005906,PAYMENT,0,0
PAYSIM-0005907,TRANSFER,0,0
PAYSIM-0005908,PAYMENT,0,0
PAYSIM-0005909,PAYMENT,0,0
PAYSIM-0005910,PAYMENT,0,0
PAYSIM-0005911,PAYMENT,0,0
PAYSIM-0005912,PAYMENT,0,0
PAYSIM-0005913,PAYMENT,0,0
PAYSIM-0005914,PAYMENT,0,0
PAYSIM-0005915,PAYMENT,0,0
PAYSIM-0005916,PAYMENT,0,0
PAYSIM-0005917,PAYMENT,0,0
PAYSIM-0005918,PAYMENT,0,0
PAYSIM-0005919,PAYMENT,0,0
PAYSIM-0005920,PAYMENT,0,0
PAYSIM-0005921,PAYMENT,0,0
PAYSIM-0005922,CASH_OUT,0,0
PAYSIM-0005923,PAYMENT,0,0
PAYSIM-0005924,PAYMENT,0,0
PAYSIM-0005925,PAYMENT,0,0
PAYSIM-0005926,PAYMENT,0,0
PAYSIM-0005927,PAYMENT,0,0
PAYSIM-0005928,PAYMENT,0,0
PAYSIM-0005929,PAYMENT,0,0
PAYSIM-0005930,PAYMENT,0,0
PAYSIM-0005931,PAYMENT,0,0
PAYSIM-0005932,PAYMENT,0,0
PAYSIM-0005933,PAYMENT,0,0
PAYSIM-0005934,CASH_OUT,0,0
PAYSIM-0005935,PAYMENT,0,0
PAYSIM-0005936,PAYMENT,0,0
PAYSIM-0005937,PAYMENT,0,0
PAYSIM-0005938,PAYMENT,0,0
PAYSIM-0005939,PAYMENT,0,0
PAYSIM-0005940,PAYMENT,0,0
PAYSIM-0005941,PAYMENT,0,0
PAYSIM-0005942,PAYMENT,0,0
PAYSIM-0005943,PAYMENT,0,0
PAYSIM-0005944,PAYMENT,0,0
PAYSIM-0005945,PAYMENT,0,0
PAYSIM-0005946,PAYMENT,0,0
PAYSIM-0005947,PAYMENT,0,0
PAYSIM-0005948,PAYMENT,0,0
PAYSIM-0005949,PAYMENT,0,0
PAYSIM-0005950,PAYMENT,0,0
PAYSIM-0005951,PAYMENT,0,0
PAYSIM-0005952,PAYMENT,0,0
PAYSIM-0005953,PAYMENT,0,0
PAYSIM-0005954,PAYMENT,0,0
PAYSIM-0005955,PAYMENT,0,0
PAYSIM-0005956,PAYMENT,0,0
PAYSIM-0005957,DEBIT,0,0
PAYSIM-0005958,PAYMENT,0,0
PAYSIM-0005959,PAYMENT,0,0
PAYSIM-0005960,CASH_OUT,0,0
PAYSIM-0005961,PAYMENT,0,0
PAYSIM-0005962,PAYMENT,0,0
PAYSIM-0005963,PAYMENT,0,0
PAYSIM-0005964,PAYMENT,0,0
PAYSIM-0005965,TRANSFER,0,0
PAYSIM-0005966,PAYMENT,0,0
PAYSIM-0005967,PAYMENT,0,0
PAYSIM-0005968,PAYMENT,0,0
PAYSIM-0005969,PAYMENT,0,0
PAYSIM-0005970,PAYMENT,0,0
PAYSIM-0005971,PAYMENT,0,0
PAYSIM-0005972,PAYMENT,0,0
PAYSIM-0005973,CASH_OUT,0,0
PAYSIM-0005974,PAYMENT,0,0
PAYSIM-0005975,PAYMENT,0,0
PAYSIM-0005976,PAYMENT,0,0
PAYSIM-0005977,TRANSFER,0,0
PAYSIM-0005978,PAYMENT,0,0
PAYSIM-0005979,PAYMENT,0,0
PAYSIM-0005980,PAYMENT,0,0
PAYSIM-0005981,PAYMENT,0,0
PAYSIM-0005982,PAYMENT,0,0
PAYSIM-0005983,PAYMENT,0,0
PAYSIM-0005984,PAYMENT,0,0
PAYSIM-0005985,PAYMENT,0,0
PAYSIM-0005986,PAYMENT,0,0
PAYSIM-0005987,TRANSFER,0,0
PAYSIM-0005988,PAYMENT,0,0
PAYSIM-0005989,TRANSFER,0,0
PAYSIM-0005990,PAYMENT,0,0
PAYSIM-0005991,PAYMENT,0,0
PAYSIM-0005992,TRANSFER,0,0
PAYSIM-0005993,PAYMENT,0,0
PAYSIM-0005994,PAYMENT,0,0
PAYSIM-0005995,TRANSFER,1,0
PAYSIM-0005996,CASH_OUT,1,0
PAYSIM-0005997,PAYMENT,0,0
PAYSIM-0005998,PAYMENT,0,0
PAYSIM-0005999,PAYMENT,0,0
PAYSIM-0006000,PAYMENT,0,0
PAYSIM-0006001,PAYMENT,0,0
PAYSIM-0006002,TRANSFER,0,0
PAYSIM-0006003,TRANSFER,0,0
PAYSIM-0006004,TRANSFER,0,0
PAYSIM-0006005,TRANSFER,0,0
PAYSIM-0006006,TRANSFER,0,0
PAYSIM-0006007,TRANSFER,0,0
PAYSIM-0006008,TRANSFER,0,0
PAYSIM-0006009,TRANSFER,0,0
PAYSIM-0006010,TRANSFER,0,0
PAYSIM-0006011,TRANSFER,0,0
PAYSIM-0006012,TRANSFER,0,0
PAYSIM-0006013,TRANSFER,0,0
PAYSIM-0006014,TRANSFER,0,0
PAYSIM-0006015,TRANSFER,0,0
PAYSIM-0006016,TRANSFER,0,0
PAYSIM-0006017,TRANSFER,0,0
PAYSIM-0006018,TRANSFER,0,0
PAYSIM-0006019,TRANSFER,0,0
PAYSIM-0006020,TRANSFER,0,0
PAYSIM-0006021,PAYMENT,0,0
PAYSIM-0006022,CASH_OUT,0,0
PAYSIM-0006023,CASH_OUT,0,0
PAYSIM-0006024,PAYMENT,0,0
PAYSIM-0006025,DEBIT,0,0
PAYSIM-0006026,CASH_IN,0,0
PAYSIM-0006027,CASH_IN,0,0
PAYSIM-0006028,CASH_IN,0,0
PAYSIM-0006029,CASH_IN,0,0
PAYSIM-0006030,CASH_IN,0,0
PAYSIM-0006031,CASH_IN,0,0
PAYSIM-0006032,PAYMENT,0,0
PAYSIM-0006033,PAYMENT,0,0
PAYSIM-0006034,PAYMENT,0,0
PAYSIM-0006035,PAYMENT,0,0
PAYSIM-0006036,PAYMENT,0,0
PAYSIM-0006037,PAYMENT,0,0
PAYSIM-0006038,PAYMENT,0,0
PAYSIM-0006039,PAYMENT,0,0
PAYSIM-0006040,PAYMENT,0,0
PAYSIM-0006041,PAYMENT,0,0
PAYSIM-0006042,PAYMENT,0,0
PAYSIM-0006043,PAYMENT,0,0
PAYSIM-0006044,CASH_OUT,0,0
PAYSIM-0006045,CASH_OUT,0,0
PAYSIM-0006046,PAYMENT,0,0
PAYSIM-0006047,PAYMENT,0,0
PAYSIM-0006048,PAYMENT,0,0
PAYSIM-0006049,CASH_OUT,0,0
PAYSIM-0006050,PAYMENT,0,0
PAYSIM-0006051,TRANSFER,0,0
PAYSIM-0006052,PAYMENT,0,0
PAYSIM-0006053,PAYMENT,0,0
PAYSIM-0006054,PAYMENT,0,0
PAYSIM-0006055,PAYMENT,0,0
PAYSIM-0006056,PAYMENT,0,0
PAYSIM-0006057,PAYMENT,0,0
PAYSIM-0006058,PAYMENT,0,0
PAYSIM-0006059,PAYMENT,0,0
PAYSIM-0006060,PAYMENT,0,0
PAYSIM-0006061,PAYMENT,0,0
PAYSIM-0006062,PAYMENT,0,0
PAYSIM-0006063,PAYMENT,0,0
PAYSIM-0006064,CASH_OUT,0,0
PAYSIM-0006065,PAYMENT,0,0
PAYSIM-0006066,CASH_OUT,0,0
PAYSIM-0006067,CASH_OUT,0,0
PAYSIM-0006068,CASH_OUT,0,0
PAYSIM-0006069,CASH_OUT,0,0
PAYSIM-0006070,CASH_OUT,0,0
PAYSIM-0006071,CASH_OUT,0,0
PAYSIM-0006072,CASH_OUT,0,0
PAYSIM-0006073,CASH_OUT,0,0
PAYSIM-0006074,CASH_OUT,0,0
PAYSIM-0006075,CASH_OUT,0,0
PAYSIM-0006076,CASH_OUT,0,0
PAYSIM-0006077,CASH_OUT,0,0
PAYSIM-0006078,PAYMENT,0,0
PAYSIM-0006079,PAYMENT,0,0
PAYSIM-0006080,TRANSFER,0,0
PAYSIM-0006081,TRANSFER,0,0
PAYSIM-0006082,PAYMENT,0,0
PAYSIM-0006083,PAYMENT,0,0
PAYSIM-0006084,PAYMENT,0,0
PAYSIM-0006085,PAYMENT,0,0
PAYSIM-0006086,PAYMENT,0,0
PAYSIM-0006087,PAYMENT,0,0
PAYSIM-0006088,PAYMENT,0,0
PAYSIM-0006089,PAYMENT,0,0
PAYSIM-0006090,PAYMENT,0,0
PAYSIM-0006091,PAYMENT,0,0
PAYSIM-0006092,PAYMENT,0,0
PAYSIM-0006093,PAYMENT,0,0
PAYSIM-0006094,PAYMENT,0,0
PAYSIM-0006095,PAYMENT,0,0
PAYSIM-0006096,PAYMENT,0,0
PAYSIM-0006097,PAYMENT,0,0
PAYSIM-0006098,PAYMENT,0,0
PAYSIM-0006099,PAYMENT,0,0
PAYSIM-0006100,CASH_IN,0,0
PAYSIM-0006101,PAYMENT,0,0
PAYSIM-0006102,PAYMENT,0,0
PAYSIM-0006103,PAYMENT,0,0
PAYSIM-0006104,TRANSFER,0,0
PAYSIM-0006105,PAYMENT,0,0
PAYSIM-0006106,CASH_OUT,0,0
PAYSIM-0006107,PAYMENT,0,0
PAYSIM-0006108,TRANSFER,0,0
PAYSIM-0006109,PAYMENT,0,0
PAYSIM-0006110,PAYMENT,0,0
PAYSIM-0006111,PAYMENT,0,0
PAYSIM-0006112,PAYMENT,0,0
PAYSIM-0006113,PAYMENT,0,0
PAYSIM-0006114,PAYMENT,0,0
PAYSIM-0006115,CASH_OUT,0,0
PAYSIM-0006116,PAYMENT,0,0
PAYSIM-0006117,TRANSFER,0,0
PAYSIM-0006118,TRANSFER,0,0
PAYSIM-0006119,PAYMENT,0,0
PAYSIM-0006120,PAYMENT,0,0
PAYSIM-0006121,PAYMENT,0,0
PAYSIM-0006122,PAYMENT,0,0
PAYSIM-0006123,PAYMENT,0,0
PAYSIM-0006124,PAYMENT,0,0
PAYSIM-0006125,PAYMENT,0,0
PAYSIM-0006126,PAYMENT,0,0
PAYSIM-0006127,PAYMENT,0,0
PAYSIM-0006128,CASH_OUT,0,0
PAYSIM-0006129,PAYMENT,0,0
PAYSIM-0006130,PAYMENT,0,0
PAYSIM-0006131,PAYMENT,0,0
PAYSIM-0006132,PAYMENT,0,0
PAYSIM-0006133,PAYMENT,0,0
PAYSIM-0006134,PAYMENT,0,0
PAYSIM-0006135,PAYMENT,0,0
PAYSIM-0006136,PAYMENT,0,0
PAYSIM-0006137,PAYMENT,0,0
PAYSIM-0006138,TRANSFER,0,0
PAYSIM-0006139,PAYMENT,0,0
PAYSIM-0006140,PAYMENT,0,0
PAYSIM-0006141,PAYMENT,0,0
PAYSIM-0006142,PAYMENT,0,0
PAYSIM-0006143,PAYMENT,0,0
PAYSIM-0006144,PAYMENT,0,0
PAYSIM-0006145,PAYMENT,0,0
PAYSIM-0006146,TRANSFER,0,0
PAYSIM-0006147,PAYMENT,0,0
PAYSIM-0006148,PAYMENT,0,0
PAYSIM-0006149,CASH_OUT,0,0
PAYSIM-0006150,CASH_OUT,0,0
PAYSIM-0006151,PAYMENT,0,0
PAYSIM-0006152,PAYMENT,0,0
PAYSIM-0006153,TRANSFER,0,0
PAYSIM-0006154,PAYMENT,0,0
PAYSIM-0006155,TRANSFER,0,0
PAYSIM-0006156,PAYMENT,0,0
PAYSIM-0006157,PAYMENT,0,0
PAYSIM-0006158,PAYMENT,0,0
PAYSIM-0006159,PAYMENT,0,0
PAYSIM-0006160,PAYMENT,0,0
PAYSIM-0006161,PAYMENT,0,0
PAYSIM-0006162,PAYMENT,0,0
PAYSIM-0006163,CASH_OUT,0,0
PAYSIM-0006164,PAYMENT,0,0
PAYSIM-0006165,PAYMENT,0,0
PAYSIM-0006166,TRANSFER,0,0
PAYSIM-0006167,PAYMENT,0,0
PAYSIM-0006168,TRANSFER,0,0
PAYSIM-0006169,PAYMENT,0,0
PAYSIM-0006170,PAYMENT,0,0
PAYSIM-0006171,TRANSFER,0,0
PAYSIM-0006172,PAYMENT,0,0
PAYSIM-0006173,PAYMENT,0,0
PAYSIM-0006174,PAYMENT,0,0
PAYSIM-0006175,PAYMENT,0,0
PAYSIM-0006176,PAYMENT,0,0
PAYSIM-0006177,PAYMENT,0,0
PAYSIM-0006178,CASH_OUT,0,0
PAYSIM-0006179,DEBIT,0,0
PAYSIM-0006180,PAYMENT,0,0
PAYSIM-0006181,PAYMENT,0,0
PAYSIM-0006182,PAYMENT,0,0
PAYSIM-0006183,PAYMENT,0,0
PAYSIM-0006184,PAYMENT,0,0
PAYSIM-0006185,PAYMENT,0,0
PAYSIM-0006186,TRANSFER,0,0
PAYSIM-0006187,PAYMENT,0,0
PAYSIM-0006188,PAYMENT,0,0
PAYSIM-0006189,PAYMENT,0,0
PAYSIM-0006190,PAYMENT,0,0
PAYSIM-0006191,PAYMENT,0,0
PAYSIM-0006192,PAYMENT,0,0
PAYSIM-0006193,PAYMENT,0,0
PAYSIM-0006194,PAYMENT,0,0
PAYSIM-0006195,PAYMENT,0,0
PAYSIM-0006196,CASH_OUT,0,0
PAYSIM-0006197,CASH_OUT,0,0
PAYSIM-0006198,PAYMENT,0,0
PAYSIM-0006199,PAYMENT,0,0
PAYSIM-0006200,PAYMENT,0,0
PAYSIM-0006201,TRANSFER,0,0
PAYSIM-0006202,PAYMENT,0,0
PAYSIM-0006203,TRANSFER,0,0
PAYSIM-0006204,PAYMENT,0,0
PAYSIM-0006205,PAYMENT,0,0
PAYSIM-0006206,TRANSFER,0,0
PAYSIM-0006207,TRANSFER,0,0
PAYSIM-0006208,PAYMENT,0,0
PAYSIM-0006209,CASH_IN,0,0
PAYSIM-0006210,CASH_IN,0,0
PAYSIM-0006211,PAYMENT,0,0
PAYSIM-0006212,CASH_IN,0,0
PAYSIM-0006213,CASH_IN,0,0
PAYSIM-0006214,DEBIT,0,0
PAYSIM-0006215,PAYMENT,0,0
PAYSIM-0006216,PAYMENT,0,0
PAYSIM-0006217,PAYMENT,0,0
PAYSIM-0006218,PAYMENT,0,0
PAYSIM-0006219,PAYMENT,0,0
PAYSIM-0006220,PAYMENT,0,0
PAYSIM-0006221,PAYMENT,0,0
PAYSIM-0006222,PAYMENT,0,0
PAYSIM-0006223,PAYMENT,0,0
PAYSIM-0006224,PAYMENT,0,0
PAYSIM-0006225,PAYMENT,0,0
PAYSIM-0006226,PAYMENT,0,0
PAYSIM-0006227,PAYMENT,0,0
PAYSIM-0006228,PAYMENT,0,0
PAYSIM-0006229,PAYMENT,0,0
PAYSIM-0006230,PAYMENT,0,0
PAYSIM-0006231,PAYMENT,0,0
PAYSIM-0006232,PAYMENT,0,0
PAYSIM-0006233,PAYMENT,0,0
PAYSIM-0006234,PAYMENT,0,0
PAYSIM-0006235,PAYMENT,0,0
PAYSIM-0006236,PAYMENT,0,0
PAYSIM-0006237,PAYMENT,0,0
PAYSIM-0006238,PAYMENT,0,0
PAYSIM-0006239,PAYMENT,0,0
PAYSIM-0006240,PAYMENT,0,0
PAYSIM-0006241,DEBIT,0,0
PAYSIM-0006242,TRANSFER,0,0
PAYSIM-0006243,PAYMENT,0,0
PAYSIM-0006244,PAYMENT,0,0
PAYSIM-0006245,PAYMENT,0,0
PAYSIM-0006246,PAYMENT,0,0
PAYSIM-0006247,TRANSFER,0,0
PAYSIM-0006248,TRANSFER,0,0
PAYSIM-0006249,PAYMENT,0,0
PAYSIM-0006250,PAYMENT,0,0
PAYSIM-0006251,PAYMENT,0,0
PAYSIM-0006252,PAYMENT,0,0
PAYSIM-0006253,PAYMENT,0,0
PAYSIM-0006254,PAYMENT,0,0
PAYSIM-0006255,TRANSFER,0,0
PAYSIM-0006256,PAYMENT,0,0
PAYSIM-0006257,TRANSFER,0,0
PAYSIM-0006258,PAYMENT,0,0
PAYSIM-0006259,TRANSFER,0,0
PAYSIM-0006260,PAYMENT,0,0
PAYSIM-0006261,PAYMENT,0,0
PAYSIM-0006262,PAYMENT,0,0
PAYSIM-0006263,PAYMENT,0,0
PAYSIM-0006264,PAYMENT,0,0
PAYSIM-0006265,PAYMENT,0,0
PAYSIM-0006266,PAYMENT,0,0
PAYSIM-0006267,DEBIT,0,0
PAYSIM-0006268,PAYMENT,0,0
PAYSIM-0006269,PAYMENT,0,0
PAYSIM-0006270,PAYMENT,0,0
PAYSIM-0006271,PAYMENT,0,0
PAYSIM-0006272,PAYMENT,0,0
PAYSIM-0006273,PAYMENT,0,0
PAYSIM-0006274,PAYMENT,0,0
PAYSIM-0006275,PAYMENT,0,0
PAYSIM-0006276,TRANSFER,0,0
PAYSIM-0006277,CASH_IN,0,0
PAYSIM-0006278,PAYMENT,0,0
PAYSIM-0006279,PAYMENT,0,0
PAYSIM-0006280,PAYMENT,0,0
PAYSIM-0006281,CASH_OUT,0,0
PAYSIM-0006282,TRANSFER,0,0
PAYSIM-0006283,CASH_OUT,0,0
PAYSIM-0006284,PAYMENT,0,0
PAYSIM-0006285,DEBIT,0,0
PAYSIM-0006286,PAYMENT,0,0
PAYSIM-0006287,PAYMENT,0,0
PAYSIM-0006288,PAYMENT,0,0
PAYSIM-0006289,PAYMENT,0,0
PAYSIM-0006290,PAYMENT,0,0
PAYSIM-0006291,PAYMENT,0,0
PAYSIM-0006292,PAYMENT,0,0
PAYSIM-0006293,PAYMENT,0,0
PAYSIM-0006294,CASH_OUT,0,0
PAYSIM-0006295,PAYMENT,0,0
PAYSIM-0006296,PAYMENT,0,0
PAYSIM-0006297,PAYMENT,0,0
PAYSIM-0006298,PAYMENT,0,0
PAYSIM-0006299,CASH_OUT,0,0
PAYSIM-0006300,DEBIT,0,0
PAYSIM-0006301,PAYMENT,0,0
PAYSIM-0006302,TRANSFER,0,0
PAYSIM-0006303,PAYMENT,0,0
PAYSIM-0006304,PAYMENT,0,0
PAYSIM-0006305,PAYMENT,0,0
PAYSIM-0006306,PAYMENT,0,0
PAYSIM-0006307,PAYMENT,0,0
PAYSIM-0006308,PAYMENT,0,0
PAYSIM-0006309,PAYMENT,0,0
PAYSIM-0006310,PAYMENT,0,0
PAYSIM-0006311,PAYMENT,0,0
PAYSIM-0006312,PAYMENT,0,0
PAYSIM-0006313,PAYMENT,0,0
PAYSIM-0006314,PAYMENT,0,0
PAYSIM-0006315,PAYMENT,0,0
PAYSIM-0006316,PAYMENT,0,0
PAYSIM-0006317,PAYMENT,0,0
PAYSIM-0006318,PAYMENT,0,0
PAYSIM-0006319,PAYMENT,0,0
PAYSIM-0006320,PAYMENT,0,0
PAYSIM-0006321,PAYMENT,0,0
PAYSIM-0006322,PAYMENT,0,0
PAYSIM-0006323,TRANSFER,0,0
PAYSIM-0006324,CASH_OUT,0,0
PAYSIM-0006325,CASH_OUT,0,0
PAYSIM-0006326,CASH_OUT,0,0
PAYSIM-0006327,CASH_OUT,0,0
PAYSIM-0006328,CASH_OUT,0,0
PAYSIM-0006329,CASH_OUT,0,0
PAYSIM-0006330,CASH_OUT,0,0
PAYSIM-0006331,CASH_OUT,0,0
PAYSIM-0006332,CASH_OUT,0,0
PAYSIM-0006333,CASH_OUT,0,0
PAYSIM-0006334,CASH_OUT,0,0
PAYSIM-0006335,CASH_OUT,0,0
PAYSIM-0006336,PAYMENT,0,0
PAYSIM-0006337,PAYMENT,0,0
PAYSIM-0006338,CASH_IN,0,0
PAYSIM-0006339,CASH_IN,0,0
PAYSIM-0006340,CASH_IN,0,0
PAYSIM-0006341,CASH_IN,0,0
PAYSIM-0006342,CASH_IN,0,0
PAYSIM-0006343,CASH_IN,0,0
PAYSIM-0006344,CASH_IN,0,0
PAYSIM-0006345,CASH_IN,0,0
PAYSIM-0006346,CASH_IN,0,0
PAYSIM-0006347,CASH_IN,0,0
PAYSIM-0006348,CASH_IN,0,0
PAYSIM-0006349,CASH_IN,0,0
PAYSIM-0006350,CASH_IN,0,0
PAYSIM-0006351,CASH_IN,0,0
PAYSIM-0006352,CASH_IN,0,0
PAYSIM-0006353,CASH_IN,0,0
PAYSIM-0006354,CASH_IN,0,0
PAYSIM-0006355,CASH_IN,0,0
PAYSIM-0006356,CASH_IN,0,0
PAYSIM-0006357,CASH_IN,0,0
PAYSIM-0006358,CASH_IN,0,0
PAYSIM-0006359,CASH_IN,0,0
PAYSIM-0006360,CASH_IN,0,0
PAYSIM-0006361,CASH_IN,0,0
PAYSIM-0006362,CASH_IN,0,0
PAYSIM-0006363,CASH_IN,0,0
PAYSIM-0006364,CASH_IN,0,0
PAYSIM-0006365,CASH_IN,0,0
PAYSIM-0006366,CASH_IN,0,0
PAYSIM-0006367,CASH_IN,0,0
PAYSIM-0006368,CASH_IN,0,0
PAYSIM-0006369,CASH_IN,0,0
PAYSIM-0006370,CASH_IN,0,0
PAYSIM-0006371,CASH_IN,0,0
PAYSIM-0006372,CASH_IN,0,0
PAYSIM-0006373,CASH_IN,0,0
PAYSIM-0006374,CASH_IN,0,0
PAYSIM-0006375,CASH_IN,0,0
PAYSIM-0006376,CASH_IN,0,0
PAYSIM-0006377,CASH_IN,0,0
PAYSIM-0006378,CASH_IN,0,0
PAYSIM-0006379,CASH_IN,0,0
PAYSIM-0006380,CASH_IN,0,0
PAYSIM-0006381,CASH_IN,0,0
PAYSIM-0006382,CASH_IN,0,0
PAYSIM-0006383,PAYMENT,0,0
PAYSIM-0006384,CASH_OUT,0,0
PAYSIM-0006385,CASH_OUT,0,0
PAYSIM-0006386,PAYMENT,0,0
PAYSIM-0006387,CASH_OUT,0,0
PAYSIM-0006388,PAYMENT,0,0
PAYSIM-0006389,PAYMENT,0,0
PAYSIM-0006390,PAYMENT,0,0
PAYSIM-0006391,PAYMENT,0,0
PAYSIM-0006392,PAYMENT,0,0
PAYSIM-0006393,PAYMENT,0,0
PAYSIM-0006394,PAYMENT,0,0
PAYSIM-0006395,CASH_OUT,0,0
PAYSIM-0006396,CASH_OUT,0,0
PAYSIM-0006397,CASH_OUT,0,0
PAYSIM-0006398,CASH_OUT,0,0
PAYSIM-0006399,CASH_OUT,0,0
PAYSIM-0006400,CASH_OUT,0,0
PAYSIM-0006401,CASH_OUT,0,0
PAYSIM-0006402,CASH_OUT,0,0
PAYSIM-0006403,CASH_OUT,0,0
PAYSIM-0006404,CASH_OUT,0,0
PAYSIM-0006405,CASH_OUT,0,0
PAYSIM-0006406,CASH_OUT,0,0
PAYSIM-0006407,CASH_OUT,0,0
PAYSIM-0006408,CASH_OUT,0,0
PAYSIM-0006409,CASH_OUT,0,0
PAYSIM-0006410,CASH_OUT,0,0
PAYSIM-0006411,CASH_OUT,0,0
PAYSIM-0006412,CASH_OUT,0,0
PAYSIM-0006413,CASH_OUT,0,0
PAYSIM-0006414,CASH_OUT,0,0
PAYSIM-0006415,CASH_OUT,0,0
PAYSIM-0006416,CASH_OUT,0,0
PAYSIM-0006417,CASH_OUT,0,0
PAYSIM-0006418,CASH_OUT,0,0
PAYSIM-0006419,CASH_OUT,0,0
PAYSIM-0006420,CASH_OUT,0,0
PAYSIM-0006421,CASH_OUT,0,0
PAYSIM-0006422,CASH_OUT,0,0
PAYSIM-0006423,CASH_OUT,0,0
PAYSIM-0006424,CASH_OUT,0,0
PAYSIM-0006425,PAYMENT,0,0
PAYSIM-0006426,PAYMENT,0,0
PAYSIM-0006427,PAYMENT,0,0
PAYSIM-0006428,PAYMENT,0,0
PAYSIM-0006429,PAYMENT,0,0
PAYSIM-0006430,PAYMENT,0,0
PAYSIM-0006431,PAYMENT,0,0
PAYSIM-0006432,PAYMENT,0,0
PAYSIM-0006433,PAYMENT,0,0
PAYSIM-0006434,PAYMENT,0,0
PAYSIM-0006435,PAYMENT,0,0
PAYSIM-0006436,PAYMENT,0,0
PAYSIM-0006437,CASH_IN,0,0
PAYSIM-0006438,TRANSFER,0,0
PAYSIM-0006439,CASH_OUT,0,0
PAYSIM-0006440,CASH_OUT,0,0
PAYSIM-0006441,PAYMENT,0,0
PAYSIM-0006442,PAYMENT,0,0
PAYSIM-0006443,TRANSFER,0,0
PAYSIM-0006444,PAYMENT,0,0
PAYSIM-0006445,PAYMENT,0,0
PAYSIM-0006446,PAYMENT,0,0
PAYSIM-0006447,CASH_OUT,0,0
PAYSIM-0006448,PAYMENT,0,0
PAYSIM-0006449,DEBIT,0,0
PAYSIM-0006450,PAYMENT,0,0
PAYSIM-0006451,PAYMENT,0,0
PAYSIM-0006452,PAYMENT,0,0
PAYSIM-0006453,PAYMENT,0,0
PAYSIM-0006454,TRANSFER,0,0
PAYSIM-0006455,TRANSFER,0,0
PAYSIM-0006456,TRANSFER,0,0
PAYSIM-0006457,TRANSFER,0,0
PAYSIM-0006458,TRANSFER,0,0
PAYSIM-0006459,TRANSFER,0,0
PAYSIM-0006460,TRANSFER,0,0
PAYSIM-0006461,TRANSFER,0,0
PAYSIM-0006462,TRANSFER,0,0
PAYSIM-0006463,TRANSFER,0,0
PAYSIM-0006464,TRANSFER,0,0
PAYSIM-0006465,TRANSFER,0,0
PAYSIM-0006466,TRANSFER,0,0
PAYSIM-0006467,TRANSFER,0,0
PAYSIM-0006468,TRANSFER,0,0
PAYSIM-0006469,TRANSFER,0,0
PAYSIM-0006470,TRANSFER,0,0
PAYSIM-0006471,TRANSFER,0,0
PAYSIM-0006472,PAYMENT,0,0
PAYSIM-0006473,DEBIT,0,0
PAYSIM-0006474,PAYMENT,0,0
PAYSIM-0006475,PAYMENT,0,0
PAYSIM-0006476,PAYMENT,0,0
PAYSIM-0006477,PAYMENT,0,0
PAYSIM-0006478,PAYMENT,0,0
PAYSIM-0006479,PAYMENT,0,0
PAYSIM-0006480,PAYMENT,0,0
PAYSIM-0006481,CASH_OUT,0,0
PAYSIM-0006482,TRANSFER,0,0
PAYSIM-0006483,PAYMENT,0,0
PAYSIM-0006484,PAYMENT,0,0
PAYSIM-0006485,PAYMENT,0,0
PAYSIM-0006486,PAYMENT,0,0
PAYSIM-0006487,PAYMENT,0,0
PAYSIM-0006488,PAYMENT,0,0
PAYSIM-0006489,PAYMENT,0,0
PAYSIM-0006490,PAYMENT,0,0
PAYSIM-0006491,PAYMENT,0,0
PAYSIM-0006492,PAYMENT,0,0
PAYSIM-0006493,PAYMENT,0,0
PAYSIM-0006494,PAYMENT,0,0
PAYSIM-0006495,PAYMENT,0,0
PAYSIM-0006496,PAYMENT,0,0
PAYSIM-0006497,PAYMENT,0,0
PAYSIM-0006498,PAYMENT,0,0
PAYSIM-0006499,PAYMENT,0,0
PAYSIM-0006500,PAYMENT,0,0
PAYSIM-0006501,PAYMENT,0,0
PAYSIM-0006502,PAYMENT,0,0
PAYSIM-0006503,PAYMENT,0,0
PAYSIM-0006504,PAYMENT,0,0
PAYSIM-0006505,PAYMENT,0,0
PAYSIM-0006506,PAYMENT,0,0
PAYSIM-0006507,PAYMENT,0,0
PAYSIM-0006508,PAYMENT,0,0
PAYSIM-0006509,PAYMENT,0,0
PAYSIM-0006510,PAYMENT,0,0
PAYSIM-0006511,DEBIT,0,0
PAYSIM-0006512,CASH_OUT,0,0
PAYSIM-0006513,PAYMENT,0,0
PAYSIM-0006514,CASH_OUT,0,0
PAYSIM-0006515,CASH_OUT,0,0
PAYSIM-0006516,CASH_OUT,0,0
PAYSIM-0006517,CASH_OUT,0,0
PAYSIM-0006518,CASH_OUT,0,0
PAYSIM-0006519,CASH_OUT,0,0
PAYSIM-0006520,CASH_OUT,0,0
PAYSIM-0006521,CASH_OUT,0,0
PAYSIM-0006522,CASH_OUT,0,0
PAYSIM-0006523,CASH_OUT,0,0
PAYSIM-0006524,CASH_OUT,0,0
PAYSIM-0006525,CASH_OUT,0,0
PAYSIM-0006526,CASH_OUT,0,0
PAYSIM-0006527,CASH_OUT,0,0
PAYSIM-0006528,CASH_OUT,0,0
PAYSIM-0006529,CASH_OUT,0,0
PAYSIM-0006530,PAYMENT,0,0
PAYSIM-0006531,PAYMENT,0,0
PAYSIM-0006532,PAYMENT,0,0
PAYSIM-0006533,PAYMENT,0,0
PAYSIM-0006534,PAYMENT,0,0
PAYSIM-0006535,CASH_OUT,0,0
PAYSIM-0006536,PAYMENT,0,0
PAYSIM-0006537,PAYMENT,0,0
PAYSIM-0006538,PAYMENT,0,0
PAYSIM-0006539,PAYMENT,0,0
PAYSIM-0006540,TRANSFER,0,0
PAYSIM-0006541,PAYMENT,0,0
PAYSIM-0006542,PAYMENT,0,0
PAYSIM-0006543,PAYMENT,0,0
PAYSIM-0006544,PAYMENT,0,0
PAYSIM-0006545,CASH_IN,0,0
PAYSIM-0006546,CASH_IN,0,0
PAYSIM-0006547,CASH_IN,0,0
PAYSIM-0006548,CASH_IN,0,0
PAYSIM-0006549,CASH_IN,0,0
PAYSIM-0006550,CASH_IN,0,0
PAYSIM-0006551,CASH_IN,0,0
PAYSIM-0006552,CASH_IN,0,0
PAYSIM-0006553,CASH_IN,0,0
PAYSIM-0006554,CASH_IN,0,0
PAYSIM-0006555,CASH_IN,0,0
PAYSIM-0006556,CASH_IN,0,0
PAYSIM-0006557,CASH_IN,0,0
PAYSIM-0006558,CASH_IN,0,0
PAYSIM-0006559,CASH_IN,0,0
PAYSIM-0006560,CASH_IN,0,0
PAYSIM-0006561,CASH_IN,0,0
PAYSIM-0006562,PAYMENT,0,0
PAYSIM-0006563,TRANSFER,0,0
PAYSIM-0006564,PAYMENT,0,0
PAYSIM-0006565,PAYMENT,0,0
PAYSIM-0006566,PAYMENT,0,0
PAYSIM-0006567,PAYMENT,0,0
PAYSIM-0006568,PAYMENT,0,0
PAYSIM-0006569,PAYMENT,0,0
PAYSIM-0006570,PAYMENT,0,0
PAYSIM-0006571,PAYMENT,0,0
PAYSIM-0006572,PAYMENT,0,0
PAYSIM-0006573,CASH_OUT,0,0
PAYSIM-0006574,PAYMENT,0,0
PAYSIM-0006575,CASH_OUT,0,0
PAYSIM-0006576,PAYMENT,0,0
PAYSIM-0006577,PAYMENT,0,0
PAYSIM-0006578,PAYMENT,0,0
PAYSIM-0006579,CASH_OUT,0,0
PAYSIM-0006580,PAYMENT,0,0
PAYSIM-0006581,PAYMENT,0,0
PAYSIM-0006582,CASH_OUT,0,0
PAYSIM-0006583,CASH_OUT,0,0
PAYSIM-0006584,TRANSFER,1,0
PAYSIM-0006585,CASH_OUT,1,0
PAYSIM-0006586,PAYMENT,0,0
PAYSIM-0006587,CASH_OUT,0,0
PAYSIM-0006588,CASH_OUT,0,0
PAYSIM-0006589,CASH_OUT,0,0
PAYSIM-0006590,CASH_OUT,0,0
PAYSIM-0006591,CASH_OUT,0,0
PAYSIM-0006592,CASH_OUT,0,0
PAYSIM-0006593,CASH_OUT,0,0
PAYSIM-0006594,CASH_OUT,0,0
PAYSIM-0006595,CASH_OUT,0,0
PAYSIM-0006596,CASH_OUT,0,0
PAYSIM-0006597,CASH_OUT,0,0
PAYSIM-0006598,PAYMENT,0,0
PAYSIM-0006599,TRANSFER,0,0
PAYSIM-0006600,PAYMENT,0,0
PAYSIM-0006601,PAYMENT,0,0
PAYSIM-0006602,PAYMENT,0,0
PAYSIM-0006603,PAYMENT,0,0
PAYSIM-0006604,PAYMENT,0,0
PAYSIM-0006605,PAYMENT,0,0
PAYSIM-0006606,PAYMENT,0,0
PAYSIM-0006607,PAYMENT,0,0
PAYSIM-0006608,PAYMENT,0,0
PAYSIM-0006609,PAYMENT,0,0
PAYSIM-0006610,PAYMENT,0,0
PAYSIM-0006611,DEBIT,0,0
PAYSIM-0006612,PAYMENT,0,0
PAYSIM-0006613,PAYMENT,0,0
PAYSIM-0006614,PAYMENT,0,0
PAYSIM-0006615,TRANSFER,0,0
PAYSIM-0006616,CASH_OUT,0,0
PAYSIM-0006617,PAYMENT,0,0
PAYSIM-0006618,PAYMENT,0,0
PAYSIM-0006619,PAYMENT,0,0
PAYSIM-0006620,PAYMENT,0,0
PAYSIM-0006621,PAYMENT,0,0
PAYSIM-0006622,PAYMENT,0,0
PAYSIM-0006623,CASH_IN,0,0
PAYSIM-0006624,CASH_IN,0,0
PAYSIM-0006625,CASH_IN,0,0
PAYSIM-0006626,CASH_IN,0,0
PAYSIM-0006627,CASH_IN,0,0
PAYSIM-0006628,CASH_IN,0,0
PAYSIM-0006629,CASH_IN,0,0
PAYSIM-0006630,CASH_IN,0,0
PAYSIM-0006631,CASH_IN,0,0
PAYSIM-0006632,CASH_IN,0,0
PAYSIM-0006633,CASH_IN,0,0
PAYSIM-0006634,CASH_IN,0,0
PAYSIM-0006635,CASH_IN,0,0
PAYSIM-0006636,CASH_IN,0,0
PAYSIM-0006637,CASH_IN,0,0
PAYSIM-0006638,CASH_IN,0,0
PAYSIM-0006639,CASH_IN,0,0
PAYSIM-0006640,CASH_IN,0,0
PAYSIM-0006641,CASH_IN,0,0
PAYSIM-0006642,CASH_IN,0,0
PAYSIM-0006643,CASH_IN,0,0
PAYSIM-0006644,CASH_IN,0,0
PAYSIM-0006645,CASH_IN,0,0
PAYSIM-0006646,CASH_IN,0,0
PAYSIM-0006647,CASH_IN,0,0
PAYSIM-0006648,CASH_IN,0,0
PAYSIM-0006649,CASH_IN,0,0
PAYSIM-0006650,CASH_IN,0,0
PAYSIM-0006651,CASH_IN,0,0
PAYSIM-0006652,CASH_IN,0,0
PAYSIM-0006653,CASH_IN,0,0
PAYSIM-0006654,CASH_IN,0,0
PAYSIM-0006655,CASH_IN,0,0
PAYSIM-0006656,CASH_IN,0,0
PAYSIM-0006657,CASH_IN,0,0
PAYSIM-0006658,CASH_IN,0,0
PAYSIM-0006659,CASH_IN,0,0
PAYSIM-0006660,CASH_IN,0,0
PAYSIM-0006661,CASH_IN,0,0
PAYSIM-0006662,CASH_IN,0,0
PAYSIM-0006663,CASH_IN,0,0
PAYSIM-0006664,CASH_IN,0,0
PAYSIM-0006665,CASH_IN,0,0
PAYSIM-0006666,CASH_IN,0,0
PAYSIM-0006667,CASH_IN,0,0
PAYSIM-0006668,CASH_IN,0,0
PAYSIM-0006669,CASH_IN,0,0
PAYSIM-0006670,CASH_IN,0,0
PAYSIM-0006671,CASH_IN,0,0
PAYSIM-0006672,CASH_IN,0,0
PAYSIM-0006673,CASH_IN,0,0
PAYSIM-0006674,CASH_IN,0,0
PAYSIM-0006675,CASH_IN,0,0
PAYSIM-0006676,CASH_IN,0,0
PAYSIM-0006677,CASH_IN,0,0
PAYSIM-0006678,CASH_IN,0,0
PAYSIM-0006679,CASH_IN,0,0
PAYSIM-0006680,CASH_IN,0,0
PAYSIM-0006681,CASH_IN,0,0
PAYSIM-0006682,CASH_IN,0,0
PAYSIM-0006683,CASH_IN,0,0
PAYSIM-0006684,CASH_IN,0,0
PAYSIM-0006685,CASH_IN,0,0
PAYSIM-0006686,CASH_IN,0,0
PAYSIM-0006687,CASH_IN,0,0
PAYSIM-0006688,CASH_IN,0,0
PAYSIM-0006689,CASH_IN,0,0
PAYSIM-0006690,CASH_IN,0,0
PAYSIM-0006691,CASH_IN,0,0
PAYSIM-0006692,CASH_IN,0,0
PAYSIM-0006693,CASH_IN,0,0
PAYSIM-0006694,CASH_IN,0,0
PAYSIM-0006695,CASH_IN,0,0
PAYSIM-0006696,CASH_IN,0,0
PAYSIM-0006697,PAYMENT,0,0
PAYSIM-0006698,PAYMENT,0,0
PAYSIM-0006699,PAYMENT,0,0
PAYSIM-0006700,PAYMENT,0,0
PAYSIM-0006701,PAYMENT,0,0
PAYSIM-0006702,PAYMENT,0,0
PAYSIM-0006703,TRANSFER,1,0
PAYSIM-0006704,CASH_OUT,1,0
PAYSIM-0006705,PAYMENT,0,0
PAYSIM-0006706,PAYMENT,0,0
PAYSIM-0006707,TRANSFER,1,0
PAYSIM-0006708,CASH_OUT,1,0
PAYSIM-0006709,PAYMENT,0,0
PAYSIM-0006710,PAYMENT,0,0
PAYSIM-0006711,PAYMENT,0,0
PAYSIM-0006712,PAYMENT,0,0
PAYSIM-0006713,PAYMENT,0,0
PAYSIM-0006714,PAYMENT,0,0
PAYSIM-0006715,PAYMENT,0,0
PAYSIM-0006716,PAYMENT,0,0
PAYSIM-0006717,PAYMENT,0,0
PAYSIM-0006718,TRANSFER,0,0
PAYSIM-0006719,PAYMENT,0,0
PAYSIM-0006720,PAYMENT,0,0
PAYSIM-0006721,PAYMENT,0,0
PAYSIM-0006722,PAYMENT,0,0
PAYSIM-0006723,CASH_OUT,0,0
PAYSIM-0006724,PAYMENT,0,0
PAYSIM-0006725,PAYMENT,0,0
PAYSIM-0006726,PAYMENT,0,0
PAYSIM-0006727,CASH_OUT,0,0
PAYSIM-0006728,CASH_OUT,0,0
PAYSIM-0006729,CASH_OUT,0,0
PAYSIM-0006730,CASH_OUT,0,0
PAYSIM-0006731,PAYMENT,0,0
PAYSIM-0006732,PAYMENT,0,0
PAYSIM-0006733,PAYMENT,0,0
PAYSIM-0006734,PAYMENT,0,0
PAYSIM-0006735,PAYMENT,0,0
PAYSIM-0006736,PAYMENT,0,0
PAYSIM-0006737,PAYMENT,0,0
PAYSIM-0006738,PAYMENT,0,0
PAYSIM-0006739,PAYMENT,0,0
PAYSIM-0006740,PAYMENT,0,0
PAYSIM-0006741,PAYMENT,0,0
PAYSIM-0006742,PAYMENT,0,0
PAYSIM-0006743,PAYMENT,0,0
PAYSIM-0006744,PAYMENT,0,0
PAYSIM-0006745,PAYMENT,0,0
PAYSIM-0006746,PAYMENT,0,0
PAYSIM-0006747,PAYMENT,0,0
PAYSIM-0006748,PAYMENT,0,0
PAYSIM-0006749,PAYMENT,0,0
PAYSIM-0006750,PAYMENT,0,0
PAYSIM-0006751,PAYMENT,0,0
PAYSIM-0006752,PAYMENT,0,0
PAYSIM-0006753,PAYMENT,0,0
PAYSIM-0006754,PAYMENT,0,0
PAYSIM-0006755,PAYMENT,0,0
PAYSIM-0006756,PAYMENT,0,0
PAYSIM-0006757,PAYMENT,0,0
PAYSIM-0006758,DEBIT,0,0
PAYSIM-0006759,PAYMENT,0,0
PAYSIM-0006760,PAYMENT,0,0
PAYSIM-0006761,PAYMENT,0,0
PAYSIM-0006762,TRANSFER,0,0
PAYSIM-0006763,PAYMENT,0,0
PAYSIM-0006764,PAYMENT,0,0
PAYSIM-0006765,PAYMENT,0,0
PAYSIM-0006766,DEBIT,0,0
PAYSIM-0006767,PAYMENT,0,0
PAYSIM-0006768,PAYMENT,0,0
PAYSIM-0006769,PAYMENT,0,0
PAYSIM-0006770,PAYMENT,0,0
PAYSIM-0006771,PAYMENT,0,0
PAYSIM-0006772,CASH_OUT,0,0
PAYSIM-0006773,PAYMENT,0,0
PAYSIM-0006774,PAYMENT,0,0
PAYSIM-0006775,PAYMENT,0,0
PAYSIM-0006776,PAYMENT,0,0
PAYSIM-0006777,PAYMENT,0,0
PAYSIM-0006778,PAYMENT,0,0
PAYSIM-0006779,PAYMENT,0,0
PAYSIM-0006780,PAYMENT,0,0
PAYSIM-0006781,PAYMENT,0,0
PAYSIM-0006782,PAYMENT,0,0
PAYSIM-0006783,PAYMENT,0,0
PAYSIM-0006784,PAYMENT,0,0
PAYSIM-0006785,PAYMENT,0,0
PAYSIM-0006786,PAYMENT,0,0
PAYSIM-0006787,PAYMENT,0,0
PAYSIM-0006788,PAYMENT,0,0
PAYSIM-0006789,PAYMENT,0,0
PAYSIM-0006790,PAYMENT,0,0
PAYSIM-0006791,PAYMENT,0,0
PAYSIM-0006792,PAYMENT,0,0
PAYSIM-0006793,PAYMENT,0,0
PAYSIM-0006794,PAYMENT,0,0
PAYSIM-0006795,PAYMENT,0,0
PAYSIM-0006796,PAYMENT,0,0
PAYSIM-0006797,PAYMENT,0,0
PAYSIM-0006798,PAYMENT,0,0
PAYSIM-0006799,PAYMENT,0,0
PAYSIM-0006800,PAYMENT,0,0
PAYSIM-0006801,PAYMENT,0,0
PAYSIM-0006802,PAYMENT,0,0
PAYSIM-0006803,PAYMENT,0,0
PAYSIM-0006804,PAYMENT,0,0
PAYSIM-0006805,TRANSFER,0,0
PAYSIM-0006806,PAYMENT,0,0
PAYSIM-0006807,PAYMENT,0,0
PAYSIM-0006808,CASH_OUT,0,0
PAYSIM-0006809,TRANSFER,0,0
PAYSIM-0006810,PAYMENT,0,0
PAYSIM-0006811,PAYMENT,0,0
PAYSIM-0006812,CASH_OUT,0,0
PAYSIM-0006813,PAYMENT,0,0
PAYSIM-0006814,PAYMENT,0,0
PAYSIM-0006815,PAYMENT,0,0
PAYSIM-0006816,PAYMENT,0,0
PAYSIM-0006817,PAYMENT,0,0
PAYSIM-0006818,PAYMENT,0,0
PAYSIM-0006819,PAYMENT,0,0
PAYSIM-0006820,TRANSFER,0,0
PAYSIM-0006821,PAYMENT,0,0
PAYSIM-0006822,PAYMENT,0,0
PAYSIM-0006823,PAYMENT,0,0
PAYSIM-0006824,DEBIT,0,0
PAYSIM-0006825,CASH_OUT,0,0
PAYSIM-0006826,PAYMENT,0,0
PAYSIM-0006827,PAYMENT,0,0
PAYSIM-0006828,TRANSFER,0,0
PAYSIM-0006829,PAYMENT,0,0
PAYSIM-0006830,PAYMENT,0,0
PAYSIM-0006831,PAYMENT,0,0
PAYSIM-0006832,PAYMENT,0,0
PAYSIM-0006833,PAYMENT,0,0
PAYSIM-0006834,CASH_OUT,0,0
PAYSIM-0006835,PAYMENT,0,0
PAYSIM-0006836,PAYMENT,0,0
PAYSIM-0006837,PAYMENT,0,0
PAYSIM-0006838,PAYMENT,0,0
PAYSIM-0006839,PAYMENT,0,0
PAYSIM-0006840,PAYMENT,0,0
PAYSIM-0006841,PAYMENT,0,0
PAYSIM-0006842,PAYMENT,0,0
PAYSIM-0006843,PAYMENT,0,0
PAYSIM-0006844,PAYMENT,0,0
PAYSIM-0006845,TRANSFER,0,0
PAYSIM-0006846,PAYMENT,0,0
PAYSIM-0006847,PAYMENT,0,0
PAYSIM-0006848,PAYMENT,0,0
PAYSIM-0006849,PAYMENT,0,0
PAYSIM-0006850,PAYMENT,0,0
PAYSIM-0006851,PAYMENT,0,0
PAYSIM-0006852,PAYMENT,0,0
PAYSIM-0006853,PAYMENT,0,0
PAYSIM-0006854,PAYMENT,0,0
PAYSIM-0006855,PAYMENT,0,0
PAYSIM-0006856,PAYMENT,0,0
PAYSIM-0006857,PAYMENT,0,0
PAYSIM-0006858,PAYMENT,0,0
PAYSIM-0006859,PAYMENT,0,0
PAYSIM-0006860,PAYMENT,0,0
PAYSIM-0006861,PAYMENT,0,0
PAYSIM-0006898,TRANSFER,1,0
PAYSIM-0006899,CASH_OUT,1,0
PAYSIM-0007003,TRANSFER,1,0
PAYSIM-0007004,CASH_OUT,1,0
PAYSIM-0007030,TRANSFER,1,0
PAYSIM-0007031,CASH_OUT,1,0
PAYSIM-0007155,TRANSFER,1,0
PAYSIM-0007156,CASH_OUT,1,0
PAYSIM-0009285,TRANSFER,1,0
PAYSIM-0009286,CASH_OUT,1,0
PAYSIM-0010219,TRANSFER,1,0
PAYSIM-0010220,CASH_OUT,1,0
PAYSIM-0010396,TRANSFER,1,0
PAYSIM-0010397,CASH_OUT,1,0
PAYSIM-0012180,TRANSFER,1,0
PAYSIM-0012181,CASH_OUT,1,0
PAYSIM-0012215,TRANSFER,1,0
PAYSIM-0012216,CASH_OUT,1,0
PAYSIM-0012468,TRANSFER,1,0
PAYSIM-0012469,CASH_OUT,1,0
PAYSIM-0014862,CASH_OUT,1,0
PAYSIM-0018772,TRANSFER,1,0
PAYSIM-0018773,CASH_OUT,1,0
PAYSIM-0024967,TRANSFER,1,0
PAYSIM-0024968,CASH_OUT,1,0
PAYSIM-0025876,TRANSFER,1,0
PAYSIM-0033473,TRANSFER,1,0
PAYSIM-0033474,CASH_OUT,1,0
PAYSIM-0033914,TRANSFER,1,0
PAYSIM-0033915,CASH_OUT,1,0
PAYSIM-0034169,TRANSFER,1,0
PAYSIM-0034170,CASH_OUT,1,0
PAYSIM-0036027,TRANSFER,1,0
PAYSIM-0036028,CASH_OUT,1,0
PAYSIM-0036692,TRANSFER,1,0
PAYSIM-0036693,CASH_OUT,1,0
PAYSIM-0047145,TRANSFER,1,0
PAYSIM-0047146,CASH_OUT,1,0
PAYSIM-0049826,TRANSFER,1,0
PAYSIM-0049827,CASH_OUT,1,0
PAYSIM-0049886,TRANSFER,1,0
PAYSIM-0049887,CASH_OUT,1,0
PAYSIM-0056478,TRANSFER,1,0
PAYSIM-0056479,CASH_OUT,1,0
PAYSIM-0058308,TRANSFER,1,0
PAYSIM-0058309,CASH_OUT,1,0
PAYSIM-0060854,TRANSFER,1,0
PAYSIM-0069202,TRANSFER,1,0
PAYSIM-0069203,CASH_OUT,1,0
PAYSIM-0072511,TRANSFER,1,0
PAYSIM-0072512,CASH_OUT,1,0
PAYSIM-0072931,TRANSFER,1,0
PAYSIM-0072932,CASH_OUT,1,0
PAYSIM-0077746,CASH_OUT,1,0
PAYSIM-0090071,TRANSFER,1,0
PAYSIM-0090072,CASH_OUT,1,0
PAYSIM-0099372,TRANSFER,1,0
PAYSIM-0099373,CASH_OUT,1,0
PAYSIM-0102181,TRANSFER,1,0
PAYSIM-0102182,CASH_OUT,1,0
PAYSIM-0102608,TRANSFER,1,0
PAYSIM-0102609,CASH_OUT,1,0
PAYSIM-0136420,TRANSFER,1,0
PAYSIM-0136421,CASH_OUT,1,0
PAYSIM-0138560,TRANSFER,1,0
PAYSIM-0141635,TRANSFER,1,0
PAYSIM-0141636,CASH_OUT,1,0
PAYSIM-0142088,TRANSFER,1,0
PAYSIM-0142089,CASH_OUT,1,0
PAYSIM-0146628,TRANSFER,1,0
PAYSIM-0146629,CASH_OUT,1,0
PAYSIM-0151658,TRANSFER,1,0
PAYSIM-0151659,CASH_OUT,1,0
PAYSIM-0151925,TRANSFER,1,0
PAYSIM-0151926,CASH_OUT,1,0
PAYSIM-0167557,TRANSFER,1,0
PAYSIM-0167558,CASH_OUT,1,0
PAYSIM-0169999,CASH_OUT,1,0
PAYSIM-0174585,TRANSFER,1,0
PAYSIM-0174586,CASH_OUT,1,0
PAYSIM-0178669,CASH_OUT,1,0
PAYSIM-0181901,TRANSFER,1,0
PAYSIM-0181902,CASH_OUT,1,0
PAYSIM-0182862,TRANSFER,1,0
PAYSIM-0182863,CASH_OUT,1,0
PAYSIM-0193766,TRANSFER,1,0
PAYSIM-0193767,CASH_OUT,1,0
PAYSIM-0196776,TRANSFER,1,0
PAYSIM-0196777,CASH_OUT,1,0
PAYSIM-0200846,CASH_OUT,1,0
PAYSIM-0202362,TRANSFER,1,0
PAYSIM-0202363,CASH_OUT,1,0
PAYSIM-0204216,TRANSFER,1,0
PAYSIM-0204217,CASH_OUT,1,0
PAYSIM-0217321,TRANSFER,1,0
PAYSIM-0217322,CASH_OUT,1,0
PAYSIM-0217979,TRANSFER,1,0
PAYSIM-0222998,TRANSFER,1,0
PAYSIM-0222999,CASH_OUT,1,0
PAYSIM-0241948,TRANSFER,1,0
PAYSIM-0241949,CASH_OUT,1,0
PAYSIM-0242983,TRANSFER,1,0
PAYSIM-0242984,CASH_OUT,1,0
PAYSIM-0248772,TRANSFER,1,0
PAYSIM-0248773,CASH_OUT,1,0
PAYSIM-0255702,TRANSFER,1,0
PAYSIM-0255703,CASH_OUT,1,0
PAYSIM-0259845,TRANSFER,1,0
PAYSIM-0259846,CASH_OUT,1,0
PAYSIM-0271117,TRANSFER,1,0
PAYSIM-0271118,CASH_OUT,1,0
PAYSIM-0277266,TRANSFER,1,0
PAYSIM-0277267,CASH_OUT,1,0
PAYSIM-0277991,TRANSFER,1,0
PAYSIM-0277992,CASH_OUT,1,0
PAYSIM-0285020,TRANSFER,1,0
PAYSIM-0285021,CASH_OUT,1,0
PAYSIM-0286186,TRANSFER,1,0
PAYSIM-0286187,CASH_OUT,1,0
PAYSIM-0288377,TRANSFER,1,0
PAYSIM-0288378,CASH_OUT,1,0
PAYSIM-0291460,CASH_OUT,1,0
PAYSIM-0296687,CASH_OUT,1,0
PAYSIM-0301802,TRANSFER,1,0
PAYSIM-0301803,CASH_OUT,1,0
PAYSIM-0302332,TRANSFER,1,0
PAYSIM-0302333,CASH_OUT,1,0
PAYSIM-0303660,TRANSFER,1,0
PAYSIM-0303661,CASH_OUT,1,0
PAYSIM-0318374,TRANSFER,1,0
PAYSIM-0318375,CASH_OUT,1,0
PAYSIM-0327762,TRANSFER,1,0
PAYSIM-0327763,CASH_OUT,1,0
PAYSIM-0338008,TRANSFER,1,0
PAYSIM-0338009,CASH_OUT,1,0
PAYSIM-0343301,TRANSFER,1,0
PAYSIM-0343302,CASH_OUT,1,0
PAYSIM-0347735,TRANSFER,1,0
PAYSIM-0347736,CASH_OUT,1,0
PAYSIM-0368259,TRANSFER,1,0
PAYSIM-0368260,CASH_OUT,1,0
PAYSIM-0369527,TRANSFER,1,0
PAYSIM-0369528,CASH_OUT,1,0
PAYSIM-0376841,TRANSFER,1,0
PAYSIM-0376842,CASH_OUT,1,0
PAYSIM-0377152,CASH_OUT,1,0
PAYSIM-0397547,TRANSFER,1,0
PAYSIM-0397548,CASH_OUT,1,0
PAYSIM-0404429,TRANSFER,1,0
PAYSIM-0404430,CASH_OUT,1,0
PAYSIM-0408956,CASH_OUT,1,0
PAYSIM-0410906,TRANSFER,1,0
PAYSIM-0410907,CASH_OUT,1,0
PAYSIM-0414522,TRANSFER,1,0
PAYSIM-0414523,CASH_OUT,1,0
PAYSIM-0421524,TRANSFER,1,0
PAYSIM-0421525,CASH_OUT,1,0
PAYSIM-0421586,TRANSFER,1,0
PAYSIM-0421587,CASH_OUT,1,0
PAYSIM-0424929,CASH_OUT,1,0
PAYSIM-0437292,TRANSFER,1,0
PAYSIM-0437293,CASH_OUT,1,0
PAYSIM-0464598,TRANSFER,1,0
PAYSIM-0464599,CASH_OUT,1,0
PAYSIM-0474967,TRANSFER,1,0
PAYSIM-0474968,CASH_OUT,1,0
PAYSIM-0479637,CASH_OUT,1,0
PAYSIM-0480464,TRANSFER,1,0
PAYSIM-0480465,CASH_OUT,1,0
PAYSIM-0481251,TRANSFER,1,0
PAYSIM-0481252,CASH_OUT,1,0
PAYSIM-0481253,TRANSFER,1,0
PAYSIM-0481254,CASH_OUT,1,0
PAYSIM-0499610,TRANSFER,1,0
PAYSIM-0499611,CASH_OUT,1,0
PAYSIM-0522656,TRANSFER,1,0
PAYSIM-0522657,CASH_OUT,1,0
PAYSIM-0537963,TRANSFER,1,0
PAYSIM-0537964,CASH_OUT,1,0
PAYSIM-0538754,TRANSFER,1,0
PAYSIM-0538755,CASH_OUT,1,0
PAYSIM-0543929,CASH_OUT,1,0
PAYSIM-0553051,TRANSFER,1,0
PAYSIM-0553052,CASH_OUT,1,0
PAYSIM-0554858,TRANSFER,1,0
PAYSIM-0554859,CASH_OUT,1,0
PAYSIM-0554876,TRANSFER,1,0
PAYSIM-0554877,CASH_OUT,1,0
PAYSIM-0555102,TRANSFER,1,0
PAYSIM-0555103,CASH_OUT,1,0
PAYSIM-0555790,TRANSFER,1,0
PAYSIM-0555791,CASH_OUT,1,0
PAYSIM-0556188,TRANSFER,1,0
PAYSIM-0556189,CASH_OUT,1,0
PAYSIM-0556509,TRANSFER,1,0
PAYSIM-0556510,CASH_OUT,1,0
PAYSIM-0556522,TRANSFER,1,0
PAYSIM-0556523,CASH_OUT,1,0
PAYSIM-0559980,CASH_OUT,1,0
PAYSIM-0562126,TRANSFER,1,0
PAYSIM-0562127,CASH_OUT,1,0
PAYSIM-0562243,TRANSFER,1,0
PAYSIM-0562244,CASH_OUT,1,0
PAYSIM-0562863,TRANSFER,1,0
PAYSIM-0562864,CASH_OUT,1,0
PAYSIM-0566150,TRANSFER,1,0
PAYSIM-0566151,CASH_OUT,1,0
PAYSIM-0571497,TRANSFER,1,0
PAYSIM-0571498,CASH_OUT,1,0
PAYSIM-0572195,TRANSFER,1,0
PAYSIM-0572196,CASH_OUT,1,0
PAYSIM-0572855,TRANSFER,1,0
PAYSIM-0572856,CASH_OUT,1,0
PAYSIM-0574434,TRANSFER,1,0
PAYSIM-0574435,CASH_OUT,1,0
PAYSIM-0574483,TRANSFER,1,0
PAYSIM-0574484,CASH_OUT,1,0
PAYSIM-0574714,TRANSFER,1,0
PAYSIM-0574715,CASH_OUT,1,0
PAYSIM-0574958,TRANSFER,1,0
PAYSIM-0574959,CASH_OUT,1,0
PAYSIM-0574961,TRANSFER,1,0
PAYSIM-0574962,CASH_OUT,1,0
PAYSIM-0574992,TRANSFER,1,0
PAYSIM-0574993,CASH_OUT,1,0
PAYSIM-0575029,TRANSFER,1,0
PAYSIM-0575030,CASH_OUT,1,0
PAYSIM-0575512,TRANSFER,1,0
PAYSIM-0575513,CASH_OUT,1,0
PAYSIM-0575769,TRANSFER,1,0
PAYSIM-0575770,CASH_OUT,1,0
PAYSIM-0575855,TRANSFER,1,0
PAYSIM-0575856,CASH_OUT,1,0
PAYSIM-0576001,TRANSFER,1,0
PAYSIM-0576002,CASH_OUT,1,0
PAYSIM-0576023,TRANSFER,1,0
PAYSIM-0576024,CASH_OUT,1,0
PAYSIM-0576028,TRANSFER,1,0
PAYSIM-0576029,CASH_OUT,1,0
PAYSIM-0576161,TRANSFER,1,0
PAYSIM-0576162,CASH_OUT,1,0
PAYSIM-0576167,TRANSFER,1,0
PAYSIM-0576168,CASH_OUT,1,0
PAYSIM-0576301,TRANSFER,1,0
PAYSIM-0576302,CASH_OUT,1,0
PAYSIM-0576320,TRANSFER,1,0
PAYSIM-0576321,CASH_OUT,1,0
PAYSIM-0576325,TRANSFER,1,0
PAYSIM-0576326,CASH_OUT,1,0
PAYSIM-0576333,TRANSFER,1,0
PAYSIM-0576334,CASH_OUT,1,0
PAYSIM-0576335,TRANSFER,1,0
PAYSIM-0576336,CASH_OUT,1,0
PAYSIM-0576337,TRANSFER,1,0
PAYSIM-0576338,CASH_OUT,1,0
PAYSIM-0576339,TRANSFER,1,0
PAYSIM-0576340,CASH_OUT,1,0
PAYSIM-0576341,TRANSFER,1,0
PAYSIM-0576342,CASH_OUT,1,0
PAYSIM-0576343,TRANSFER,1,0
PAYSIM-0576344,CASH_OUT,1,0
PAYSIM-0576345,TRANSFER,1,0
PAYSIM-0576346,CASH_OUT,1,0
PAYSIM-0576347,TRANSFER,1,0
PAYSIM-0576348,CASH_OUT,1,0
PAYSIM-0576349,TRANSFER,1,0
PAYSIM-0576350,CASH_OUT,1,0
PAYSIM-0576351,TRANSFER,1,0
PAYSIM-0576352,CASH_OUT,1,0
PAYSIM-0576353,TRANSFER,1,0
PAYSIM-0576354,CASH_OUT,1,0
PAYSIM-0576355,TRANSFER,1,0
PAYSIM-0576356,CASH_OUT,1,0
PAYSIM-0576357,TRANSFER,1,0
PAYSIM-0576358,CASH_OUT,1,0
PAYSIM-0576359,TRANSFER,1,0
PAYSIM-0576360,CASH_OUT,1,0
PAYSIM-0576361,TRANSFER,1,0
PAYSIM-0576362,CASH_OUT,1,0
PAYSIM-0576363,TRANSFER,1,0
PAYSIM-0576364,CASH_OUT,1,0
PAYSIM-0576365,TRANSFER,1,0
PAYSIM-0576366,CASH_OUT,1,0
PAYSIM-0576367,TRANSFER,1,0
PAYSIM-0576368,CASH_OUT,1,0
PAYSIM-0576369,TRANSFER,1,0
PAYSIM-0576370,CASH_OUT,1,0
PAYSIM-0576371,TRANSFER,1,0
PAYSIM-0576372,CASH_OUT,1,0
PAYSIM-0576373,TRANSFER,1,0
PAYSIM-0576374,CASH_OUT,1,0
PAYSIM-0580450,TRANSFER,1,0
PAYSIM-0580451,CASH_OUT,1,0
PAYSIM-0584084,TRANSFER,1,0
PAYSIM-0584085,CASH_OUT,1,0
PAYSIM-0586312,TRANSFER,1,0
PAYSIM-0586313,CASH_OUT,1,0
PAYSIM-0586314,TRANSFER,1,0
PAYSIM-0586315,CASH_OUT,1,0
PAYSIM-0590491,TRANSFER,1,0
PAYSIM-0590492,CASH_OUT,1,0
PAYSIM-0597896,TRANSFER,1,0
PAYSIM-0597897,CASH_OUT,1,0
PAYSIM-0605779,TRANSFER,1,0
PAYSIM-0605780,CASH_OUT,1,0
PAYSIM-0610271,TRANSFER,1,0
PAYSIM-0610272,CASH_OUT,1,0
PAYSIM-0610620,TRANSFER,1,0
PAYSIM-0610621,CASH_OUT,1,0
PAYSIM-0611235,TRANSFER,1,0
PAYSIM-0611236,CASH_OUT,1,0
PAYSIM-0612091,TRANSFER,1,0
PAYSIM-0612092,CASH_OUT,1,0
PAYSIM-0615175,TRANSFER,1,0
PAYSIM-0615176,CASH_OUT,1,0
PAYSIM-0616562,TRANSFER,1,0
PAYSIM-0616563,CASH_OUT,1,0
PAYSIM-0616792,TRANSFER,1,0
PAYSIM-0616793,CASH_OUT,1,0
PAYSIM-0620988,TRANSFER,1,0
PAYSIM-0620989,CASH_OUT,1,0
PAYSIM-0622612,TRANSFER,1,0
PAYSIM-0622613,CASH_OUT,1,0
PAYSIM-0626938,TRANSFER,1,0
PAYSIM-0626939,CASH_OUT,1,0
PAYSIM-0637351,TRANSFER,1,0
PAYSIM-0637352,CASH_OUT,1,0
PAYSIM-0640264,TRANSFER,1,0
PAYSIM-0640265,CASH_OUT,1,0
PAYSIM-0643436,TRANSFER,1,0
PAYSIM-0643437,CASH_OUT,1,0
PAYSIM-0643672,CASH_OUT,1,0
PAYSIM-0646015,TRANSFER,1,0
PAYSIM-0646016,CASH_OUT,1,0
PAYSIM-0650134,TRANSFER,1,0
PAYSIM-0650135,CASH_OUT,1,0
PAYSIM-0651948,TRANSFER,1,0
PAYSIM-0651949,CASH_OUT,1,0
PAYSIM-0653949,TRANSFER,1,0
PAYSIM-0653950,CASH_OUT,1,0
PAYSIM-0665638,TRANSFER,1,0
PAYSIM-0665639,CASH_OUT,1,0
PAYSIM-0667027,TRANSFER,1,0
PAYSIM-0667028,CASH_OUT,1,0
PAYSIM-0667086,TRANSFER,1,0
PAYSIM-0667087,CASH_OUT,1,0
PAYSIM-0675537,TRANSFER,1,0
PAYSIM-0675538,CASH_OUT,1,0
PAYSIM-0680191,TRANSFER,1,0
PAYSIM-0680192,CASH_OUT,1,0
PAYSIM-0683723,TRANSFER,1,0
PAYSIM-0683724,CASH_OUT,1,0
PAYSIM-0687404,TRANSFER,1,0
PAYSIM-0687405,CASH_OUT,1,0
PAYSIM-0687727,TRANSFER,1,0
PAYSIM-0687728,CASH_OUT,1,0
PAYSIM-0694552,CASH_OUT,1,0
PAYSIM-0695415,TRANSFER,1,0
PAYSIM-0695416,CASH_OUT,1,0
PAYSIM-0708913,TRANSFER,1,0
PAYSIM-0708914,CASH_OUT,1,0
PAYSIM-0717793,TRANSFER,1,0
PAYSIM-0717794,CASH_OUT,1,0
PAYSIM-0722090,TRANSFER,1,0
PAYSIM-0722091,CASH_OUT,1,0
PAYSIM-0725133,TRANSFER,1,0
PAYSIM-0725134,CASH_OUT,1,0
PAYSIM-0728195,TRANSFER,1,0
PAYSIM-0728196,CASH_OUT,1,0
PAYSIM-0729661,TRANSFER,1,0
PAYSIM-0729662,CASH_OUT,1,0
PAYSIM-0732892,CASH_OUT,1,0
PAYSIM-0739294,TRANSFER,1,0
PAYSIM-0739295,CASH_OUT,1,0
PAYSIM-0742061,TRANSFER,1,0
PAYSIM-0742062,CASH_OUT,1,0
PAYSIM-0750756,CASH_OUT,1,0
PAYSIM-0751772,TRANSFER,1,0
PAYSIM-0751773,CASH_OUT,1,0
PAYSIM-0756498,TRANSFER,1,0
PAYSIM-0756499,CASH_OUT,1,0
PAYSIM-0759792,TRANSFER,1,0
PAYSIM-0759793,CASH_OUT,1,0
PAYSIM-0761853,TRANSFER,1,0
PAYSIM-0761854,CASH_OUT,1,0
PAYSIM-0764188,CASH_OUT,1,0
PAYSIM-0765269,TRANSFER,1,0
PAYSIM-0765270,CASH_OUT,1,0
PAYSIM-0766628,TRANSFER,1,0
PAYSIM-0766629,CASH_OUT,1,0
PAYSIM-0767469,TRANSFER,1,0
PAYSIM-0767470,CASH_OUT,1,0
PAYSIM-0769763,TRANSFER,1,0
PAYSIM-0769764,CASH_OUT,1,0
PAYSIM-0777627,TRANSFER,1,0
PAYSIM-0777628,CASH_OUT,1,0
PAYSIM-0782396,TRANSFER,1,0
PAYSIM-0782397,CASH_OUT,1,0
PAYSIM-0788648,TRANSFER,1,0
PAYSIM-0788649,CASH_OUT,1,0
PAYSIM-0792110,TRANSFER,1,0
PAYSIM-0792111,CASH_OUT,1,0
PAYSIM-0800386,TRANSFER,1,0
PAYSIM-0800387,CASH_OUT,1,0
PAYSIM-0801934,TRANSFER,1,0
PAYSIM-0801935,CASH_OUT,1,0
PAYSIM-0805430,TRANSFER,1,0
PAYSIM-0805431,CASH_OUT,1,0
PAYSIM-0817011,TRANSFER,1,0
PAYSIM-0817012,CASH_OUT,1,0
PAYSIM-0819199,TRANSFER,1,0
PAYSIM-0819200,CASH_OUT,1,0
PAYSIM-0819544,TRANSFER,1,0
PAYSIM-0819545,CASH_OUT,1,0
PAYSIM-0841752,TRANSFER,1,0
PAYSIM-0841753,CASH_OUT,1,0
PAYSIM-0848429,TRANSFER,1,0
PAYSIM-0848430,CASH_OUT,1,0
PAYSIM-0854217,TRANSFER,1,0
PAYSIM-0854218,CASH_OUT,1,0
PAYSIM-0854857,TRANSFER,1,0
PAYSIM-0854858,CASH_OUT,1,0
PAYSIM-0855228,TRANSFER,1,0
PAYSIM-0855229,CASH_OUT,1,0
PAYSIM-0858024,TRANSFER,1,0
PAYSIM-0858025,CASH_OUT,1,0
PAYSIM-0861646,TRANSFER,1,0
PAYSIM-0861647,CASH_OUT,1,0
PAYSIM-0870090,TRANSFER,1,0
PAYSIM-0870091,CASH_OUT,1,0
PAYSIM-0870141,TRANSFER,1,0
PAYSIM-0870142,CASH_OUT,1,0
PAYSIM-0875333,TRANSFER,1,0
PAYSIM-0875334,CASH_OUT,1,0
PAYSIM-0882285,TRANSFER,1,0
PAYSIM-0882286,CASH_OUT,1,0
PAYSIM-0896004,TRANSFER,1,0
PAYSIM-0896005,CASH_OUT,1,0
PAYSIM-0899578,TRANSFER,1,0
PAYSIM-0899579,CASH_OUT,1,0
PAYSIM-0911854,TRANSFER,1,0
PAYSIM-0911855,CASH_OUT,1,0
PAYSIM-0919659,TRANSFER,1,0
PAYSIM-0919660,CASH_OUT,1,0
PAYSIM-0920522,TRANSFER,1,0
PAYSIM-0929777,TRANSFER,1,0
PAYSIM-0929778,CASH_OUT,1,0
PAYSIM-0936784,TRANSFER,1,0
PAYSIM-0936785,CASH_OUT,1,0
PAYSIM-0941415,TRANSFER,1,0
PAYSIM-0941416,CASH_OUT,1,0
PAYSIM-0945640,TRANSFER,1,0
PAYSIM-0945641,CASH_OUT,1,0
PAYSIM-0955158,TRANSFER,1,0
PAYSIM-0955159,CASH_OUT,1,0
PAYSIM-0956901,TRANSFER,1,0
PAYSIM-0956902,CASH_OUT,1,0
PAYSIM-0958717,TRANSFER,1,0
PAYSIM-0958718,CASH_OUT,1,0
PAYSIM-0960910,TRANSFER,1,0
PAYSIM-0960911,CASH_OUT,1,0
PAYSIM-0985195,TRANSFER,1,0
PAYSIM-0985196,CASH_OUT,1,0
PAYSIM-0985997,TRANSFER,1,0
PAYSIM-0985998,CASH_OUT,1,0
PAYSIM-0992141,TRANSFER,1,0
PAYSIM-0992142,CASH_OUT,1,0
PAYSIM-0994791,TRANSFER,1,0
PAYSIM-0994792,CASH_OUT,1,0
PAYSIM-0995663,TRANSFER,1,0
PAYSIM-0995664,CASH_OUT,1,0
PAYSIM-0998513,TRANSFER,1,0
PAYSIM-0998514,CASH_OUT,1,0
PAYSIM-0999222,TRANSFER,1,0
PAYSIM-0999223,CASH_OUT,1,0
PAYSIM-0999454,TRANSFER,1,0
PAYSIM-0999455,CASH_OUT,1,0
PAYSIM-1005089,TRANSFER,1,0
PAYSIM-1005090,CASH_OUT,1,0
PAYSIM-1005247,TRANSFER,1,0
PAYSIM-1005248,CASH_OUT,1,0
PAYSIM-1006043,TRANSFER,1,0
PAYSIM-1006044,CASH_OUT,1,0
PAYSIM-1007889,TRANSFER,1,0
PAYSIM-1007890,CASH_OUT,1,0
PAYSIM-1012125,TRANSFER,1,0
PAYSIM-1012126,CASH_OUT,1,0
PAYSIM-1012994,TRANSFER,1,0
PAYSIM-1012995,CASH_OUT,1,0
PAYSIM-1013894,TRANSFER,1,0
PAYSIM-1013895,CASH_OUT,1,0
PAYSIM-1015256,TRANSFER,1,0
PAYSIM-1015257,CASH_OUT,1,0
PAYSIM-1015515,TRANSFER,1,0
PAYSIM-1015516,CASH_OUT,1,0
PAYSIM-1015714,TRANSFER,1,0
PAYSIM-1015715,CASH_OUT,1,0
PAYSIM-1016744,TRANSFER,1,0
PAYSIM-1016745,CASH_OUT,1,0
PAYSIM-1016899,TRANSFER,1,0
PAYSIM-1016900,CASH_OUT,1,0
PAYSIM-1018659,TRANSFER,1,0
PAYSIM-1018660,CASH_OUT,1,0
PAYSIM-1019075,TRANSFER,1,0
PAYSIM-1019076,CASH_OUT,1,0
PAYSIM-1021082,TRANSFER,1,0
PAYSIM-1021083,CASH_OUT,1,0
PAYSIM-1021229,TRANSFER,1,0
PAYSIM-1021230,CASH_OUT,1,0
PAYSIM-1021952,TRANSFER,1,0
PAYSIM-1023030,TRANSFER,1,0
PAYSIM-1023031,CASH_OUT,1,0
PAYSIM-1025194,TRANSFER,1,0
PAYSIM-1025195,CASH_OUT,1,0
PAYSIM-1025519,TRANSFER,1,0
PAYSIM-1025520,CASH_OUT,1,0
PAYSIM-1026293,TRANSFER,1,0
PAYSIM-1026294,CASH_OUT,1,0
PAYSIM-1026445,TRANSFER,1,0
PAYSIM-1026446,CASH_OUT,1,0
PAYSIM-1027282,TRANSFER,1,0
PAYSIM-1027283,CASH_OUT,1,0
PAYSIM-1029539,TRANSFER,1,0
PAYSIM-1029540,CASH_OUT,1,0
PAYSIM-1030158,TRANSFER,1,0
PAYSIM-1030159,CASH_OUT,1,0
PAYSIM-1030258,TRANSFER,1,0
PAYSIM-1030259,CASH_OUT,1,0
PAYSIM-1030260,TRANSFER,1,0
PAYSIM-1030261,CASH_OUT,1,0
PAYSIM-1030262,TRANSFER,1,0
PAYSIM-1030263,CASH_OUT,1,0
PAYSIM-1030264,TRANSFER,1,0
PAYSIM-1030265,CASH_OUT,1,0
PAYSIM-1030266,TRANSFER,1,0
PAYSIM-1030267,CASH_OUT,1,0
PAYSIM-1030268,TRANSFER,1,0
PAYSIM-1030269,CASH_OUT,1,0
PAYSIM-1030270,TRANSFER,1,0
PAYSIM-1030271,CASH_OUT,1,0
PAYSIM-1030272,TRANSFER,1,0
PAYSIM-1030273,CASH_OUT,1,0
PAYSIM-1030274,TRANSFER,1,0
PAYSIM-1030275,CASH_OUT,1,0
PAYSIM-1030276,TRANSFER,1,0
PAYSIM-1030277,CASH_OUT,1,0
PAYSIM-1030278,TRANSFER,1,0
PAYSIM-1030279,CASH_OUT,1,0
PAYSIM-1030280,TRANSFER,1,0
PAYSIM-1030281,CASH_OUT,1,0
PAYSIM-1030282,TRANSFER,1,0
PAYSIM-1030283,CASH_OUT,1,0
PAYSIM-1030284,TRANSFER,1,0
PAYSIM-1030285,CASH_OUT,1,0
PAYSIM-1030286,TRANSFER,1,0
PAYSIM-1030287,CASH_OUT,1,0
PAYSIM-1030288,TRANSFER,1,0
PAYSIM-1030289,CASH_OUT,1,0
PAYSIM-1030290,TRANSFER,1,0
PAYSIM-1030291,CASH_OUT,1,0
PAYSIM-1030292,TRANSFER,1,0
PAYSIM-1030293,CASH_OUT,1,0
PAYSIM-1030294,TRANSFER,1,0
PAYSIM-1030295,CASH_OUT,1,0
PAYSIM-1030296,TRANSFER,1,0
PAYSIM-1030297,CASH_OUT,1,0
PAYSIM-1030298,TRANSFER,1,0
PAYSIM-1030299,CASH_OUT,1,0
PAYSIM-1030300,TRANSFER,1,0
PAYSIM-1030301,CASH_OUT,1,0
PAYSIM-1030302,TRANSFER,1,0
PAYSIM-1030303,CASH_OUT,1,0
PAYSIM-1030304,TRANSFER,1,0
PAYSIM-1030305,CASH_OUT,1,0
PAYSIM-1030306,TRANSFER,1,0
PAYSIM-1030307,CASH_OUT,1,0
PAYSIM-1030308,TRANSFER,1,0
PAYSIM-1030309,CASH_OUT,1,0
PAYSIM-1030310,TRANSFER,1,0
PAYSIM-1030311,CASH_OUT,1,0
PAYSIM-1030312,TRANSFER,1,0
PAYSIM-1030313,CASH_OUT,1,0
PAYSIM-1030314,TRANSFER,1,0
PAYSIM-1030315,CASH_OUT,1,0
PAYSIM-1030316,TRANSFER,1,0
PAYSIM-1030317,CASH_OUT,1,0
PAYSIM-1030318,TRANSFER,1,0
PAYSIM-1030319,CASH_OUT,1,0
PAYSIM-1030320,TRANSFER,1,0
PAYSIM-1030321,CASH_OUT,1,0
PAYSIM-1030322,TRANSFER,1,0
PAYSIM-1030323,CASH_OUT,1,0
PAYSIM-1030324,TRANSFER,1,0
PAYSIM-1030325,CASH_OUT,1,0
PAYSIM-1030326,TRANSFER,1,0
PAYSIM-1030327,CASH_OUT,1,0
PAYSIM-1030328,TRANSFER,1,0
PAYSIM-1030329,CASH_OUT,1,0
PAYSIM-1030330,TRANSFER,1,0
PAYSIM-1030331,CASH_OUT,1,0
PAYSIM-1030332,TRANSFER,1,0
PAYSIM-1030333,CASH_OUT,1,0
PAYSIM-1030334,TRANSFER,1,0
PAYSIM-1030335,CASH_OUT,1,0
PAYSIM-1030336,TRANSFER,1,0
PAYSIM-1030337,CASH_OUT,1,0
PAYSIM-1030338,TRANSFER,1,0
PAYSIM-1030339,CASH_OUT,1,0
PAYSIM-1030340,TRANSFER,1,0
PAYSIM-1030341,CASH_OUT,1,0
PAYSIM-1030342,TRANSFER,1,0
PAYSIM-1030343,CASH_OUT,1,0
PAYSIM-1030344,TRANSFER,1,0
PAYSIM-1030345,CASH_OUT,1,0
PAYSIM-1030346,TRANSFER,1,0
PAYSIM-1030347,CASH_OUT,1,0
PAYSIM-1030348,TRANSFER,1,0
PAYSIM-1030349,CASH_OUT,1,0
PAYSIM-1030350,TRANSFER,1,0
PAYSIM-1030351,CASH_OUT,1,0
PAYSIM-1030352,TRANSFER,1,0
PAYSIM-1030353,CASH_OUT,1,0
PAYSIM-1030354,TRANSFER,1,0
PAYSIM-1030355,CASH_OUT,1,0
PAYSIM-1030356,TRANSFER,1,0
PAYSIM-1030357,CASH_OUT,1,0
PAYSIM-1030358,TRANSFER,1,0
PAYSIM-1030359,CASH_OUT,1,0
PAYSIM-1030360,TRANSFER,1,0
PAYSIM-1030361,CASH_OUT,1,0
PAYSIM-1030362,TRANSFER,1,0
PAYSIM-1030363,CASH_OUT,1,0
PAYSIM-1030364,TRANSFER,1,0
PAYSIM-1030365,CASH_OUT,1,0
PAYSIM-1030366,TRANSFER,1,0
PAYSIM-1030367,CASH_OUT,1,0
PAYSIM-1030368,TRANSFER,1,0
PAYSIM-1030369,CASH_OUT,1,0
PAYSIM-1030370,TRANSFER,1,0
PAYSIM-1030371,CASH_OUT,1,0
PAYSIM-1030372,TRANSFER,1,0
PAYSIM-1030373,CASH_OUT,1,0
PAYSIM-1030374,TRANSFER,1,0
PAYSIM-1030375,CASH_OUT,1,0
PAYSIM-1030376,TRANSFER,1,0
PAYSIM-1030377,CASH_OUT,1,0
PAYSIM-1030378,TRANSFER,1,0
PAYSIM-1030379,CASH_OUT,1,0
PAYSIM-1030380,TRANSFER,1,0
PAYSIM-1030381,CASH_OUT,1,0
PAYSIM-1030382,TRANSFER,1,0
PAYSIM-1030383,CASH_OUT,1,0
PAYSIM-1030384,TRANSFER,1,0
PAYSIM-1030385,CASH_OUT,1,0
PAYSIM-1030386,TRANSFER,1,0
PAYSIM-1030387,CASH_OUT,1,0
PAYSIM-1030388,TRANSFER,1,0
PAYSIM-1030389,CASH_OUT,1,0
PAYSIM-1030390,TRANSFER,1,0
PAYSIM-1030391,CASH_OUT,1,0
PAYSIM-1030392,TRANSFER,1,0
PAYSIM-1030393,CASH_OUT,1,0
PAYSIM-1030394,TRANSFER,1,0
PAYSIM-1030395,CASH_OUT,1,0
PAYSIM-1030396,TRANSFER,1,0
PAYSIM-1030397,CASH_OUT,1,0
PAYSIM-1030398,TRANSFER,1,0
PAYSIM-1030399,CASH_OUT,1,0
PAYSIM-1030400,TRANSFER,1,0
PAYSIM-1030401,CASH_OUT,1,0
PAYSIM-1030402,TRANSFER,1,0
PAYSIM-1030403,CASH_OUT,1,0
PAYSIM-1030404,TRANSFER,1,0
PAYSIM-1030405,CASH_OUT,1,0
PAYSIM-1030406,TRANSFER,1,0
PAYSIM-1030407,CASH_OUT,1,0
PAYSIM-1030408,TRANSFER,1,0
PAYSIM-1030409,CASH_OUT,1,0
PAYSIM-1030410,TRANSFER,1,0
PAYSIM-1030411,CASH_OUT,1,0
PAYSIM-1030412,TRANSFER,1,0
PAYSIM-1030413,CASH_OUT,1,0
PAYSIM-1030414,TRANSFER,1,0
PAYSIM-1030415,CASH_OUT,1,0
PAYSIM-1030416,TRANSFER,1,0
PAYSIM-1030417,CASH_OUT,1,0
PAYSIM-1030418,TRANSFER,1,0
PAYSIM-1030419,CASH_OUT,1,0
PAYSIM-1030420,TRANSFER,1,0
PAYSIM-1030421,CASH_OUT,1,0
PAYSIM-1030422,TRANSFER,1,0
PAYSIM-1030423,CASH_OUT,1,0
PAYSIM-1030424,TRANSFER,1,0
PAYSIM-1030425,CASH_OUT,1,0
PAYSIM-1030426,TRANSFER,1,0
PAYSIM-1030427,CASH_OUT,1,0
PAYSIM-1030428,TRANSFER,1,0
PAYSIM-1030429,CASH_OUT,1,0
PAYSIM-1030430,TRANSFER,1,0
PAYSIM-1030431,CASH_OUT,1,0
PAYSIM-1030432,TRANSFER,1,0
PAYSIM-1030433,CASH_OUT,1,0
PAYSIM-1030434,TRANSFER,1,0
PAYSIM-1030435,CASH_OUT,1,0
PAYSIM-1030436,TRANSFER,1,0
PAYSIM-1030437,CASH_OUT,1,0
PAYSIM-1030438,TRANSFER,1,0
PAYSIM-1030439,CASH_OUT,1,0
PAYSIM-1030440,TRANSFER,1,0
PAYSIM-1030441,CASH_OUT,1,0
PAYSIM-1030442,TRANSFER,1,0
PAYSIM-1030443,CASH_OUT,1,0
PAYSIM-1030444,TRANSFER,1,0
PAYSIM-1030445,CASH_OUT,1,0
PAYSIM-1030446,TRANSFER,1,0
PAYSIM-1030447,CASH_OUT,1,0
PAYSIM-1030448,TRANSFER,1,0
PAYSIM-1030449,CASH_OUT,1,0
PAYSIM-1030450,TRANSFER,1,0
PAYSIM-1030451,CASH_OUT,1,0
PAYSIM-1030452,TRANSFER,1,0
PAYSIM-1030453,CASH_OUT,1,0
PAYSIM-1030454,TRANSFER,1,0
PAYSIM-1030455,CASH_OUT,1,0
PAYSIM-1030456,TRANSFER,1,0
PAYSIM-1030457,CASH_OUT,1,0
PAYSIM-1030458,TRANSFER,1,0
PAYSIM-1030459,CASH_OUT,1,0
PAYSIM-1030460,TRANSFER,1,0
PAYSIM-1030461,CASH_OUT,1,0
PAYSIM-1030462,TRANSFER,1,0
PAYSIM-1030463,CASH_OUT,1,0
PAYSIM-1030464,TRANSFER,1,0
PAYSIM-1030465,CASH_OUT,1,0
PAYSIM-1030466,TRANSFER,1,0
PAYSIM-1030467,CASH_OUT,1,0
PAYSIM-1030468,TRANSFER,1,0
PAYSIM-1030469,CASH_OUT,1,0
PAYSIM-1030470,TRANSFER,1,0
PAYSIM-1030471,CASH_OUT,1,0
PAYSIM-1030472,TRANSFER,1,0
PAYSIM-1030473,CASH_OUT,1,0
PAYSIM-1030474,TRANSFER,1,0
PAYSIM-1030475,CASH_OUT,1,0
PAYSIM-1030476,TRANSFER,1,0
PAYSIM-1030477,CASH_OUT,1,0
PAYSIM-1030478,TRANSFER,1,0
PAYSIM-1030479,CASH_OUT,1,0
PAYSIM-1030480,TRANSFER,1,0
PAYSIM-1030481,CASH_OUT,1,0
PAYSIM-1030482,TRANSFER,1,0
PAYSIM-1030483,CASH_OUT,1,0
PAYSIM-1030484,TRANSFER,1,0
PAYSIM-1030485,CASH_OUT,1,0
PAYSIM-1030486,TRANSFER,1,0
PAYSIM-1030487,CASH_OUT,1,0
PAYSIM-1030488,TRANSFER,1,0
PAYSIM-1030489,CASH_OUT,1,0
PAYSIM-1030490,TRANSFER,1,0
PAYSIM-1030491,CASH_OUT,1,0
PAYSIM-1030492,TRANSFER,1,0
PAYSIM-1030493,CASH_OUT,1,0
PAYSIM-1030494,TRANSFER,1,0
PAYSIM-1030495,CASH_OUT,1,0
PAYSIM-1030496,TRANSFER,1,0
PAYSIM-1030497,CASH_OUT,1,0
PAYSIM-1030498,TRANSFER,1,0
PAYSIM-1030499,CASH_OUT,1,0
PAYSIM-1030500,TRANSFER,1,0
PAYSIM-1030501,CASH_OUT,1,0
PAYSIM-1030502,TRANSFER,1,0
PAYSIM-1030503,CASH_OUT,1,0
PAYSIM-1030504,TRANSFER,1,0
PAYSIM-1030505,CASH_OUT,1,0
PAYSIM-1030506,TRANSFER,1,0
PAYSIM-1030507,CASH_OUT,1,0
PAYSIM-1030508,TRANSFER,1,0
PAYSIM-1030509,CASH_OUT,1,0
PAYSIM-1030510,TRANSFER,1,0
PAYSIM-1030511,CASH_OUT,1,0
PAYSIM-1030512,TRANSFER,1,0
PAYSIM-1030513,CASH_OUT,1,0
PAYSIM-1030514,TRANSFER,1,0
PAYSIM-1030515,CASH_OUT,1,0
PAYSIM-1030516,TRANSFER,1,0
PAYSIM-1030517,CASH_OUT,1,0
PAYSIM-1030518,TRANSFER,1,0
PAYSIM-1030519,CASH_OUT,1,0
PAYSIM-1030520,TRANSFER,1,0
PAYSIM-1030521,CASH_OUT,1,0
PAYSIM-1030522,TRANSFER,1,0
PAYSIM-1030523,CASH_OUT,1,0
PAYSIM-1030524,TRANSFER,1,0
PAYSIM-1030525,CASH_OUT,1,0
PAYSIM-1030526,TRANSFER,1,0
PAYSIM-1030527,CASH_OUT,1,0
PAYSIM-1030528,TRANSFER,1,0
PAYSIM-1030529,CASH_OUT,1,0
PAYSIM-1030530,TRANSFER,1,0
PAYSIM-1030531,CASH_OUT,1,0
PAYSIM-1030532,TRANSFER,1,0
PAYSIM-1030533,CASH_OUT,1,0
PAYSIM-1030534,TRANSFER,1,0
PAYSIM-1030535,CASH_OUT,1,0
PAYSIM-1030536,TRANSFER,1,0
PAYSIM-1030537,CASH_OUT,1,0
PAYSIM-1030538,TRANSFER,1,0
PAYSIM-1030539,CASH_OUT,1,0
PAYSIM-1030540,TRANSFER,1,0
PAYSIM-1030541,CASH_OUT,1,0
PAYSIM-1030542,TRANSFER,1,0
PAYSIM-1030543,CASH_OUT,1,0
PAYSIM-1030544,TRANSFER,1,0
PAYSIM-1030545,CASH_OUT,1,0
PAYSIM-1030546,TRANSFER,1,0
PAYSIM-1030547,CASH_OUT,1,0
PAYSIM-1030548,TRANSFER,1,0
PAYSIM-1030549,CASH_OUT,1,0
PAYSIM-1030550,TRANSFER,1,0
PAYSIM-1030551,CASH_OUT,1,0
PAYSIM-1030552,TRANSFER,1,0
PAYSIM-1030553,CASH_OUT,1,0
PAYSIM-1030554,TRANSFER,1,0
PAYSIM-1030555,CASH_OUT,1,0
PAYSIM-1030556,TRANSFER,1,0
PAYSIM-1030557,CASH_OUT,1,0
PAYSIM-1030558,TRANSFER,1,0
PAYSIM-1030559,CASH_OUT,1,0
PAYSIM-1030560,TRANSFER,1,0
PAYSIM-1030561,CASH_OUT,1,0
PAYSIM-1030562,TRANSFER,1,0
PAYSIM-1030563,CASH_OUT,1,0
PAYSIM-1030564,TRANSFER,1,0
PAYSIM-1030565,CASH_OUT,1,0
PAYSIM-1030566,TRANSFER,1,0
PAYSIM-1030567,CASH_OUT,1,0
PAYSIM-1030568,TRANSFER,1,0
PAYSIM-1030569,CASH_OUT,1,0
PAYSIM-1030570,TRANSFER,1,0
PAYSIM-1030571,CASH_OUT,1,0
PAYSIM-1030572,TRANSFER,1,0
PAYSIM-1030573,CASH_OUT,1,0
PAYSIM-1030574,TRANSFER,1,0
PAYSIM-1030575,CASH_OUT,1,0
PAYSIM-1030576,TRANSFER,1,0
PAYSIM-1030577,CASH_OUT,1,0
PAYSIM-1030578,TRANSFER,1,0
PAYSIM-1030579,CASH_OUT,1,0
PAYSIM-1030580,TRANSFER,1,0
PAYSIM-1030581,CASH_OUT,1,0
PAYSIM-1030582,TRANSFER,1,0
PAYSIM-1030583,CASH_OUT,1,0
PAYSIM-1030584,TRANSFER,1,0
PAYSIM-1030585,CASH_OUT,1,0
PAYSIM-1030586,TRANSFER,1,0
PAYSIM-1030587,CASH_OUT,1,0
PAYSIM-1030588,TRANSFER,1,0
PAYSIM-1030589,CASH_OUT,1,0
PAYSIM-1030590,TRANSFER,1,0
PAYSIM-1030591,CASH_OUT,1,0
PAYSIM-1030592,TRANSFER,1,0
PAYSIM-1030593,CASH_OUT,1,0
PAYSIM-1030594,TRANSFER,1,0
PAYSIM-1030595,CASH_OUT,1,0
PAYSIM-1030596,TRANSFER,1,0
PAYSIM-1030597,CASH_OUT,1,0
PAYSIM-1030598,TRANSFER,1,0
PAYSIM-1030599,CASH_OUT,1,0
PAYSIM-1030600,TRANSFER,1,0
PAYSIM-1030601,CASH_OUT,1,0
PAYSIM-1030602,TRANSFER,1,0
PAYSIM-1030603,CASH_OUT,1,0
PAYSIM-1030604,TRANSFER,1,0
PAYSIM-1030605,CASH_OUT,1,0
PAYSIM-1030606,TRANSFER,1,0
PAYSIM-1030607,CASH_OUT,1,0
PAYSIM-1030608,TRANSFER,1,0
PAYSIM-1030609,CASH_OUT,1,0
PAYSIM-1030610,TRANSFER,1,0
PAYSIM-1030611,CASH_OUT,1,0
PAYSIM-1030612,TRANSFER,1,0
PAYSIM-1030613,CASH_OUT,1,0
PAYSIM-1030614,TRANSFER,1,0
PAYSIM-1030615,CASH_OUT,1,0
PAYSIM-1030616,TRANSFER,1,0
PAYSIM-1030617,CASH_OUT,1,0
PAYSIM-1030618,TRANSFER,1,0
PAYSIM-1030619,CASH_OUT,1,0
PAYSIM-1030620,TRANSFER,1,0
PAYSIM-1030621,CASH_OUT,1,0
PAYSIM-1030622,TRANSFER,1,0
PAYSIM-1030623,CASH_OUT,1,0
PAYSIM-1030624,TRANSFER,1,0
PAYSIM-1030625,CASH_OUT,1,0
PAYSIM-1030626,TRANSFER,1,0
PAYSIM-1030627,CASH_OUT,1,0
PAYSIM-1030628,TRANSFER,1,0
PAYSIM-1030629,CASH_OUT,1,0
PAYSIM-1030630,TRANSFER,1,0
PAYSIM-1030631,CASH_OUT,1,0
PAYSIM-1030632,TRANSFER,1,0
PAYSIM-1030633,CASH_OUT,1,0
PAYSIM-1030634,TRANSFER,1,0
PAYSIM-1030635,CASH_OUT,1,0
PAYSIM-1030636,TRANSFER,1,0
PAYSIM-1030637,CASH_OUT,1,0
PAYSIM-1030638,TRANSFER,1,0
PAYSIM-1030639,CASH_OUT,1,0
PAYSIM-1030640,TRANSFER,1,0
PAYSIM-1030641,CASH_OUT,1,0
PAYSIM-1030642,TRANSFER,1,0
PAYSIM-1030643,CASH_OUT,1,0
PAYSIM-1030644,TRANSFER,1,0
PAYSIM-1030645,CASH_OUT,1,0
PAYSIM-1030646,TRANSFER,1,0
PAYSIM-1030647,CASH_OUT,1,0
PAYSIM-1030648,TRANSFER,1,0
PAYSIM-1030649,CASH_OUT,1,0
PAYSIM-1030650,TRANSFER,1,0
PAYSIM-1030651,CASH_OUT,1,0
PAYSIM-1030652,TRANSFER,1,0
PAYSIM-1030653,CASH_OUT,1,0
PAYSIM-1030654,TRANSFER,1,0
PAYSIM-1030655,CASH_OUT,1,0
PAYSIM-1030656,TRANSFER,1,0
PAYSIM-1030657,CASH_OUT,1,0
PAYSIM-1030658,TRANSFER,1,0
PAYSIM-1030659,CASH_OUT,1,0
PAYSIM-1030660,TRANSFER,1,0
PAYSIM-1030661,CASH_OUT,1,0
PAYSIM-1030662,TRANSFER,1,0
PAYSIM-1030663,CASH_OUT,1,0
PAYSIM-1030664,TRANSFER,1,0
PAYSIM-1030665,CASH_OUT,1,0
PAYSIM-1030666,TRANSFER,1,0
PAYSIM-1030667,CASH_OUT,1,0
PAYSIM-1030668,TRANSFER,1,0
PAYSIM-1030669,CASH_OUT,1,0
PAYSIM-1030670,TRANSFER,1,0
PAYSIM-1030671,CASH_OUT,1,0
PAYSIM-1030672,TRANSFER,1,0
PAYSIM-1030673,CASH_OUT,1,0
PAYSIM-1030674,TRANSFER,1,0
PAYSIM-1030675,CASH_OUT,1,0
PAYSIM-1030676,TRANSFER,1,0
PAYSIM-1030677,CASH_OUT,1,0
PAYSIM-1030678,TRANSFER,1,0
PAYSIM-1030679,CASH_OUT,1,0
PAYSIM-1030680,TRANSFER,1,0
PAYSIM-1030681,CASH_OUT,1,0
PAYSIM-1030682,TRANSFER,1,0
PAYSIM-1030683,CASH_OUT,1,0
PAYSIM-1030684,TRANSFER,1,0
PAYSIM-1030685,CASH_OUT,1,0
PAYSIM-1030686,TRANSFER,1,0
PAYSIM-1030687,CASH_OUT,1,0
PAYSIM-1030688,TRANSFER,1,0
PAYSIM-1030689,CASH_OUT,1,0
PAYSIM-1030690,TRANSFER,1,0
PAYSIM-1030691,CASH_OUT,1,0
PAYSIM-1030692,TRANSFER,1,0
PAYSIM-1030693,CASH_OUT,1,0
PAYSIM-1030694,TRANSFER,1,0
PAYSIM-1030695,CASH_OUT,1,0
PAYSIM-1030696,TRANSFER,1,0
PAYSIM-1030697,CASH_OUT,1,0
PAYSIM-1030698,TRANSFER,1,0
PAYSIM-1030699,CASH_OUT,1,0
PAYSIM-1030700,TRANSFER,1,0
PAYSIM-1030701,CASH_OUT,1,0
PAYSIM-1030702,TRANSFER,1,0
PAYSIM-1030703,CASH_OUT,1,0
PAYSIM-1030704,TRANSFER,1,0
PAYSIM-1030705,CASH_OUT,1,0
PAYSIM-1030706,TRANSFER,1,0
PAYSIM-1030707,CASH_OUT,1,0
PAYSIM-1030708,TRANSFER,1,0
PAYSIM-1030709,CASH_OUT,1,0
PAYSIM-1030710,TRANSFER,1,0
PAYSIM-1030711,CASH_OUT,1,0
PAYSIM-1030712,TRANSFER,1,0
PAYSIM-1030713,CASH_OUT,1,0
PAYSIM-1030714,TRANSFER,1,0
PAYSIM-1030715,CASH_OUT,1,0
PAYSIM-1030716,TRANSFER,1,0
PAYSIM-1030717,CASH_OUT,1,0
PAYSIM-1030718,TRANSFER,1,0
PAYSIM-1030719,CASH_OUT,1,0
PAYSIM-1030720,TRANSFER,1,0
PAYSIM-1030721,CASH_OUT,1,0
PAYSIM-1030722,TRANSFER,1,0
PAYSIM-1030723,CASH_OUT,1,0
PAYSIM-1030724,TRANSFER,1,0
PAYSIM-1030725,CASH_OUT,1,0
PAYSIM-1030726,TRANSFER,1,0
PAYSIM-1030727,CASH_OUT,1,0
PAYSIM-1030728,TRANSFER,1,0
PAYSIM-1030729,CASH_OUT,1,0
PAYSIM-1030730,TRANSFER,1,0
PAYSIM-1030731,CASH_OUT,1,0
PAYSIM-1030732,TRANSFER,1,0
PAYSIM-1030733,CASH_OUT,1,0
PAYSIM-1030734,TRANSFER,1,0
PAYSIM-1030735,CASH_OUT,1,0
PAYSIM-1030736,TRANSFER,1,0
PAYSIM-1030737,CASH_OUT,1,0
PAYSIM-1030738,TRANSFER,1,0
PAYSIM-1030739,CASH_OUT,1,0
PAYSIM-1030740,TRANSFER,1,0
PAYSIM-1030741,CASH_OUT,1,0
PAYSIM-1030742,TRANSFER,1,0
PAYSIM-1030743,CASH_OUT,1,0
PAYSIM-1030744,TRANSFER,1,0
PAYSIM-1030745,CASH_OUT,1,0
PAYSIM-1030746,TRANSFER,1,0
PAYSIM-1030747,CASH_OUT,1,0
PAYSIM-1030748,TRANSFER,1,0
PAYSIM-1030749,CASH_OUT,1,0
PAYSIM-1030750,TRANSFER,1,0
PAYSIM-1030751,CASH_OUT,1,0
PAYSIM-1030752,TRANSFER,1,0
PAYSIM-1030753,CASH_OUT,1,0
PAYSIM-1030754,TRANSFER,1,0
PAYSIM-1030755,CASH_OUT,1,0
PAYSIM-1030756,TRANSFER,1,0
PAYSIM-1030757,CASH_OUT,1,0
PAYSIM-1030758,TRANSFER,1,0
PAYSIM-1030759,CASH_OUT,1,0
PAYSIM-1030760,TRANSFER,1,0
PAYSIM-1030761,CASH_OUT,1,0
PAYSIM-1030762,TRANSFER,1,0
PAYSIM-1030763,CASH_OUT,1,0
PAYSIM-1030764,TRANSFER,1,0
PAYSIM-1030765,CASH_OUT,1,0
PAYSIM-1030766,TRANSFER,1,0
PAYSIM-1030767,CASH_OUT,1,0
PAYSIM-1030768,TRANSFER,1,0
PAYSIM-1030769,CASH_OUT,1,0
PAYSIM-1030770,TRANSFER,1,0
PAYSIM-1030771,CASH_OUT,1,0
PAYSIM-1030772,TRANSFER,1,0
PAYSIM-1030773,CASH_OUT,1,0
PAYSIM-1030774,TRANSFER,1,0
PAYSIM-1030775,CASH_OUT,1,0
PAYSIM-1030776,TRANSFER,1,0
PAYSIM-1030777,CASH_OUT,1,0
PAYSIM-1030778,TRANSFER,1,0
PAYSIM-1030779,CASH_OUT,1,0
PAYSIM-1030958,TRANSFER,1,0
PAYSIM-1030959,CASH_OUT,1,0
PAYSIM-1031277,TRANSFER,1,0
PAYSIM-1031278,CASH_OUT,1,0
PAYSIM-1032311,TRANSFER,1,0
PAYSIM-1032312,CASH_OUT,1,0
PAYSIM-1033612,TRANSFER,1,0
PAYSIM-1033613,CASH_OUT,1,0
PAYSIM-1033689,TRANSFER,1,0
PAYSIM-1033690,CASH_OUT,1,0
PAYSIM-1034206,TRANSFER,1,0
PAYSIM-1034207,CASH_OUT,1,0
PAYSIM-1034628,TRANSFER,1,0
PAYSIM-1034629,CASH_OUT,1,0
PAYSIM-1035157,TRANSFER,1,0
PAYSIM-1035158,CASH_OUT,1,0
PAYSIM-1035480,TRANSFER,1,0
PAYSIM-1035481,CASH_OUT,1,0
PAYSIM-1040186,TRANSFER,1,0
PAYSIM-1040187,CASH_OUT,1,0
PAYSIM-1041701,TRANSFER,1,0
PAYSIM-1041702,CASH_OUT,1,0
PAYSIM-1042897,TRANSFER,1,0
PAYSIM-1042898,CASH_OUT,1,0
PAYSIM-1044780,TRANSFER,1,0
PAYSIM-1044781,CASH_OUT,1,0
PAYSIM-1044989,TRANSFER,1,0
PAYSIM-1044990,CASH_OUT,1,0
PAYSIM-1045879,TRANSFER,1,0
PAYSIM-1045880,CASH_OUT,1,0
PAYSIM-1047888,TRANSFER,1,0
PAYSIM-1047889,CASH_OUT,1,0
PAYSIM-1048222,TRANSFER,1,0
PAYSIM-1048223,CASH_OUT,1,0
PAYSIM-1048324,TRANSFER,1,0
PAYSIM-1048325,CASH_OUT,1,0
PAYSIM-1048650,TRANSFER,1,0
PAYSIM-1048651,CASH_OUT,1,0
PAYSIM-1048896,TRANSFER,1,0
PAYSIM-1048897,CASH_OUT,1,0
PAYSIM-1051570,TRANSFER,1,0
PAYSIM-1051571,CASH_OUT,1,0
PAYSIM-1055000,TRANSFER,1,0
PAYSIM-1055001,CASH_OUT,1,0
PAYSIM-1055002,TRANSFER,1,0
PAYSIM-1055003,CASH_OUT,1,0
PAYSIM-1059027,TRANSFER,1,0
PAYSIM-1059028,CASH_OUT,1,0
PAYSIM-1059236,TRANSFER,1,0
PAYSIM-1059237,CASH_OUT,1,0
PAYSIM-1059271,TRANSFER,1,0
PAYSIM-1059272,CASH_OUT,1,0
PAYSIM-1059294,TRANSFER,1,0
PAYSIM-1059295,CASH_OUT,1,0
PAYSIM-1059473,TRANSFER,1,0
PAYSIM-1059474,CASH_OUT,1,0
PAYSIM-1059489,TRANSFER,1,0
PAYSIM-1059490,CASH_OUT,1,0
PAYSIM-1059491,TRANSFER,1,0
PAYSIM-1059492,CASH_OUT,1,0
PAYSIM-1059493,TRANSFER,1,0
PAYSIM-1059494,CASH_OUT,1,0
PAYSIM-1059495,TRANSFER,1,0
PAYSIM-1059496,CASH_OUT,1,0
PAYSIM-1059497,TRANSFER,1,0
PAYSIM-1059498,CASH_OUT,1,0
PAYSIM-1059499,TRANSFER,1,0
PAYSIM-1059500,CASH_OUT,1,0
PAYSIM-1059501,TRANSFER,1,0
PAYSIM-1059502,CASH_OUT,1,0
PAYSIM-1059503,TRANSFER,1,0
PAYSIM-1059504,CASH_OUT,1,0
PAYSIM-1059505,TRANSFER,1,0
PAYSIM-1059506,CASH_OUT,1,0
PAYSIM-1059507,TRANSFER,1,0
PAYSIM-1059508,CASH_OUT,1,0
PAYSIM-1059509,TRANSFER,1,0
PAYSIM-1059510,CASH_OUT,1,0
PAYSIM-1059511,TRANSFER,1,0
PAYSIM-1059512,CASH_OUT,1,0
PAYSIM-1059513,TRANSFER,1,0
PAYSIM-1059514,CASH_OUT,1,0
PAYSIM-1059515,TRANSFER,1,0
PAYSIM-1059516,CASH_OUT,1,0
PAYSIM-1059517,TRANSFER,1,0
PAYSIM-1059518,CASH_OUT,1,0
PAYSIM-1059519,TRANSFER,1,0
PAYSIM-1059520,CASH_OUT,1,0
PAYSIM-1059521,TRANSFER,1,0
PAYSIM-1059522,CASH_OUT,1,0
PAYSIM-1059523,TRANSFER,1,0
PAYSIM-1059524,CASH_OUT,1,0
PAYSIM-1059525,TRANSFER,1,0
PAYSIM-1059526,CASH_OUT,1,0
PAYSIM-1059527,TRANSFER,1,0
PAYSIM-1059528,CASH_OUT,1,0
PAYSIM-1059529,TRANSFER,1,0
PAYSIM-1059530,CASH_OUT,1,0
PAYSIM-1059531,TRANSFER,1,0
PAYSIM-1059532,CASH_OUT,1,0
PAYSIM-1059533,TRANSFER,1,0
PAYSIM-1059534,CASH_OUT,1,0
PAYSIM-1059535,TRANSFER,1,0
PAYSIM-1059536,CASH_OUT,1,0
PAYSIM-1059537,TRANSFER,1,0
PAYSIM-1059538,CASH_OUT,1,0
PAYSIM-1059539,TRANSFER,1,0
PAYSIM-1059540,CASH_OUT,1,0
PAYSIM-1059541,TRANSFER,1,0
PAYSIM-1059542,CASH_OUT,1,0
PAYSIM-1059543,TRANSFER,1,0
PAYSIM-1059544,CASH_OUT,1,0
PAYSIM-1059545,TRANSFER,1,0
PAYSIM-1059546,CASH_OUT,1,0
PAYSIM-1059547,TRANSFER,1,0
PAYSIM-1059548,CASH_OUT,1,0
PAYSIM-1059549,TRANSFER,1,0
PAYSIM-1059550,CASH_OUT,1,0
PAYSIM-1059551,TRANSFER,1,0
PAYSIM-1059552,CASH_OUT,1,0
PAYSIM-1059553,TRANSFER,1,0
PAYSIM-1059554,CASH_OUT,1,0
PAYSIM-1059555,TRANSFER,1,0
PAYSIM-1059556,CASH_OUT,1,0
PAYSIM-1059557,TRANSFER,1,0
PAYSIM-1059558,CASH_OUT,1,0
PAYSIM-1059559,TRANSFER,1,0
PAYSIM-1059560,CASH_OUT,1,0
PAYSIM-1059561,TRANSFER,1,0
PAYSIM-1059562,CASH_OUT,1,0
PAYSIM-1059563,TRANSFER,1,0
PAYSIM-1059564,CASH_OUT,1,0
PAYSIM-1059565,TRANSFER,1,0
PAYSIM-1059566,CASH_OUT,1,0
PAYSIM-1059567,TRANSFER,1,0
PAYSIM-1059568,CASH_OUT,1,0
PAYSIM-1059569,TRANSFER,1,0
PAYSIM-1059570,CASH_OUT,1,0
PAYSIM-1059571,TRANSFER,1,0
PAYSIM-1059572,CASH_OUT,1,0
PAYSIM-1059573,TRANSFER,1,0
PAYSIM-1059574,CASH_OUT,1,0
PAYSIM-1059575,TRANSFER,1,0
PAYSIM-1059576,CASH_OUT,1,0
PAYSIM-1059577,TRANSFER,1,0
PAYSIM-1059578,CASH_OUT,1,0
PAYSIM-1059579,TRANSFER,1,0
PAYSIM-1059580,CASH_OUT,1,0
PAYSIM-1059581,TRANSFER,1,0
PAYSIM-1059582,CASH_OUT,1,0
PAYSIM-1059583,TRANSFER,1,0
PAYSIM-1059584,CASH_OUT,1,0
PAYSIM-1059585,TRANSFER,1,0
PAYSIM-1059586,CASH_OUT,1,0
PAYSIM-1059587,TRANSFER,1,0
PAYSIM-1059588,CASH_OUT,1,0
PAYSIM-1059589,TRANSFER,1,0
PAYSIM-1059590,CASH_OUT,1,0
PAYSIM-1059591,TRANSFER,1,0
PAYSIM-1059592,CASH_OUT,1,0
PAYSIM-1059593,TRANSFER,1,0
PAYSIM-1059594,CASH_OUT,1,0
PAYSIM-1059595,TRANSFER,1,0
PAYSIM-1059596,CASH_OUT,1,0
PAYSIM-1059597,TRANSFER,1,0
PAYSIM-1059598,CASH_OUT,1,0
PAYSIM-1059599,TRANSFER,1,0
PAYSIM-1059600,CASH_OUT,1,0
PAYSIM-1059601,TRANSFER,1,0
PAYSIM-1059602,CASH_OUT,1,0
PAYSIM-1059603,TRANSFER,1,0
PAYSIM-1059604,CASH_OUT,1,0
PAYSIM-1059605,TRANSFER,1,0
PAYSIM-1059606,CASH_OUT,1,0
PAYSIM-1059607,TRANSFER,1,0
PAYSIM-1059608,CASH_OUT,1,0
PAYSIM-1059609,TRANSFER,1,0
PAYSIM-1059610,CASH_OUT,1,0
PAYSIM-1059611,TRANSFER,1,0
PAYSIM-1059612,CASH_OUT,1,0
PAYSIM-1059613,TRANSFER,1,0
PAYSIM-1059614,CASH_OUT,1,0
PAYSIM-1059615,TRANSFER,1,0
PAYSIM-1059616,CASH_OUT,1,0
PAYSIM-1059617,TRANSFER,1,0
PAYSIM-1059618,CASH_OUT,1,0
PAYSIM-1059619,TRANSFER,1,0
PAYSIM-1059620,CASH_OUT,1,0
PAYSIM-1059621,TRANSFER,1,0
PAYSIM-1059622,CASH_OUT,1,0
PAYSIM-1059623,TRANSFER,1,0
PAYSIM-1059624,CASH_OUT,1,0
PAYSIM-1059625,TRANSFER,1,0
PAYSIM-1059626,CASH_OUT,1,0
PAYSIM-1059627,TRANSFER,1,0
PAYSIM-1059628,CASH_OUT,1,0
PAYSIM-1059629,TRANSFER,1,0
PAYSIM-1059630,CASH_OUT,1,0
PAYSIM-1059631,TRANSFER,1,0
PAYSIM-1059632,CASH_OUT,1,0
PAYSIM-1059633,TRANSFER,1,0
PAYSIM-1059634,CASH_OUT,1,0
PAYSIM-1059635,TRANSFER,1,0
PAYSIM-1059636,CASH_OUT,1,0
PAYSIM-1059637,TRANSFER,1,0
PAYSIM-1059638,CASH_OUT,1,0
PAYSIM-1059639,TRANSFER,1,0
PAYSIM-1059640,CASH_OUT,1,0
PAYSIM-1059641,TRANSFER,1,0
PAYSIM-1059642,CASH_OUT,1,0
PAYSIM-1059643,TRANSFER,1,0
PAYSIM-1059644,CASH_OUT,1,0
PAYSIM-1059645,TRANSFER,1,0
PAYSIM-1059646,CASH_OUT,1,0
PAYSIM-1059647,TRANSFER,1,0
PAYSIM-1059648,CASH_OUT,1,0
PAYSIM-1059649,TRANSFER,1,0
PAYSIM-1059650,CASH_OUT,1,0
PAYSIM-1059651,TRANSFER,1,0
PAYSIM-1059652,CASH_OUT,1,0
PAYSIM-1059653,TRANSFER,1,0
PAYSIM-1059654,CASH_OUT,1,0
PAYSIM-1059655,TRANSFER,1,0
PAYSIM-1059656,CASH_OUT,1,0
PAYSIM-1059657,TRANSFER,1,0
PAYSIM-1059658,CASH_OUT,1,0
PAYSIM-1059659,TRANSFER,1,0
PAYSIM-1059660,CASH_OUT,1,0
PAYSIM-1059661,TRANSFER,1,0
PAYSIM-1059662,CASH_OUT,1,0
PAYSIM-1059663,TRANSFER,1,0
PAYSIM-1059664,CASH_OUT,1,0
PAYSIM-1059665,TRANSFER,1,0
PAYSIM-1059666,CASH_OUT,1,0
PAYSIM-1059667,TRANSFER,1,0
PAYSIM-1059668,CASH_OUT,1,0
PAYSIM-1059669,TRANSFER,1,0
PAYSIM-1059670,CASH_OUT,1,0
PAYSIM-1059671,TRANSFER,1,0
PAYSIM-1059672,CASH_OUT,1,0
PAYSIM-1059673,TRANSFER,1,0
PAYSIM-1059674,CASH_OUT,1,0
PAYSIM-1059675,TRANSFER,1,0
PAYSIM-1059676,CASH_OUT,1,0
PAYSIM-1059677,TRANSFER,1,0
PAYSIM-1059678,CASH_OUT,1,0
PAYSIM-1059679,TRANSFER,1,0
PAYSIM-1059680,CASH_OUT,1,0
PAYSIM-1059681,TRANSFER,1,0
PAYSIM-1059682,CASH_OUT,1,0
PAYSIM-1059683,TRANSFER,1,0
PAYSIM-1059684,CASH_OUT,1,0
PAYSIM-1059685,TRANSFER,1,0
PAYSIM-1059686,CASH_OUT,1,0
PAYSIM-1059687,TRANSFER,1,0
PAYSIM-1059688,CASH_OUT,1,0
PAYSIM-1059689,TRANSFER,1,0
PAYSIM-1059690,CASH_OUT,1,0
PAYSIM-1059691,TRANSFER,1,0
PAYSIM-1059692,CASH_OUT,1,0
PAYSIM-1059693,TRANSFER,1,0
PAYSIM-1059694,CASH_OUT,1,0
PAYSIM-1059695,TRANSFER,1,0
PAYSIM-1059696,CASH_OUT,1,0
PAYSIM-1059697,TRANSFER,1,0
PAYSIM-1059698,CASH_OUT,1,0
PAYSIM-1059699,TRANSFER,1,0
PAYSIM-1059700,CASH_OUT,1,0
PAYSIM-1059701,TRANSFER,1,0
PAYSIM-1059702,CASH_OUT,1,0
PAYSIM-1059703,TRANSFER,1,0
PAYSIM-1059704,CASH_OUT,1,0
PAYSIM-1059705,TRANSFER,1,0
PAYSIM-1059706,CASH_OUT,1,0
PAYSIM-1059707,TRANSFER,1,0
PAYSIM-1059708,CASH_OUT,1,0
PAYSIM-1059973,TRANSFER,1,0
PAYSIM-1059974,CASH_OUT,1,0
PAYSIM-1060034,TRANSFER,1,0
PAYSIM-1060035,CASH_OUT,1,0
PAYSIM-1060902,TRANSFER,1,0
PAYSIM-1060903,CASH_OUT,1,0
PAYSIM-1062446,TRANSFER,1,0
PAYSIM-1062447,CASH_OUT,1,0
PAYSIM-1063707,TRANSFER,1,0
PAYSIM-1063708,CASH_OUT,1,0
PAYSIM-1065572,TRANSFER,1,0
PAYSIM-1065573,CASH_OUT,1,0
PAYSIM-1066547,TRANSFER,1,0
PAYSIM-1066548,CASH_OUT,1,0
PAYSIM-1067357,TRANSFER,1,0
PAYSIM-1067358,CASH_OUT,1,0
PAYSIM-1068007,TRANSFER,1,0
PAYSIM-1068008,CASH_OUT,1,0
PAYSIM-1068254,TRANSFER,1,0
PAYSIM-1068255,CASH_OUT,1,0
PAYSIM-1068588,TRANSFER,1,0
PAYSIM-1068589,CASH_OUT,1,0
PAYSIM-1069010,TRANSFER,1,0
PAYSIM-1069011,CASH_OUT,1,0
PAYSIM-1069098,TRANSFER,1,0
PAYSIM-1069099,CASH_OUT,1,0
PAYSIM-1069131,TRANSFER,1,0
PAYSIM-1069132,CASH_OUT,1,0
PAYSIM-1069224,TRANSFER,1,0
PAYSIM-1069225,CASH_OUT,1,0
PAYSIM-1069257,TRANSFER,1,0
PAYSIM-1069258,CASH_OUT,1,0
PAYSIM-1069356,TRANSFER,1,0
PAYSIM-1069357,CASH_OUT,1,0
PAYSIM-1069372,TRANSFER,1,0
PAYSIM-1069373,CASH_OUT,1,0
PAYSIM-1069757,TRANSFER,1,0
PAYSIM-1069758,CASH_OUT,1,0
PAYSIM-1069778,TRANSFER,1,0
PAYSIM-1069779,CASH_OUT,1,0
PAYSIM-1069781,TRANSFER,1,0
PAYSIM-1069782,CASH_OUT,1,0
PAYSIM-1069978,TRANSFER,1,0
PAYSIM-1069979,CASH_OUT,1,0
PAYSIM-1069990,TRANSFER,1,0
PAYSIM-1069991,CASH_OUT,1,0
PAYSIM-1070021,TRANSFER,1,0
PAYSIM-1070022,CASH_OUT,1,0
PAYSIM-1070045,TRANSFER,1,0
PAYSIM-1070046,CASH_OUT,1,0
PAYSIM-1070081,TRANSFER,1,0
PAYSIM-1070082,CASH_OUT,1,0
PAYSIM-1070084,TRANSFER,1,0
PAYSIM-1070085,CASH_OUT,1,0
PAYSIM-1070086,TRANSFER,1,0
PAYSIM-1070087,CASH_OUT,1,0
PAYSIM-1070133,TRANSFER,1,0
PAYSIM-1070134,CASH_OUT,1,0
PAYSIM-1070135,TRANSFER,1,0
PAYSIM-1070136,CASH_OUT,1,0
PAYSIM-1070137,TRANSFER,1,0
PAYSIM-1070138,CASH_OUT,1,0
PAYSIM-1070139,TRANSFER,1,0
PAYSIM-1070140,CASH_OUT,1,0
PAYSIM-1070141,TRANSFER,1,0
PAYSIM-1070142,CASH_OUT,1,0
PAYSIM-1070143,TRANSFER,1,0
PAYSIM-1070144,CASH_OUT,1,0
PAYSIM-1070145,TRANSFER,1,0
PAYSIM-1070146,CASH_OUT,1,0
PAYSIM-1070147,TRANSFER,1,0
PAYSIM-1070148,CASH_OUT,1,0
PAYSIM-1070149,TRANSFER,1,0
PAYSIM-1070150,CASH_OUT,1,0
PAYSIM-1070151,TRANSFER,1,0
PAYSIM-1070152,CASH_OUT,1,0
PAYSIM-1070153,TRANSFER,1,0
PAYSIM-1070154,CASH_OUT,1,0
PAYSIM-1070155,TRANSFER,1,0
PAYSIM-1070156,CASH_OUT,1,0
PAYSIM-1070157,TRANSFER,1,0
PAYSIM-1070158,CASH_OUT,1,0
PAYSIM-1070159,TRANSFER,1,0
PAYSIM-1070160,CASH_OUT,1,0
PAYSIM-1070161,TRANSFER,1,0
PAYSIM-1070162,CASH_OUT,1,0
PAYSIM-1070163,TRANSFER,1,0
PAYSIM-1070164,CASH_OUT,1,0
PAYSIM-1070165,TRANSFER,1,0
PAYSIM-1070166,CASH_OUT,1,0
PAYSIM-1070167,TRANSFER,1,0
PAYSIM-1070168,CASH_OUT,1,0
PAYSIM-1070169,TRANSFER,1,0
PAYSIM-1070170,CASH_OUT,1,0
PAYSIM-1070171,TRANSFER,1,0
PAYSIM-1070172,CASH_OUT,1,0
PAYSIM-1070173,TRANSFER,1,0
PAYSIM-1070174,CASH_OUT,1,0
PAYSIM-1070765,TRANSFER,1,0
PAYSIM-1070766,CASH_OUT,1,0
PAYSIM-1086408,TRANSFER,1,0
PAYSIM-1086409,CASH_OUT,1,0
PAYSIM-1089056,TRANSFER,1,0
PAYSIM-1089057,CASH_OUT,1,0
PAYSIM-1092405,TRANSFER,1,0
PAYSIM-1092406,CASH_OUT,1,0
PAYSIM-1106653,TRANSFER,1,0
PAYSIM-1106654,CASH_OUT,1,0
PAYSIM-1118024,TRANSFER,1,0
PAYSIM-1118025,CASH_OUT,1,0
PAYSIM-1128387,TRANSFER,1,0
PAYSIM-1128388,CASH_OUT,1,0
PAYSIM-1133766,TRANSFER,1,0
PAYSIM-1133767,CASH_OUT,1,0
PAYSIM-1141252,TRANSFER,1,0
PAYSIM-1141253,CASH_OUT,1,0
PAYSIM-1141254,TRANSFER,1,0
PAYSIM-1141255,CASH_OUT,1,0
PAYSIM-1144356,TRANSFER,1,0
PAYSIM-1144357,CASH_OUT,1,0
PAYSIM-1148109,TRANSFER,1,0
PAYSIM-1148110,CASH_OUT,1,0
PAYSIM-1148898,TRANSFER,1,0
PAYSIM-1148899,CASH_OUT,1,0
PAYSIM-1152803,TRANSFER,1,0
PAYSIM-1152804,CASH_OUT,1,0
PAYSIM-1163633,TRANSFER,1,0
PAYSIM-1163634,CASH_OUT,1,0
PAYSIM-1173038,TRANSFER,1,0
PAYSIM-1173039,CASH_OUT,1,0
PAYSIM-1175930,TRANSFER,1,0
PAYSIM-1175931,CASH_OUT,1,0
PAYSIM-1186591,TRANSFER,1,0
PAYSIM-1186592,CASH_OUT,1,0
PAYSIM-1189443,TRANSFER,1,0
PAYSIM-1189444,CASH_OUT,1,0
PAYSIM-1202675,TRANSFER,1,0
PAYSIM-1202676,CASH_OUT,1,0
PAYSIM-1203423,TRANSFER,1,0
PAYSIM-1203424,CASH_OUT,1,0
PAYSIM-1212611,TRANSFER,1,0
PAYSIM-1212612,CASH_OUT,1,0
PAYSIM-1224942,TRANSFER,1,0
PAYSIM-1224943,CASH_OUT,1,0
PAYSIM-1224948,TRANSFER,1,0
PAYSIM-1224949,CASH_OUT,1,0
PAYSIM-1234315,TRANSFER,1,0
PAYSIM-1234316,CASH_OUT,1,0
PAYSIM-1236188,TRANSFER,1,0
PAYSIM-1236189,CASH_OUT,1,0
PAYSIM-1237396,TRANSFER,1,0
PAYSIM-1237397,CASH_OUT,1,0
PAYSIM-1237398,TRANSFER,1,0
PAYSIM-1237399,CASH_OUT,1,0
PAYSIM-1262331,TRANSFER,1,0
PAYSIM-1262332,CASH_OUT,1,0
PAYSIM-1268133,TRANSFER,1,0
PAYSIM-1268134,CASH_OUT,1,0
PAYSIM-1279180,TRANSFER,1,0
PAYSIM-1279181,CASH_OUT,1,0
PAYSIM-1291695,TRANSFER,1,0
PAYSIM-1291696,CASH_OUT,1,0
PAYSIM-1291988,TRANSFER,1,0
PAYSIM-1291989,CASH_OUT,1,0
PAYSIM-1293871,TRANSFER,1,0
PAYSIM-1293872,CASH_OUT,1,0
PAYSIM-1313408,TRANSFER,1,0
PAYSIM-1313409,CASH_OUT,1,0
PAYSIM-1314530,TRANSFER,1,0
PAYSIM-1314531,CASH_OUT,1,0
PAYSIM-1317297,TRANSFER,1,0
PAYSIM-1317298,CASH_OUT,1,0
PAYSIM-1320964,TRANSFER,1,0
PAYSIM-1320965,CASH_OUT,1,0
PAYSIM-1323540,TRANSFER,1,0
PAYSIM-1323541,CASH_OUT,1,0
PAYSIM-1325512,TRANSFER,1,0
PAYSIM-1325513,CASH_OUT,1,0
PAYSIM-1331832,TRANSFER,1,0
PAYSIM-1331833,CASH_OUT,1,0
PAYSIM-1331946,TRANSFER,1,0
PAYSIM-1331947,CASH_OUT,1,0
PAYSIM-1342978,TRANSFER,1,0
PAYSIM-1342979,CASH_OUT,1,0
PAYSIM-1343288,TRANSFER,1,0
PAYSIM-1343289,CASH_OUT,1,0
PAYSIM-1361803,TRANSFER,1,0
PAYSIM-1361804,CASH_OUT,1,0
PAYSIM-1383996,TRANSFER,1,0
PAYSIM-1383997,CASH_OUT,1,0
PAYSIM-1410162,TRANSFER,1,0
PAYSIM-1410163,CASH_OUT,1,0
PAYSIM-1431440,TRANSFER,1,0
PAYSIM-1431441,CASH_OUT,1,0
PAYSIM-1440595,TRANSFER,1,0
PAYSIM-1440596,CASH_OUT,1,0
PAYSIM-1441076,TRANSFER,1,0
PAYSIM-1441077,CASH_OUT,1,0
PAYSIM-1456143,TRANSFER,1,0
PAYSIM-1456144,CASH_OUT,1,0
PAYSIM-1457757,TRANSFER,1,0
PAYSIM-1457758,CASH_OUT,1,0
PAYSIM-1463995,TRANSFER,1,0
PAYSIM-1463996,CASH_OUT,1,0
PAYSIM-1464442,TRANSFER,1,0
PAYSIM-1464443,CASH_OUT,1,0
PAYSIM-1466900,TRANSFER,1,0
PAYSIM-1466901,CASH_OUT,1,0
PAYSIM-1473282,TRANSFER,1,0
PAYSIM-1473283,CASH_OUT,1,0
PAYSIM-1480070,TRANSFER,1,0
PAYSIM-1480071,CASH_OUT,1,0
PAYSIM-1482205,TRANSFER,1,0
PAYSIM-1482206,CASH_OUT,1,0
PAYSIM-1485275,TRANSFER,1,0
PAYSIM-1485276,CASH_OUT,1,0
PAYSIM-1487414,TRANSFER,1,0
PAYSIM-1487415,CASH_OUT,1,0
PAYSIM-1496070,TRANSFER,1,0
PAYSIM-1496071,CASH_OUT,1,0
PAYSIM-1496376,TRANSFER,1,0
PAYSIM-1496377,CASH_OUT,1,0
PAYSIM-1496507,TRANSFER,1,0
PAYSIM-1496508,CASH_OUT,1,0
PAYSIM-1499188,TRANSFER,1,0
PAYSIM-1499189,CASH_OUT,1,0
PAYSIM-1501398,TRANSFER,1,0
PAYSIM-1501399,CASH_OUT,1,0
PAYSIM-1502108,TRANSFER,1,0
PAYSIM-1502109,CASH_OUT,1,0
PAYSIM-1502705,TRANSFER,1,0
PAYSIM-1502706,CASH_OUT,1,0
PAYSIM-1502871,TRANSFER,1,0
PAYSIM-1502872,CASH_OUT,1,0
PAYSIM-1503392,TRANSFER,1,0
PAYSIM-1503393,CASH_OUT,1,0
PAYSIM-1503774,TRANSFER,1,0
PAYSIM-1503775,CASH_OUT,1,0
PAYSIM-1505981,TRANSFER,1,0
PAYSIM-1505982,CASH_OUT,1,0
PAYSIM-1506077,TRANSFER,1,0
PAYSIM-1506078,CASH_OUT,1,0
PAYSIM-1506707,TRANSFER,1,0
PAYSIM-1506708,CASH_OUT,1,0
PAYSIM-1506720,TRANSFER,1,0
PAYSIM-1506721,CASH_OUT,1,0
PAYSIM-1506839,TRANSFER,1,0
PAYSIM-1506840,CASH_OUT,1,0
PAYSIM-1508058,TRANSFER,1,0
PAYSIM-1508059,CASH_OUT,1,0
PAYSIM-1509672,TRANSFER,1,0
PAYSIM-1509673,CASH_OUT,1,0
PAYSIM-1510106,TRANSFER,1,0
PAYSIM-1510107,CASH_OUT,1,0
PAYSIM-1510122,TRANSFER,1,0
PAYSIM-1510123,CASH_OUT,1,0
PAYSIM-1510291,TRANSFER,1,0
PAYSIM-1510292,CASH_OUT,1,0
PAYSIM-1510293,TRANSFER,1,0
PAYSIM-1510294,CASH_OUT,1,0
PAYSIM-1510384,TRANSFER,1,0
PAYSIM-1510385,CASH_OUT,1,0
PAYSIM-1510581,TRANSFER,1,0
PAYSIM-1510582,CASH_OUT,1,0
PAYSIM-1510860,TRANSFER,1,0
PAYSIM-1510861,CASH_OUT,1,0
PAYSIM-1510883,TRANSFER,1,0
PAYSIM-1510884,CASH_OUT,1,0
PAYSIM-1510943,TRANSFER,1,0
PAYSIM-1510944,CASH_OUT,1,0
PAYSIM-1510957,TRANSFER,1,0
PAYSIM-1510958,CASH_OUT,1,0
PAYSIM-1510963,TRANSFER,1,0
PAYSIM-1510964,CASH_OUT,1,0
PAYSIM-1511310,TRANSFER,1,0
PAYSIM-1511311,CASH_OUT,1,0
PAYSIM-1511312,TRANSFER,1,0
PAYSIM-1511313,CASH_OUT,1,0
PAYSIM-1511315,TRANSFER,1,0
PAYSIM-1511316,CASH_OUT,1,0
PAYSIM-1511321,TRANSFER,1,0
PAYSIM-1511322,CASH_OUT,1,0
PAYSIM-1511323,TRANSFER,1,0
PAYSIM-1511324,CASH_OUT,1,0
PAYSIM-1511325,TRANSFER,1,0
PAYSIM-1511326,CASH_OUT,1,0
PAYSIM-1511327,TRANSFER,1,0
PAYSIM-1511328,CASH_OUT,1,0
PAYSIM-1511329,TRANSFER,1,0
PAYSIM-1511330,CASH_OUT,1,0
PAYSIM-1511331,TRANSFER,1,0
PAYSIM-1511332,CASH_OUT,1,0
PAYSIM-1511333,TRANSFER,1,0
PAYSIM-1511334,CASH_OUT,1,0
PAYSIM-1511335,TRANSFER,1,0
PAYSIM-1511336,CASH_OUT,1,0
PAYSIM-1511337,TRANSFER,1,0
PAYSIM-1511338,CASH_OUT,1,0
PAYSIM-1511339,TRANSFER,1,0
PAYSIM-1511340,CASH_OUT,1,0
PAYSIM-1511341,TRANSFER,1,0
PAYSIM-1511342,CASH_OUT,1,0
PAYSIM-1511343,TRANSFER,1,0
PAYSIM-1511344,CASH_OUT,1,0
PAYSIM-1511345,TRANSFER,1,0
PAYSIM-1511346,CASH_OUT,1,0
PAYSIM-1511347,TRANSFER,1,0
PAYSIM-1511348,CASH_OUT,1,0
PAYSIM-1511349,TRANSFER,1,0
PAYSIM-1511350,CASH_OUT,1,0
PAYSIM-1511351,TRANSFER,1,0
PAYSIM-1511352,CASH_OUT,1,0
PAYSIM-1511353,TRANSFER,1,0
PAYSIM-1511354,CASH_OUT,1,0
PAYSIM-1511355,TRANSFER,1,0
PAYSIM-1511356,CASH_OUT,1,0
PAYSIM-1511357,TRANSFER,1,0
PAYSIM-1511358,CASH_OUT,1,0
PAYSIM-1511359,TRANSFER,1,0
PAYSIM-1511360,CASH_OUT,1,0
PAYSIM-1511361,TRANSFER,1,0
PAYSIM-1511362,CASH_OUT,1,0
PAYSIM-1511363,TRANSFER,1,0
PAYSIM-1511364,CASH_OUT,1,0
PAYSIM-1511365,TRANSFER,1,0
PAYSIM-1511366,CASH_OUT,1,0
PAYSIM-1511367,TRANSFER,1,0
PAYSIM-1511368,CASH_OUT,1,0
PAYSIM-1511369,TRANSFER,1,0
PAYSIM-1511370,CASH_OUT,1,0
PAYSIM-1511371,TRANSFER,1,0
PAYSIM-1511372,CASH_OUT,1,0
PAYSIM-1511373,TRANSFER,1,0
PAYSIM-1511374,CASH_OUT,1,0
PAYSIM-1511375,TRANSFER,1,0
PAYSIM-1511376,CASH_OUT,1,0
PAYSIM-1511377,TRANSFER,1,0
PAYSIM-1511378,CASH_OUT,1,0
PAYSIM-1511379,TRANSFER,1,0
PAYSIM-1511380,CASH_OUT,1,0
PAYSIM-1511381,TRANSFER,1,0
PAYSIM-1511382,CASH_OUT,1,0
PAYSIM-1511383,TRANSFER,1,0
PAYSIM-1511384,CASH_OUT,1,0
PAYSIM-1511385,TRANSFER,1,0
PAYSIM-1511386,CASH_OUT,1,0
PAYSIM-1511387,TRANSFER,1,0
PAYSIM-1511388,CASH_OUT,1,0
PAYSIM-1511389,TRANSFER,1,0
PAYSIM-1511390,CASH_OUT,1,0
PAYSIM-1511391,TRANSFER,1,0
PAYSIM-1511392,CASH_OUT,1,0
PAYSIM-1512306,TRANSFER,1,0
PAYSIM-1512307,CASH_OUT,1,0
PAYSIM-1516657,TRANSFER,1,0
PAYSIM-1516658,CASH_OUT,1,0
PAYSIM-1519576,TRANSFER,1,0
PAYSIM-1519577,CASH_OUT,1,0
PAYSIM-1526207,TRANSFER,1,0
PAYSIM-1526208,CASH_OUT,1,0
PAYSIM-1530217,TRANSFER,1,0
PAYSIM-1530218,CASH_OUT,1,0
PAYSIM-1531766,TRANSFER,1,0
PAYSIM-1531767,CASH_OUT,1,0
PAYSIM-1533262,TRANSFER,1,0
PAYSIM-1533263,CASH_OUT,1,0
PAYSIM-1533290,TRANSFER,1,0
PAYSIM-1533291,CASH_OUT,1,0
PAYSIM-1537599,TRANSFER,1,0
PAYSIM-1537600,CASH_OUT,1,0
PAYSIM-1540834,TRANSFER,1,0
PAYSIM-1540835,CASH_OUT,1,0
PAYSIM-1560588,TRANSFER,1,0
PAYSIM-1560589,CASH_OUT,1,0
PAYSIM-1569385,TRANSFER,1,0
PAYSIM-1569386,CASH_OUT,1,0
PAYSIM-1576162,TRANSFER,1,0
PAYSIM-1576163,CASH_OUT,1,0
PAYSIM-1579068,TRANSFER,1,0
PAYSIM-1579069,CASH_OUT,1,0
PAYSIM-1596216,TRANSFER,1,0
PAYSIM-1596217,CASH_OUT,1,0
PAYSIM-1600805,TRANSFER,1,0
PAYSIM-1600806,CASH_OUT,1,0
PAYSIM-1603865,TRANSFER,1,0
PAYSIM-1603866,CASH_OUT,1,0
PAYSIM-1609578,TRANSFER,1,0
PAYSIM-1609579,CASH_OUT,1,0
PAYSIM-1609606,TRANSFER,1,0
PAYSIM-1609607,CASH_OUT,1,0
PAYSIM-1611229,TRANSFER,1,0
PAYSIM-1611230,CASH_OUT,1,0
PAYSIM-1611551,TRANSFER,1,0
PAYSIM-1611552,CASH_OUT,1,0
PAYSIM-1615122,TRANSFER,1,0
PAYSIM-1615123,CASH_OUT,1,0
PAYSIM-1616836,TRANSFER,1,0
PAYSIM-1616837,CASH_OUT,1,0
PAYSIM-1622804,TRANSFER,1,0
PAYSIM-1622805,CASH_OUT,1,0
PAYSIM-1626250,TRANSFER,1,0
PAYSIM-1626251,CASH_OUT,1,0
PAYSIM-1628698,TRANSFER,1,0
PAYSIM-1628699,CASH_OUT,1,0
PAYSIM-1633038,TRANSFER,1,0
PAYSIM-1633039,CASH_OUT,1,0
PAYSIM-1639180,TRANSFER,1,0
PAYSIM-1639181,CASH_OUT,1,0
PAYSIM-1640529,TRANSFER,1,0
PAYSIM-1640530,CASH_OUT,1,0
PAYSIM-1640843,TRANSFER,1,0
PAYSIM-1640844,CASH_OUT,1,0
PAYSIM-1641997,TRANSFER,1,0
PAYSIM-1641998,CASH_OUT,1,0
PAYSIM-1647519,TRANSFER,1,0
PAYSIM-1647520,CASH_OUT,1,0
PAYSIM-1652462,TRANSFER,1,0
PAYSIM-1652463,CASH_OUT,1,0
PAYSIM-1653385,TRANSFER,1,0
PAYSIM-1653386,CASH_OUT,1,0
PAYSIM-1664912,TRANSFER,1,0
PAYSIM-1664913,CASH_OUT,1,0
PAYSIM-1677270,TRANSFER,1,0
PAYSIM-1677271,CASH_OUT,1,0
PAYSIM-1678627,TRANSFER,1,0
PAYSIM-1678628,CASH_OUT,1,0
PAYSIM-1687647,TRANSFER,1,0
PAYSIM-1687648,CASH_OUT,1,0
PAYSIM-1699587,TRANSFER,1,0
PAYSIM-1699588,CASH_OUT,1,0
PAYSIM-1701655,TRANSFER,1,0
PAYSIM-1701656,CASH_OUT,1,0
PAYSIM-1707590,TRANSFER,1,0
PAYSIM-1707591,CASH_OUT,1,0
PAYSIM-1707592,TRANSFER,1,0
PAYSIM-1707593,CASH_OUT,1,0
PAYSIM-1707594,TRANSFER,1,0
PAYSIM-1707595,CASH_OUT,1,0
PAYSIM-1707596,TRANSFER,1,0
PAYSIM-1707597,CASH_OUT,1,0
PAYSIM-1709490,TRANSFER,1,0
PAYSIM-1709491,CASH_OUT,1,0
PAYSIM-1709834,TRANSFER,1,0
PAYSIM-1709835,CASH_OUT,1,0
PAYSIM-1711397,TRANSFER,1,0
PAYSIM-1711398,CASH_OUT,1,0
PAYSIM-1716419,TRANSFER,1,0
PAYSIM-1716420,CASH_OUT,1,0
PAYSIM-1718260,TRANSFER,1,0
PAYSIM-1718261,CASH_OUT,1,0
PAYSIM-1719352,TRANSFER,1,0
PAYSIM-1719353,CASH_OUT,1,0
PAYSIM-1724551,TRANSFER,1,0
PAYSIM-1724552,CASH_OUT,1,0
PAYSIM-1724861,TRANSFER,1,0
PAYSIM-1724862,CASH_OUT,1,0
PAYSIM-1725964,TRANSFER,1,0
PAYSIM-1725965,CASH_OUT,1,0
PAYSIM-1731144,TRANSFER,1,0
PAYSIM-1731145,CASH_OUT,1,0
PAYSIM-1732748,TRANSFER,1,0
PAYSIM-1732749,CASH_OUT,1,0
PAYSIM-1740263,TRANSFER,1,0
PAYSIM-1740264,CASH_OUT,1,0
PAYSIM-1741503,TRANSFER,1,0
PAYSIM-1741504,CASH_OUT,1,0
PAYSIM-1741555,TRANSFER,1,0
PAYSIM-1741556,CASH_OUT,1,0
PAYSIM-1746974,TRANSFER,1,0
PAYSIM-1746975,CASH_OUT,1,0
PAYSIM-1746976,TRANSFER,1,0
PAYSIM-1746977,CASH_OUT,1,0
PAYSIM-1793351,TRANSFER,1,0
PAYSIM-1793352,CASH_OUT,1,0
PAYSIM-1794332,TRANSFER,1,0
PAYSIM-1794333,CASH_OUT,1,0
PAYSIM-1795331,TRANSFER,1,0
PAYSIM-1795332,CASH_OUT,1,0
PAYSIM-1796323,TRANSFER,1,0
PAYSIM-1796324,CASH_OUT,1,0
PAYSIM-1800736,TRANSFER,1,0
PAYSIM-1800737,CASH_OUT,1,0
PAYSIM-1805182,TRANSFER,1,0
PAYSIM-1805183,CASH_OUT,1,0
PAYSIM-1812968,TRANSFER,1,0
PAYSIM-1812969,CASH_OUT,1,0
PAYSIM-1832574,TRANSFER,1,0
PAYSIM-1832575,CASH_OUT,1,0
PAYSIM-1846400,TRANSFER,1,0
PAYSIM-1846401,CASH_OUT,1,0
PAYSIM-1852939,TRANSFER,1,0
PAYSIM-1852940,CASH_OUT,1,0
PAYSIM-1853440,TRANSFER,1,0
PAYSIM-1853441,CASH_OUT,1,0
PAYSIM-1855459,TRANSFER,1,0
PAYSIM-1855460,CASH_OUT,1,0
PAYSIM-1855926,TRANSFER,1,0
PAYSIM-1855927,CASH_OUT,1,0
PAYSIM-1864133,TRANSFER,1,0
PAYSIM-1864134,CASH_OUT,1,0
PAYSIM-1877738,TRANSFER,1,0
PAYSIM-1877739,CASH_OUT,1,0
PAYSIM-1889543,TRANSFER,1,0
PAYSIM-1889544,CASH_OUT,1,0
PAYSIM-1890665,TRANSFER,1,0
PAYSIM-1890666,CASH_OUT,1,0
PAYSIM-1897149,TRANSFER,1,0
PAYSIM-1897150,CASH_OUT,1,0
PAYSIM-1908585,TRANSFER,1,0
PAYSIM-1908586,CASH_OUT,1,0
PAYSIM-1915203,TRANSFER,1,0
PAYSIM-1915204,CASH_OUT,1,0
PAYSIM-1916533,TRANSFER,1,0
PAYSIM-1916534,CASH_OUT,1,0
PAYSIM-1921604,TRANSFER,1,0
PAYSIM-1921605,CASH_OUT,1,0
PAYSIM-1923443,TRANSFER,1,0
PAYSIM-1923444,CASH_OUT,1,0
PAYSIM-1925308,TRANSFER,1,0
PAYSIM-1925309,CASH_OUT,1,0
PAYSIM-1927548,TRANSFER,1,0
PAYSIM-1927549,CASH_OUT,1,0
PAYSIM-1930263,TRANSFER,1,0
PAYSIM-1930264,CASH_OUT,1,0
PAYSIM-1930348,TRANSFER,1,0
PAYSIM-1930349,CASH_OUT,1,0
PAYSIM-1930461,TRANSFER,1,0
PAYSIM-1930462,CASH_OUT,1,0
PAYSIM-1930853,TRANSFER,1,0
PAYSIM-1930854,CASH_OUT,1,0
PAYSIM-1931271,TRANSFER,1,0
PAYSIM-1931272,CASH_OUT,1,0
PAYSIM-1931764,TRANSFER,1,0
PAYSIM-1931765,CASH_OUT,1,0
PAYSIM-1931844,TRANSFER,1,0
PAYSIM-1931845,CASH_OUT,1,0
PAYSIM-1931862,TRANSFER,1,0
PAYSIM-1931863,CASH_OUT,1,0
PAYSIM-1931864,TRANSFER,1,0
PAYSIM-1931865,CASH_OUT,1,0
PAYSIM-1932026,TRANSFER,1,0
PAYSIM-1932027,CASH_OUT,1,0
PAYSIM-1932085,TRANSFER,1,0
PAYSIM-1932086,CASH_OUT,1,0
PAYSIM-1932130,TRANSFER,1,0
PAYSIM-1932131,CASH_OUT,1,0
PAYSIM-1932164,TRANSFER,1,0
PAYSIM-1932165,CASH_OUT,1,0
PAYSIM-1932174,TRANSFER,1,0
PAYSIM-1932175,CASH_OUT,1,0
PAYSIM-1932176,TRANSFER,1,0
PAYSIM-1932177,CASH_OUT,1,0
PAYSIM-1932178,TRANSFER,1,0
PAYSIM-1932179,CASH_OUT,1,0
PAYSIM-1932180,TRANSFER,1,0
PAYSIM-1932181,CASH_OUT,1,0
PAYSIM-1932182,TRANSFER,1,0
PAYSIM-1932183,CASH_OUT,1,0
PAYSIM-1932184,TRANSFER,1,0
PAYSIM-1932185,CASH_OUT,1,0
PAYSIM-1932186,TRANSFER,1,0
PAYSIM-1932187,CASH_OUT,1,0
PAYSIM-1932188,TRANSFER,1,0
PAYSIM-1932189,CASH_OUT,1,0
PAYSIM-1932190,TRANSFER,1,0
PAYSIM-1932191,CASH_OUT,1,0
PAYSIM-1932192,TRANSFER,1,0
PAYSIM-1932193,CASH_OUT,1,0
PAYSIM-1932194,TRANSFER,1,0
PAYSIM-1932195,CASH_OUT,1,0
PAYSIM-1932196,TRANSFER,1,0
PAYSIM-1932197,CASH_OUT,1,0
PAYSIM-1932198,TRANSFER,1,0
PAYSIM-1932199,CASH_OUT,1,0
PAYSIM-1932200,TRANSFER,1,0
PAYSIM-1932201,CASH_OUT,1,0
PAYSIM-1932202,TRANSFER,1,0
PAYSIM-1932203,CASH_OUT,1,0
PAYSIM-1932204,TRANSFER,1,0
PAYSIM-1932205,CASH_OUT,1,0
PAYSIM-1932206,TRANSFER,1,0
PAYSIM-1932207,CASH_OUT,1,0
PAYSIM-1932208,TRANSFER,1,0
PAYSIM-1932209,CASH_OUT,1,0
PAYSIM-1932210,TRANSFER,1,0
PAYSIM-1932211,CASH_OUT,1,0
PAYSIM-1932212,TRANSFER,1,0
PAYSIM-1932213,CASH_OUT,1,0
PAYSIM-1932214,TRANSFER,1,0
PAYSIM-1932215,CASH_OUT,1,0
PAYSIM-1932216,TRANSFER,1,0
PAYSIM-1932217,CASH_OUT,1,0
PAYSIM-1932218,TRANSFER,1,0
PAYSIM-1932219,CASH_OUT,1,0
PAYSIM-1932220,TRANSFER,1,0
PAYSIM-1932221,CASH_OUT,1,0
PAYSIM-1932222,TRANSFER,1,0
PAYSIM-1932223,CASH_OUT,1,0
PAYSIM-1932224,TRANSFER,1,0
PAYSIM-1932225,CASH_OUT,1,0
PAYSIM-1932226,TRANSFER,1,0
PAYSIM-1932227,CASH_OUT,1,0
PAYSIM-1932228,TRANSFER,1,0
PAYSIM-1932229,CASH_OUT,1,0
PAYSIM-1932230,TRANSFER,1,0
PAYSIM-1932231,CASH_OUT,1,0
PAYSIM-1932232,TRANSFER,1,0
PAYSIM-1932233,CASH_OUT,1,0
PAYSIM-1932234,TRANSFER,1,0
PAYSIM-1932235,CASH_OUT,1,0
PAYSIM-1932236,TRANSFER,1,0
PAYSIM-1932237,CASH_OUT,1,0
PAYSIM-1932238,TRANSFER,1,0
PAYSIM-1932239,CASH_OUT,1,0
PAYSIM-1935463,TRANSFER,1,0
PAYSIM-1935464,CASH_OUT,1,0
PAYSIM-1936035,TRANSFER,1,0
PAYSIM-1936036,CASH_OUT,1,0
PAYSIM-1937513,TRANSFER,1,0
PAYSIM-1937514,CASH_OUT,1,0
PAYSIM-1937922,TRANSFER,1,0
PAYSIM-1937923,CASH_OUT,1,0
PAYSIM-1938532,TRANSFER,1,0
PAYSIM-1938533,CASH_OUT,1,0
PAYSIM-1939090,TRANSFER,1,0
PAYSIM-1939091,CASH_OUT,1,0
PAYSIM-1939155,TRANSFER,1,0
PAYSIM-1939156,CASH_OUT,1,0
PAYSIM-1940125,TRANSFER,1,0
PAYSIM-1940126,CASH_OUT,1,0
PAYSIM-1946782,TRANSFER,1,0
PAYSIM-1946783,CASH_OUT,1,0
PAYSIM-1952163,TRANSFER,1,0
PAYSIM-1952164,CASH_OUT,1,0
PAYSIM-1955741,TRANSFER,1,0
PAYSIM-1955742,CASH_OUT,1,0
PAYSIM-1956161,TRANSFER,1,0
PAYSIM-1956162,CASH_OUT,1,0
PAYSIM-1967847,TRANSFER,1,0
PAYSIM-1967848,CASH_OUT,1,0
PAYSIM-1968865,TRANSFER,1,0
PAYSIM-1968866,CASH_OUT,1,0
PAYSIM-1973234,TRANSFER,1,0
PAYSIM-1973235,CASH_OUT,1,0
PAYSIM-1976653,TRANSFER,1,0
PAYSIM-1976654,CASH_OUT,1,0
PAYSIM-1978760,TRANSFER,1,0
PAYSIM-1978761,CASH_OUT,1,0
PAYSIM-1979186,TRANSFER,1,0
PAYSIM-1979187,CASH_OUT,1,0
PAYSIM-1992854,TRANSFER,1,0
PAYSIM-1992855,CASH_OUT,1,0
PAYSIM-1997687,TRANSFER,1,0
PAYSIM-1997688,CASH_OUT,1,0
PAYSIM-2010736,TRANSFER,1,0
PAYSIM-2010737,CASH_OUT,1,0
PAYSIM-2015678,TRANSFER,1,0
PAYSIM-2015679,CASH_OUT,1,0
PAYSIM-2018093,TRANSFER,1,0
PAYSIM-2018094,CASH_OUT,1,0
PAYSIM-2029736,TRANSFER,1,0
PAYSIM-2029737,CASH_OUT,1,0
PAYSIM-2036947,TRANSFER,1,0
PAYSIM-2036948,CASH_OUT,1,0
PAYSIM-2041059,TRANSFER,1,0
PAYSIM-2041060,CASH_OUT,1,0
PAYSIM-2045829,TRANSFER,1,0
PAYSIM-2045830,CASH_OUT,1,0
PAYSIM-2058344,CASH_OUT,1,0
PAYSIM-2064418,TRANSFER,1,0
PAYSIM-2064419,CASH_OUT,1,0
PAYSIM-2065131,TRANSFER,1,0
PAYSIM-2065132,CASH_OUT,1,0
PAYSIM-2066571,TRANSFER,1,0
PAYSIM-2066572,CASH_OUT,1,0
PAYSIM-2074483,TRANSFER,1,0
PAYSIM-2074484,CASH_OUT,1,0
PAYSIM-2084588,TRANSFER,1,0
PAYSIM-2084589,CASH_OUT,1,0
PAYSIM-2089416,TRANSFER,1,0
PAYSIM-2089417,CASH_OUT,1,0
PAYSIM-2102252,TRANSFER,1,0
PAYSIM-2102253,CASH_OUT,1,0
PAYSIM-2108652,TRANSFER,1,0
PAYSIM-2108653,CASH_OUT,1,0
PAYSIM-2112306,TRANSFER,1,0
PAYSIM-2112307,CASH_OUT,1,0
PAYSIM-2115684,TRANSFER,1,0
PAYSIM-2115685,CASH_OUT,1,0
PAYSIM-2116098,TRANSFER,1,0
PAYSIM-2116099,CASH_OUT,1,0
PAYSIM-2121442,TRANSFER,1,0
PAYSIM-2121443,CASH_OUT,1,0
PAYSIM-2122590,TRANSFER,1,0
PAYSIM-2122591,CASH_OUT,1,0
PAYSIM-2123348,TRANSFER,1,0
PAYSIM-2123349,CASH_OUT,1,0
PAYSIM-2130870,TRANSFER,1,0
PAYSIM-2130871,CASH_OUT,1,0
PAYSIM-2140935,TRANSFER,1,0
PAYSIM-2140936,CASH_OUT,1,0
PAYSIM-2146028,TRANSFER,1,0
PAYSIM-2146029,CASH_OUT,1,0
PAYSIM-2150660,TRANSFER,1,0
PAYSIM-2150661,CASH_OUT,1,0
PAYSIM-2155337,TRANSFER,1,0
PAYSIM-2155338,CASH_OUT,1,0
PAYSIM-2168806,TRANSFER,1,0
PAYSIM-2168807,CASH_OUT,1,0
PAYSIM-2181232,TRANSFER,1,0
PAYSIM-2181233,CASH_OUT,1,0
PAYSIM-2184958,TRANSFER,1,0
PAYSIM-2184959,CASH_OUT,1,0
PAYSIM-2185486,TRANSFER,1,0
PAYSIM-2185487,CASH_OUT,1,0
PAYSIM-2187290,TRANSFER,1,0
PAYSIM-2187291,CASH_OUT,1,0
PAYSIM-2197236,TRANSFER,1,0
PAYSIM-2197237,CASH_OUT,1,0
PAYSIM-2199363,TRANSFER,1,0
PAYSIM-2199364,CASH_OUT,1,0
PAYSIM-2201886,TRANSFER,1,0
PAYSIM-2201887,CASH_OUT,1,0
PAYSIM-2205371,TRANSFER,1,0
PAYSIM-2205372,CASH_OUT,1,0
PAYSIM-2213218,TRANSFER,1,0
PAYSIM-2213219,CASH_OUT,1,0
PAYSIM-2214171,TRANSFER,1,0
PAYSIM-2214172,CASH_OUT,1,0
PAYSIM-2217316,TRANSFER,1,0
PAYSIM-2217317,CASH_OUT,1,0
PAYSIM-2217633,TRANSFER,1,0
PAYSIM-2217634,CASH_OUT,1,0
PAYSIM-2221464,TRANSFER,1,0
PAYSIM-2221465,CASH_OUT,1,0
PAYSIM-2242700,CASH_OUT,1,0
PAYSIM-2242787,TRANSFER,1,0
PAYSIM-2242788,CASH_OUT,1,0
PAYSIM-2246690,TRANSFER,1,0
PAYSIM-2246691,CASH_OUT,1,0
PAYSIM-2250316,TRANSFER,1,0
PAYSIM-2250317,CASH_OUT,1,0
PAYSIM-2267968,TRANSFER,1,0
PAYSIM-2267969,CASH_OUT,1,0
PAYSIM-2283022,TRANSFER,1,0
PAYSIM-2283023,CASH_OUT,1,0
PAYSIM-2285660,TRANSFER,1,0
PAYSIM-2285661,CASH_OUT,1,0
PAYSIM-2293832,TRANSFER,1,0
PAYSIM-2293833,CASH_OUT,1,0
PAYSIM-2298024,TRANSFER,1,0
PAYSIM-2298025,CASH_OUT,1,0
PAYSIM-2324509,TRANSFER,1,0
PAYSIM-2324510,CASH_OUT,1,0
PAYSIM-2332960,TRANSFER,1,0
PAYSIM-2332961,CASH_OUT,1,0
PAYSIM-2333454,TRANSFER,1,0
PAYSIM-2333455,CASH_OUT,1,0
PAYSIM-2334071,TRANSFER,1,0
PAYSIM-2334072,CASH_OUT,1,0
PAYSIM-2336459,TRANSFER,1,0
PAYSIM-2336460,CASH_OUT,1,0
PAYSIM-2340172,TRANSFER,1,0
PAYSIM-2340173,CASH_OUT,1,0
PAYSIM-2340339,TRANSFER,1,0
PAYSIM-2340340,CASH_OUT,1,0
PAYSIM-2343675,TRANSFER,1,0
PAYSIM-2343676,CASH_OUT,1,0
PAYSIM-2348203,TRANSFER,1,0
PAYSIM-2348204,CASH_OUT,1,0
PAYSIM-2361318,TRANSFER,1,0
PAYSIM-2361319,CASH_OUT,1,0
PAYSIM-2361320,TRANSFER,1,0
PAYSIM-2361321,CASH_OUT,1,0
PAYSIM-2361781,TRANSFER,1,0
PAYSIM-2361782,CASH_OUT,1,0
PAYSIM-2362881,TRANSFER,1,0
PAYSIM-2362882,CASH_OUT,1,0
PAYSIM-2368504,TRANSFER,1,0
PAYSIM-2368505,CASH_OUT,1,0
PAYSIM-2368943,TRANSFER,1,0
PAYSIM-2368944,CASH_OUT,1,0
PAYSIM-2370765,TRANSFER,1,0
PAYSIM-2370766,CASH_OUT,1,0
PAYSIM-2371144,TRANSFER,1,0
PAYSIM-2371145,CASH_OUT,1,0
PAYSIM-2372616,TRANSFER,1,0
PAYSIM-2372617,CASH_OUT,1,0
PAYSIM-2373509,TRANSFER,1,0
PAYSIM-2373510,CASH_OUT,1,0
PAYSIM-2375656,TRANSFER,1,0
PAYSIM-2375657,CASH_OUT,1,0
PAYSIM-2375694,TRANSFER,1,0
PAYSIM-2375695,CASH_OUT,1,0
PAYSIM-2376232,TRANSFER,1,0
PAYSIM-2376233,CASH_OUT,1,0
PAYSIM-2378186,TRANSFER,1,0
PAYSIM-2378187,CASH_OUT,1,0
PAYSIM-2379119,TRANSFER,1,0
PAYSIM-2379120,CASH_OUT,1,0
PAYSIM-2380426,TRANSFER,1,0
PAYSIM-2380427,CASH_OUT,1,0
PAYSIM-2380617,TRANSFER,1,0
PAYSIM-2380618,CASH_OUT,1,0
PAYSIM-2380628,TRANSFER,1,0
PAYSIM-2380629,CASH_OUT,1,0
PAYSIM-2380816,TRANSFER,1,0
PAYSIM-2380817,CASH_OUT,1,0
PAYSIM-2381340,TRANSFER,1,0
PAYSIM-2381341,CASH_OUT,1,0
PAYSIM-2381591,TRANSFER,1,0
PAYSIM-2381592,CASH_OUT,1,0
PAYSIM-2381624,TRANSFER,1,0
PAYSIM-2381625,CASH_OUT,1,0
PAYSIM-2381686,TRANSFER,1,0
PAYSIM-2381687,CASH_OUT,1,0
PAYSIM-2381688,TRANSFER,1,0
PAYSIM-2381689,CASH_OUT,1,0
PAYSIM-2381990,TRANSFER,1,0
PAYSIM-2381991,CASH_OUT,1,0
PAYSIM-2382034,TRANSFER,1,0
PAYSIM-2382035,CASH_OUT,1,0
PAYSIM-2382095,TRANSFER,1,0
PAYSIM-2382096,CASH_OUT,1,0
PAYSIM-2382104,TRANSFER,1,0
PAYSIM-2382105,CASH_OUT,1,0
PAYSIM-2382129,TRANSFER,1,0
PAYSIM-2382130,CASH_OUT,1,0
PAYSIM-2382135,TRANSFER,1,0
PAYSIM-2382136,CASH_OUT,1,0
PAYSIM-2382141,TRANSFER,1,0
PAYSIM-2382142,CASH_OUT,1,0
PAYSIM-2382143,TRANSFER,1,0
PAYSIM-2382144,CASH_OUT,1,0
PAYSIM-2382145,TRANSFER,1,0
PAYSIM-2382146,CASH_OUT,1,0
PAYSIM-2382147,TRANSFER,1,0
PAYSIM-2382148,CASH_OUT,1,0
PAYSIM-2382149,TRANSFER,1,0
PAYSIM-2382150,CASH_OUT,1,0
PAYSIM-2382151,TRANSFER,1,0
PAYSIM-2382152,CASH_OUT,1,0
PAYSIM-2382153,TRANSFER,1,0
PAYSIM-2382154,CASH_OUT,1,0
PAYSIM-2382155,TRANSFER,1,0
PAYSIM-2382156,CASH_OUT,1,0
PAYSIM-2382157,TRANSFER,1,0
PAYSIM-2382158,CASH_OUT,1,0
PAYSIM-2382159,TRANSFER,1,0
PAYSIM-2382160,CASH_OUT,1,0
PAYSIM-2382161,TRANSFER,1,0
PAYSIM-2382162,CASH_OUT,1,0
PAYSIM-2382163,TRANSFER,1,0
PAYSIM-2382164,CASH_OUT,1,0
PAYSIM-2382165,TRANSFER,1,0
PAYSIM-2382166,CASH_OUT,1,0
PAYSIM-2382167,TRANSFER,1,0
PAYSIM-2382168,CASH_OUT,1,0
PAYSIM-2382169,TRANSFER,1,0
PAYSIM-2382170,CASH_OUT,1,0
PAYSIM-2382171,TRANSFER,1,0
PAYSIM-2382172,CASH_OUT,1,0
PAYSIM-2382173,TRANSFER,1,0
PAYSIM-2382174,CASH_OUT,1,0
PAYSIM-2382175,TRANSFER,1,0
PAYSIM-2382176,CASH_OUT,1,0
PAYSIM-2382177,TRANSFER,1,0
PAYSIM-2382178,CASH_OUT,1,0
PAYSIM-2382179,TRANSFER,1,0
PAYSIM-2382180,CASH_OUT,1,0
PAYSIM-2382181,TRANSFER,1,0
PAYSIM-2382182,CASH_OUT,1,0
PAYSIM-2382770,TRANSFER,1,0
PAYSIM-2382771,CASH_OUT,1,0
PAYSIM-2384740,TRANSFER,1,0
PAYSIM-2384741,CASH_OUT,1,0
PAYSIM-2390091,TRANSFER,1,0
PAYSIM-2390092,CASH_OUT,1,0
PAYSIM-2392536,TRANSFER,1,0
PAYSIM-2392537,CASH_OUT,1,0
PAYSIM-2423702,TRANSFER,1,0
PAYSIM-2423703,CASH_OUT,1,0
PAYSIM-2434432,TRANSFER,1,0
PAYSIM-2434433,CASH_OUT,1,0
PAYSIM-2440758,TRANSFER,1,0
PAYSIM-2440759,CASH_OUT,1,0
PAYSIM-2443552,TRANSFER,1,0
PAYSIM-2443553,CASH_OUT,1,0
PAYSIM-2453378,TRANSFER,1,0
PAYSIM-2453379,CASH_OUT,1,0
PAYSIM-2474010,TRANSFER,1,0
PAYSIM-2474011,CASH_OUT,1,0
PAYSIM-2481817,TRANSFER,1,0
PAYSIM-2481818,CASH_OUT,1,0
PAYSIM-2491321,TRANSFER,1,0
PAYSIM-2491322,CASH_OUT,1,0
PAYSIM-2516797,TRANSFER,1,0
PAYSIM-2516798,CASH_OUT,1,0
PAYSIM-2520120,TRANSFER,1,0
PAYSIM-2520121,CASH_OUT,1,0
PAYSIM-2526209,TRANSFER,1,0
PAYSIM-2526210,CASH_OUT,1,0
PAYSIM-2528757,TRANSFER,1,0
PAYSIM-2528758,CASH_OUT,1,0
PAYSIM-2531841,TRANSFER,1,0
PAYSIM-2531842,CASH_OUT,1,0
PAYSIM-2537325,TRANSFER,1,0
PAYSIM-2537326,CASH_OUT,1,0
PAYSIM-2537764,TRANSFER,1,0
PAYSIM-2537765,CASH_OUT,1,0
PAYSIM-2537920,TRANSFER,1,0
PAYSIM-2537921,CASH_OUT,1,0
PAYSIM-2539531,TRANSFER,1,0
PAYSIM-2539532,CASH_OUT,1,0
PAYSIM-2543020,TRANSFER,1,0
PAYSIM-2543021,CASH_OUT,1,0
PAYSIM-2552299,TRANSFER,1,0
PAYSIM-2552300,CASH_OUT,1,0
PAYSIM-2552739,TRANSFER,1,0
PAYSIM-2552740,CASH_OUT,1,0
PAYSIM-2564999,TRANSFER,1,0
PAYSIM-2565000,CASH_OUT,1,0
PAYSIM-2568139,TRANSFER,1,0
PAYSIM-2568140,CASH_OUT,1,0
PAYSIM-2571515,TRANSFER,1,0
PAYSIM-2571516,CASH_OUT,1,0
PAYSIM-2584138,TRANSFER,1,0
PAYSIM-2584139,CASH_OUT,1,0
PAYSIM-2588246,TRANSFER,1,0
PAYSIM-2588247,CASH_OUT,1,0
PAYSIM-2599038,TRANSFER,1,0
PAYSIM-2599039,CASH_OUT,1,0
PAYSIM-2599898,TRANSFER,1,0
PAYSIM-2599899,CASH_OUT,1,0
PAYSIM-2604367,TRANSFER,1,0
PAYSIM-2604368,CASH_OUT,1,0
PAYSIM-2605945,TRANSFER,1,0
PAYSIM-2605946,CASH_OUT,1,0
PAYSIM-2608446,TRANSFER,1,0
PAYSIM-2608447,CASH_OUT,1,0
PAYSIM-2609114,TRANSFER,1,0
PAYSIM-2609115,CASH_OUT,1,0
PAYSIM-2610087,TRANSFER,1,0
PAYSIM-2610088,CASH_OUT,1,0
PAYSIM-2612713,TRANSFER,1,0
PAYSIM-2612714,CASH_OUT,1,0
PAYSIM-2621710,TRANSFER,1,0
PAYSIM-2621711,CASH_OUT,1,0
PAYSIM-2622103,CASH_OUT,1,0
PAYSIM-2623755,TRANSFER,1,0
PAYSIM-2623756,CASH_OUT,1,0
PAYSIM-2631089,TRANSFER,1,0
PAYSIM-2631090,CASH_OUT,1,0
PAYSIM-2642378,TRANSFER,1,0
PAYSIM-2642379,CASH_OUT,1,0
PAYSIM-2647738,TRANSFER,1,0
PAYSIM-2647739,CASH_OUT,1,0
PAYSIM-2676016,TRANSFER,1,0
PAYSIM-2676017,CASH_OUT,1,0
PAYSIM-2678995,TRANSFER,1,0
PAYSIM-2678996,CASH_OUT,1,0
PAYSIM-2682224,TRANSFER,1,0
PAYSIM-2682225,CASH_OUT,1,0
PAYSIM-2684776,TRANSFER,1,0
PAYSIM-2684777,CASH_OUT,1,0
PAYSIM-2697091,TRANSFER,1,0
PAYSIM-2697092,CASH_OUT,1,0
PAYSIM-2699860,TRANSFER,1,0
PAYSIM-2699861,CASH_OUT,1,0
PAYSIM-2703722,TRANSFER,1,0
PAYSIM-2703723,CASH_OUT,1,0
PAYSIM-2708828,TRANSFER,1,0
PAYSIM-2708829,CASH_OUT,1,0
PAYSIM-2714605,TRANSFER,1,0
PAYSIM-2714606,CASH_OUT,1,0
PAYSIM-2721787,TRANSFER,1,0
PAYSIM-2721788,CASH_OUT,1,0
PAYSIM-2724585,TRANSFER,1,0
PAYSIM-2724586,CASH_OUT,1,0
PAYSIM-2726959,TRANSFER,1,0
PAYSIM-2726960,CASH_OUT,1,0
PAYSIM-2729494,TRANSFER,1,0
PAYSIM-2729495,CASH_OUT,1,0
PAYSIM-2729565,TRANSFER,1,0
PAYSIM-2729566,CASH_OUT,1,0
PAYSIM-2730386,TRANSFER,1,0
PAYSIM-2730387,CASH_OUT,1,0
PAYSIM-2730591,TRANSFER,1,0
PAYSIM-2730592,CASH_OUT,1,0
PAYSIM-2736441,TRANSFER,1,0
PAYSIM-2736442,CASH_OUT,1,0
PAYSIM-2736443,TRANSFER,1,0
PAYSIM-2736444,CASH_OUT,1,0
PAYSIM-2736445,TRANSFER,1,0
PAYSIM-2736446,CASH_OUT,1,0
PAYSIM-2736447,TRANSFER,1,1
PAYSIM-2736954,TRANSFER,1,0
PAYSIM-2736955,CASH_OUT,1,0
PAYSIM-2739883,TRANSFER,1,0
PAYSIM-2739884,CASH_OUT,1,0
PAYSIM-2740544,TRANSFER,1,0
PAYSIM-2740545,CASH_OUT,1,0
PAYSIM-2741559,TRANSFER,1,0
PAYSIM-2741560,CASH_OUT,1,0
PAYSIM-2744221,TRANSFER,1,0
PAYSIM-2744222,CASH_OUT,1,0
PAYSIM-2752775,TRANSFER,1,0
PAYSIM-2752776,CASH_OUT,1,0
PAYSIM-2753225,TRANSFER,1,0
PAYSIM-2753226,CASH_OUT,1,0
PAYSIM-2754078,TRANSFER,1,0
PAYSIM-2754079,CASH_OUT,1,0
PAYSIM-2754367,TRANSFER,1,0
PAYSIM-2754368,CASH_OUT,1,0
PAYSIM-2755033,TRANSFER,1,0
PAYSIM-2755034,CASH_OUT,1,0
PAYSIM-2756586,TRANSFER,1,0
PAYSIM-2756587,CASH_OUT,1,0
PAYSIM-2760471,TRANSFER,1,0
PAYSIM-2760472,CASH_OUT,1,0
PAYSIM-2761650,TRANSFER,1,0
PAYSIM-2761651,CASH_OUT,1,0
PAYSIM-2766145,TRANSFER,1,0
PAYSIM-2766146,CASH_OUT,1,0
PAYSIM-2773414,TRANSFER,1,0
PAYSIM-2773415,CASH_OUT,1,0
PAYSIM-2778705,TRANSFER,1,0
PAYSIM-2778706,CASH_OUT,1,0
PAYSIM-2779309,TRANSFER,1,0
PAYSIM-2779310,CASH_OUT,1,0
PAYSIM-2780306,TRANSFER,1,0
PAYSIM-2780307,CASH_OUT,1,0
PAYSIM-2780720,TRANSFER,1,0
PAYSIM-2780721,CASH_OUT,1,0
PAYSIM-2780800,TRANSFER,1,0
PAYSIM-2780801,CASH_OUT,1,0
PAYSIM-2783640,TRANSFER,1,0
PAYSIM-2783641,CASH_OUT,1,0
PAYSIM-2786451,TRANSFER,1,0
PAYSIM-2786452,CASH_OUT,1,0
PAYSIM-2786463,TRANSFER,1,0
PAYSIM-2786464,CASH_OUT,1,0
PAYSIM-2787677,TRANSFER,1,0
PAYSIM-2787678,CASH_OUT,1,0
PAYSIM-2788265,TRANSFER,1,0
PAYSIM-2788266,CASH_OUT,1,0
PAYSIM-2792358,TRANSFER,1,0
PAYSIM-2792359,CASH_OUT,1,0
PAYSIM-2793715,TRANSFER,1,0
PAYSIM-2793716,CASH_OUT,1,0
PAYSIM-2795239,TRANSFER,1,0
PAYSIM-2795240,CASH_OUT,1,0
PAYSIM-2796962,TRANSFER,1,0
PAYSIM-2796963,CASH_OUT,1,0
PAYSIM-2798790,TRANSFER,1,0
PAYSIM-2798791,CASH_OUT,1,0
PAYSIM-2798811,TRANSFER,1,0
PAYSIM-2798812,CASH_OUT,1,0
PAYSIM-2799309,TRANSFER,1,0
PAYSIM-2799310,CASH_OUT,1,0
PAYSIM-2799555,TRANSFER,1,0
PAYSIM-2799556,CASH_OUT,1,0
PAYSIM-2799724,TRANSFER,1,0
PAYSIM-2799725,CASH_OUT,1,0
PAYSIM-2799730,TRANSFER,1,0
PAYSIM-2799731,CASH_OUT,1,0
PAYSIM-2799881,TRANSFER,1,0
PAYSIM-2799882,CASH_OUT,1,0
PAYSIM-2800936,TRANSFER,1,0
PAYSIM-2800937,CASH_OUT,1,0
PAYSIM-2801084,TRANSFER,1,0
PAYSIM-2801085,CASH_OUT,1,0
PAYSIM-2801086,TRANSFER,1,0
PAYSIM-2801087,CASH_OUT,1,0
PAYSIM-2801088,TRANSFER,1,0
PAYSIM-2801089,CASH_OUT,1,0
PAYSIM-2801090,TRANSFER,1,0
PAYSIM-2801091,CASH_OUT,1,0
PAYSIM-2801092,TRANSFER,1,0
PAYSIM-2801093,CASH_OUT,1,0
PAYSIM-2801094,TRANSFER,1,0
PAYSIM-2801095,CASH_OUT,1,0
PAYSIM-2801096,TRANSFER,1,0
PAYSIM-2801097,CASH_OUT,1,0
PAYSIM-2801098,TRANSFER,1,0
PAYSIM-2801099,CASH_OUT,1,0
PAYSIM-2801100,TRANSFER,1,0
PAYSIM-2801101,CASH_OUT,1,0
PAYSIM-2801102,TRANSFER,1,0
PAYSIM-2801103,CASH_OUT,1,0
PAYSIM-2801104,TRANSFER,1,0
PAYSIM-2801105,CASH_OUT,1,0
PAYSIM-2801106,TRANSFER,1,0
PAYSIM-2801107,CASH_OUT,1,0
PAYSIM-2801108,TRANSFER,1,0
PAYSIM-2801109,CASH_OUT,1,0
PAYSIM-2801110,TRANSFER,1,0
PAYSIM-2801111,CASH_OUT,1,0
PAYSIM-2801112,TRANSFER,1,0
PAYSIM-2801113,CASH_OUT,1,0
PAYSIM-2801114,TRANSFER,1,0
PAYSIM-2801115,CASH_OUT,1,0
PAYSIM-2801116,TRANSFER,1,0
PAYSIM-2801117,CASH_OUT,1,0
PAYSIM-2801118,TRANSFER,1,0
PAYSIM-2801119,CASH_OUT,1,0
PAYSIM-2801120,TRANSFER,1,0
PAYSIM-2801121,CASH_OUT,1,0
PAYSIM-2801122,TRANSFER,1,0
PAYSIM-2801123,CASH_OUT,1,0
PAYSIM-2801124,TRANSFER,1,0
PAYSIM-2801125,CASH_OUT,1,0
PAYSIM-2801126,TRANSFER,1,0
PAYSIM-2801127,CASH_OUT,1,0
PAYSIM-2801128,TRANSFER,1,0
PAYSIM-2801129,CASH_OUT,1,0
PAYSIM-2801130,TRANSFER,1,0
PAYSIM-2801131,CASH_OUT,1,0
PAYSIM-2801132,TRANSFER,1,0
PAYSIM-2801133,CASH_OUT,1,0
PAYSIM-2801134,TRANSFER,1,0
PAYSIM-2801135,CASH_OUT,1,0
PAYSIM-2801136,TRANSFER,1,0
PAYSIM-2801137,CASH_OUT,1,0
PAYSIM-2801138,TRANSFER,1,0
PAYSIM-2801139,CASH_OUT,1,0
PAYSIM-2801140,TRANSFER,1,0
PAYSIM-2801141,CASH_OUT,1,0
PAYSIM-2801142,TRANSFER,1,0
PAYSIM-2801143,CASH_OUT,1,0
PAYSIM-2801144,TRANSFER,1,0
PAYSIM-2801145,CASH_OUT,1,0
PAYSIM-2801146,TRANSFER,1,0
PAYSIM-2801147,CASH_OUT,1,0
PAYSIM-2805783,TRANSFER,1,0
PAYSIM-2805784,CASH_OUT,1,0
PAYSIM-2810809,TRANSFER,1,0
PAYSIM-2810810,CASH_OUT,1,0
PAYSIM-2812385,TRANSFER,1,0
PAYSIM-2812386,CASH_OUT,1,0
PAYSIM-2812964,TRANSFER,1,0
PAYSIM-2812965,CASH_OUT,1,0
PAYSIM-2813127,TRANSFER,1,0
PAYSIM-2813128,CASH_OUT,1,0
PAYSIM-2814084,TRANSFER,1,0
PAYSIM-2814085,CASH_OUT,1,0
PAYSIM-2820504,TRANSFER,1,0
PAYSIM-2820505,CASH_OUT,1,0
PAYSIM-2826946,TRANSFER,1,0
PAYSIM-2826947,CASH_OUT,1,0
PAYSIM-2828148,TRANSFER,1,0
PAYSIM-2828149,CASH_OUT,1,0
PAYSIM-2833680,TRANSFER,1,0
PAYSIM-2833681,CASH_OUT,1,0
PAYSIM-2834680,TRANSFER,1,0
PAYSIM-2834681,CASH_OUT,1,0
PAYSIM-2835495,TRANSFER,1,0
PAYSIM-2835496,CASH_OUT,1,0
PAYSIM-2849895,TRANSFER,1,0
PAYSIM-2849896,CASH_OUT,1,0
PAYSIM-2850000,TRANSFER,1,0
PAYSIM-2850001,CASH_OUT,1,0
PAYSIM-2852555,TRANSFER,1,0
PAYSIM-2852556,CASH_OUT,1,0
PAYSIM-2860102,TRANSFER,1,0
PAYSIM-2860103,CASH_OUT,1,0
PAYSIM-2875499,TRANSFER,1,0
PAYSIM-2875500,CASH_OUT,1,0
PAYSIM-2875796,TRANSFER,1,0
PAYSIM-2875797,CASH_OUT,1,0
PAYSIM-2877602,TRANSFER,1,0
PAYSIM-2877603,CASH_OUT,1,0
PAYSIM-2881997,TRANSFER,1,0
PAYSIM-2881998,CASH_OUT,1,0
PAYSIM-2885347,TRANSFER,1,0
PAYSIM-2885348,CASH_OUT,1,0
PAYSIM-2889225,TRANSFER,1,0
PAYSIM-2889226,CASH_OUT,1,0
PAYSIM-2897551,TRANSFER,1,0
PAYSIM-2897552,CASH_OUT,1,0
PAYSIM-2897553,TRANSFER,1,0
PAYSIM-2897554,CASH_OUT,1,0
PAYSIM-2898704,TRANSFER,1,0
PAYSIM-2898705,CASH_OUT,1,0
PAYSIM-2900071,TRANSFER,1,0
PAYSIM-2900072,CASH_OUT,1,0
PAYSIM-2901379,TRANSFER,1,0
PAYSIM-2901380,CASH_OUT,1,0
PAYSIM-2911618,TRANSFER,1,0
PAYSIM-2911619,CASH_OUT,1,0
PAYSIM-2925155,TRANSFER,1,0
PAYSIM-2925156,CASH_OUT,1,0
PAYSIM-2932773,TRANSFER,1,0
PAYSIM-2932774,CASH_OUT,1,0
PAYSIM-2934525,TRANSFER,1,0
PAYSIM-2934526,CASH_OUT,1,0
PAYSIM-2937749,TRANSFER,1,0
PAYSIM-2937750,CASH_OUT,1,0
PAYSIM-2943794,TRANSFER,1,0
PAYSIM-2943795,CASH_OUT,1,0
PAYSIM-2945799,TRANSFER,1,0
PAYSIM-2945800,CASH_OUT,1,0
PAYSIM-2946482,CASH_OUT,1,0
PAYSIM-2946767,TRANSFER,1,0
PAYSIM-2946768,CASH_OUT,1,0
PAYSIM-2946769,TRANSFER,1,0
PAYSIM-2946770,CASH_OUT,1,0
PAYSIM-2947672,TRANSFER,1,0
PAYSIM-2947673,CASH_OUT,1,0
PAYSIM-2955438,TRANSFER,1,0
PAYSIM-2955439,CASH_OUT,1,0
PAYSIM-2955663,TRANSFER,1,0
PAYSIM-2955664,CASH_OUT,1,0
PAYSIM-2969672,TRANSFER,1,0
PAYSIM-2969673,CASH_OUT,1,0
PAYSIM-2973347,TRANSFER,1,0
PAYSIM-2973348,CASH_OUT,1,0
PAYSIM-2973739,TRANSFER,1,0
PAYSIM-2973740,CASH_OUT,1,0
PAYSIM-2975526,TRANSFER,1,0
PAYSIM-2975527,CASH_OUT,1,0
PAYSIM-2976141,TRANSFER,1,0
PAYSIM-2976142,CASH_OUT,1,0
PAYSIM-2982688,TRANSFER,1,0
PAYSIM-2982689,CASH_OUT,1,0
PAYSIM-2983494,CASH_OUT,1,0
PAYSIM-2986113,TRANSFER,1,0
PAYSIM-2986114,CASH_OUT,1,0
PAYSIM-2989624,TRANSFER,1,0
PAYSIM-2989625,CASH_OUT,1,0
PAYSIM-2993154,TRANSFER,1,0
PAYSIM-2993155,CASH_OUT,1,0
PAYSIM-2994102,TRANSFER,1,0
PAYSIM-2994103,CASH_OUT,1,0
PAYSIM-2995386,TRANSFER,1,0
PAYSIM-2995387,CASH_OUT,1,0
PAYSIM-3014548,TRANSFER,1,0
PAYSIM-3014549,CASH_OUT,1,0
PAYSIM-3015434,TRANSFER,1,0
PAYSIM-3015435,CASH_OUT,1,0
PAYSIM-3019272,TRANSFER,1,0
PAYSIM-3019273,CASH_OUT,1,0
PAYSIM-3023148,TRANSFER,1,0
PAYSIM-3023149,CASH_OUT,1,0
PAYSIM-3026525,TRANSFER,1,0
PAYSIM-3026526,CASH_OUT,1,0
PAYSIM-3027738,TRANSFER,1,0
PAYSIM-3027739,CASH_OUT,1,0
PAYSIM-3029020,TRANSFER,1,0
PAYSIM-3029021,CASH_OUT,1,0
PAYSIM-3031113,TRANSFER,1,0
PAYSIM-3031114,CASH_OUT,1,0
PAYSIM-3033606,TRANSFER,1,0
PAYSIM-3033607,CASH_OUT,1,0
PAYSIM-3036097,TRANSFER,1,0
PAYSIM-3036098,CASH_OUT,1,0
PAYSIM-3039581,TRANSFER,1,0
PAYSIM-3039582,CASH_OUT,1,0
PAYSIM-3040666,TRANSFER,1,0
PAYSIM-3040667,CASH_OUT,1,0
PAYSIM-3055710,TRANSFER,1,0
PAYSIM-3055711,CASH_OUT,1,0
PAYSIM-3064881,TRANSFER,1,0
PAYSIM-3064882,CASH_OUT,1,0
PAYSIM-3064961,TRANSFER,1,0
PAYSIM-3064962,CASH_OUT,1,0
PAYSIM-3071554,TRANSFER,1,0
PAYSIM-3071555,CASH_OUT,1,0
PAYSIM-3081035,TRANSFER,1,0
PAYSIM-3081036,CASH_OUT,1,0
PAYSIM-3105811,TRANSFER,1,0
PAYSIM-3105812,CASH_OUT,1,0
PAYSIM-3106112,TRANSFER,1,0
PAYSIM-3106113,CASH_OUT,1,0
PAYSIM-3111587,TRANSFER,1,0
PAYSIM-3111588,CASH_OUT,1,0
PAYSIM-3115166,TRANSFER,1,0
PAYSIM-3115167,CASH_OUT,1,0
PAYSIM-3132355,TRANSFER,1,0
PAYSIM-3132356,CASH_OUT,1,0
PAYSIM-3137121,TRANSFER,1,0
PAYSIM-3137122,CASH_OUT,1,0
PAYSIM-3143902,TRANSFER,1,0
PAYSIM-3143903,CASH_OUT,1,0
PAYSIM-3148385,TRANSFER,1,0
PAYSIM-3148386,CASH_OUT,1,0
PAYSIM-3151054,TRANSFER,1,0
PAYSIM-3151055,CASH_OUT,1,0
PAYSIM-3157783,TRANSFER,1,0
PAYSIM-3157784,CASH_OUT,1,0
PAYSIM-3160917,TRANSFER,1,0
PAYSIM-3160918,CASH_OUT,1,0
PAYSIM-3163673,TRANSFER,1,0
PAYSIM-3163674,CASH_OUT,1,0
PAYSIM-3163675,TRANSFER,1,0
PAYSIM-3163676,CASH_OUT,1,0
PAYSIM-3163677,TRANSFER,1,0
PAYSIM-3163678,CASH_OUT,1,0
PAYSIM-3171492,TRANSFER,1,0
PAYSIM-3171493,CASH_OUT,1,0
PAYSIM-3173128,TRANSFER,1,0
PAYSIM-3173129,CASH_OUT,1,0
PAYSIM-3173834,TRANSFER,1,0
PAYSIM-3173835,CASH_OUT,1,0
PAYSIM-3173836,TRANSFER,1,0
PAYSIM-3173837,CASH_OUT,1,0
PAYSIM-3175517,TRANSFER,1,0
PAYSIM-3175518,CASH_OUT,1,0
PAYSIM-3176666,TRANSFER,1,0
PAYSIM-3176667,CASH_OUT,1,0
PAYSIM-3176980,TRANSFER,1,0
PAYSIM-3176981,CASH_OUT,1,0
PAYSIM-3179195,TRANSFER,1,0
PAYSIM-3179196,CASH_OUT,1,0
PAYSIM-3179509,TRANSFER,1,0
PAYSIM-3179510,CASH_OUT,1,0
PAYSIM-3181433,TRANSFER,1,0
PAYSIM-3181434,CASH_OUT,1,0
PAYSIM-3182792,TRANSFER,1,0
PAYSIM-3182793,CASH_OUT,1,0
PAYSIM-3183428,TRANSFER,1,0
PAYSIM-3183429,CASH_OUT,1,0
PAYSIM-3186835,TRANSFER,1,0
PAYSIM-3186836,CASH_OUT,1,0
PAYSIM-3187147,TRANSFER,1,0
PAYSIM-3187148,CASH_OUT,1,0
PAYSIM-3187328,TRANSFER,1,0
PAYSIM-3187329,CASH_OUT,1,0
PAYSIM-3187434,TRANSFER,1,0
PAYSIM-3187435,CASH_OUT,1,0
PAYSIM-3187684,TRANSFER,1,0
PAYSIM-3187685,CASH_OUT,1,0
PAYSIM-3188014,TRANSFER,1,0
PAYSIM-3188015,CASH_OUT,1,0
PAYSIM-3188082,TRANSFER,1,0
PAYSIM-3188083,CASH_OUT,1,0
PAYSIM-3191272,TRANSFER,1,0
PAYSIM-3191273,CASH_OUT,1,0
PAYSIM-3191415,TRANSFER,1,0
PAYSIM-3191416,CASH_OUT,1,0
PAYSIM-3191739,TRANSFER,1,0
PAYSIM-3191740,CASH_OUT,1,0
PAYSIM-3191795,TRANSFER,1,0
PAYSIM-3191796,CASH_OUT,1,0
PAYSIM-3192027,TRANSFER,1,0
PAYSIM-3192028,CASH_OUT,1,0
PAYSIM-3192128,TRANSFER,1,0
PAYSIM-3192129,CASH_OUT,1,0
PAYSIM-3192184,TRANSFER,1,0
PAYSIM-3192185,CASH_OUT,1,0
PAYSIM-3192345,TRANSFER,1,0
PAYSIM-3192346,CASH_OUT,1,0
PAYSIM-3192450,TRANSFER,1,0
PAYSIM-3192451,CASH_OUT,1,0
PAYSIM-3192896,TRANSFER,1,0
PAYSIM-3192897,CASH_OUT,1,0
PAYSIM-3192915,TRANSFER,1,0
PAYSIM-3192916,CASH_OUT,1,0
PAYSIM-3192962,TRANSFER,1,0
PAYSIM-3192963,CASH_OUT,1,0
PAYSIM-3193080,TRANSFER,1,0
PAYSIM-3193081,CASH_OUT,1,0
PAYSIM-3193184,TRANSFER,1,0
PAYSIM-3193185,CASH_OUT,1,0
PAYSIM-3193186,TRANSFER,1,0
PAYSIM-3193187,CASH_OUT,1,0
PAYSIM-3193188,TRANSFER,1,0
PAYSIM-3193189,CASH_OUT,1,0
PAYSIM-3193190,TRANSFER,1,0
PAYSIM-3193191,CASH_OUT,1,0
PAYSIM-3193192,TRANSFER,1,0
PAYSIM-3193193,CASH_OUT,1,0
PAYSIM-3193194,TRANSFER,1,0
PAYSIM-3193195,CASH_OUT,1,0
PAYSIM-3193196,TRANSFER,1,0
PAYSIM-3193197,CASH_OUT,1,0
PAYSIM-3193198,TRANSFER,1,0
PAYSIM-3193199,CASH_OUT,1,0
PAYSIM-3193200,TRANSFER,1,0
PAYSIM-3193201,CASH_OUT,1,0
PAYSIM-3193202,TRANSFER,1,0
PAYSIM-3193203,CASH_OUT,1,0
PAYSIM-3193204,TRANSFER,1,0
PAYSIM-3193205,CASH_OUT,1,0
PAYSIM-3193206,TRANSFER,1,0
PAYSIM-3193207,CASH_OUT,1,0
PAYSIM-3193208,TRANSFER,1,0
PAYSIM-3193209,CASH_OUT,1,0
PAYSIM-3193210,TRANSFER,1,0
PAYSIM-3193211,CASH_OUT,1,0
PAYSIM-3193212,TRANSFER,1,0
PAYSIM-3193213,CASH_OUT,1,0
PAYSIM-3193214,TRANSFER,1,0
PAYSIM-3193215,CASH_OUT,1,0
PAYSIM-3193216,TRANSFER,1,0
PAYSIM-3193217,CASH_OUT,1,0
PAYSIM-3193218,TRANSFER,1,0
PAYSIM-3193219,CASH_OUT,1,0
PAYSIM-3193220,TRANSFER,1,0
PAYSIM-3193221,CASH_OUT,1,0
PAYSIM-3193222,TRANSFER,1,0
PAYSIM-3193223,CASH_OUT,1,0
PAYSIM-3193224,TRANSFER,1,0
PAYSIM-3193225,CASH_OUT,1,0
PAYSIM-3193226,TRANSFER,1,0
PAYSIM-3193227,CASH_OUT,1,0
PAYSIM-3193228,TRANSFER,1,0
PAYSIM-3193229,CASH_OUT,1,0
PAYSIM-3196086,TRANSFER,1,0
PAYSIM-3196087,CASH_OUT,1,0
PAYSIM-3196166,TRANSFER,1,0
PAYSIM-3196167,CASH_OUT,1,0
PAYSIM-3198627,TRANSFER,1,0
PAYSIM-3198628,CASH_OUT,1,0
PAYSIM-3199996,TRANSFER,1,0
PAYSIM-3199997,CASH_OUT,1,0
PAYSIM-3204450,TRANSFER,1,0
PAYSIM-3204451,CASH_OUT,1,0
PAYSIM-3204611,TRANSFER,1,0
PAYSIM-3204612,CASH_OUT,1,0
PAYSIM-3208445,TRANSFER,1,0
PAYSIM-3208446,CASH_OUT,1,0
PAYSIM-3208638,TRANSFER,1,0
PAYSIM-3208639,CASH_OUT,1,0
PAYSIM-3209460,TRANSFER,1,0
PAYSIM-3209461,CASH_OUT,1,0
PAYSIM-3211991,TRANSFER,1,0
PAYSIM-3211992,CASH_OUT,1,0
PAYSIM-3212804,TRANSFER,1,0
PAYSIM-3212805,CASH_OUT,1,0
PAYSIM-3213723,TRANSFER,1,0
PAYSIM-3213724,CASH_OUT,1,0
PAYSIM-3214345,TRANSFER,1,0
PAYSIM-3214346,CASH_OUT,1,0
PAYSIM-3214347,TRANSFER,1,0
PAYSIM-3214348,CASH_OUT,1,0
PAYSIM-3216461,TRANSFER,1,0
PAYSIM-3216462,CASH_OUT,1,0
PAYSIM-3220578,TRANSFER,1,0
PAYSIM-3220579,CASH_OUT,1,0
PAYSIM-3221120,TRANSFER,1,0
PAYSIM-3221121,CASH_OUT,1,0
PAYSIM-3222408,TRANSFER,1,0
PAYSIM-3222409,CASH_OUT,1,0
PAYSIM-3228963,TRANSFER,1,0
PAYSIM-3228964,CASH_OUT,1,0
PAYSIM-3230306,TRANSFER,1,0
PAYSIM-3230307,CASH_OUT,1,0
PAYSIM-3245558,TRANSFER,1,0
PAYSIM-3245559,CASH_OUT,1,0
PAYSIM-3247292,TRANSFER,1,0
PAYSIM-3247293,CASH_OUT,1,0
PAYSIM-3247294,TRANSFER,1,0
PAYSIM-3247295,CASH_OUT,1,0
PAYSIM-3247296,TRANSFER,1,0
PAYSIM-3247297,CASH_OUT,1,0
PAYSIM-3247298,TRANSFER,1,1
PAYSIM-3251863,TRANSFER,1,0
PAYSIM-3251864,CASH_OUT,1,0
PAYSIM-3257999,TRANSFER,1,0
PAYSIM-3258000,CASH_OUT,1,0
PAYSIM-3267055,TRANSFER,1,0
PAYSIM-3267056,CASH_OUT,1,0
PAYSIM-3271321,TRANSFER,1,0
PAYSIM-3271322,CASH_OUT,1,0
PAYSIM-3273908,TRANSFER,1,0
PAYSIM-3273909,CASH_OUT,1,0
PAYSIM-3288939,TRANSFER,1,0
PAYSIM-3288940,CASH_OUT,1,0
PAYSIM-3320847,TRANSFER,1,0
PAYSIM-3320848,CASH_OUT,1,0
PAYSIM-3328119,TRANSFER,1,0
PAYSIM-3328120,CASH_OUT,1,0
PAYSIM-3339186,TRANSFER,1,0
PAYSIM-3339187,CASH_OUT,1,0
PAYSIM-3340742,TRANSFER,1,0
PAYSIM-3340743,CASH_OUT,1,0
PAYSIM-3343334,TRANSFER,1,0
PAYSIM-3343335,CASH_OUT,1,0
PAYSIM-3361766,TRANSFER,1,0
PAYSIM-3361767,CASH_OUT,1,0
PAYSIM-3362344,TRANSFER,1,0
PAYSIM-3362345,CASH_OUT,1,0
PAYSIM-3363957,TRANSFER,1,0
PAYSIM-3363958,CASH_OUT,1,0
PAYSIM-3369093,TRANSFER,1,0
PAYSIM-3369094,CASH_OUT,1,0
PAYSIM-3371353,TRANSFER,1,0
PAYSIM-3371354,CASH_OUT,1,0
PAYSIM-3392091,TRANSFER,1,0
PAYSIM-3392092,CASH_OUT,1,0
PAYSIM-3399627,TRANSFER,1,0
PAYSIM-3399628,CASH_OUT,1,0
PAYSIM-3408531,TRANSFER,1,0
PAYSIM-3408532,CASH_OUT,1,0
PAYSIM-3409623,TRANSFER,1,0
PAYSIM-3409624,CASH_OUT,1,0
PAYSIM-3419452,TRANSFER,1,0
PAYSIM-3419453,CASH_OUT,1,0
PAYSIM-3423411,TRANSFER,1,0
PAYSIM-3423412,CASH_OUT,1,0
PAYSIM-3427946,TRANSFER,1,0
PAYSIM-3427947,CASH_OUT,1,0
PAYSIM-3434400,TRANSFER,1,0
PAYSIM-3434401,CASH_OUT,1,0
PAYSIM-3452293,TRANSFER,1,0
PAYSIM-3452294,CASH_OUT,1,0
PAYSIM-3453368,TRANSFER,1,0
PAYSIM-3453369,CASH_OUT,1,0
PAYSIM-3453734,TRANSFER,1,0
PAYSIM-3453735,CASH_OUT,1,0
PAYSIM-3467002,TRANSFER,1,0
PAYSIM-3467003,CASH_OUT,1,0
PAYSIM-3486421,TRANSFER,1,0
PAYSIM-3486422,CASH_OUT,1,0
PAYSIM-3489833,TRANSFER,1,0
PAYSIM-3489834,CASH_OUT,1,0
PAYSIM-3490960,TRANSFER,1,0
PAYSIM-3490961,CASH_OUT,1,0
PAYSIM-3498776,TRANSFER,1,0
PAYSIM-3498777,CASH_OUT,1,0
PAYSIM-3508941,TRANSFER,1,0
PAYSIM-3508942,CASH_OUT,1,0
PAYSIM-3510093,TRANSFER,1,0
PAYSIM-3510094,CASH_OUT,1,0
PAYSIM-3530904,TRANSFER,1,0
PAYSIM-3530905,CASH_OUT,1,0
PAYSIM-3535938,TRANSFER,1,0
PAYSIM-3535939,CASH_OUT,1,0
PAYSIM-3540101,TRANSFER,1,0
PAYSIM-3540102,CASH_OUT,1,0
PAYSIM-3542878,TRANSFER,1,0
PAYSIM-3542879,CASH_OUT,1,0
PAYSIM-3542880,TRANSFER,1,0
PAYSIM-3542881,CASH_OUT,1,0
PAYSIM-3567904,TRANSFER,1,0
PAYSIM-3567905,CASH_OUT,1,0
PAYSIM-3569334,TRANSFER,1,0
PAYSIM-3569335,CASH_OUT,1,0
PAYSIM-3570821,TRANSFER,1,0
PAYSIM-3570822,CASH_OUT,1,0
PAYSIM-3571172,TRANSFER,1,0
PAYSIM-3571173,CASH_OUT,1,0
PAYSIM-3572166,TRANSFER,1,0
PAYSIM-3572167,CASH_OUT,1,0
PAYSIM-3574583,TRANSFER,1,0
PAYSIM-3574584,CASH_OUT,1,0
PAYSIM-3574668,TRANSFER,1,0
PAYSIM-3574669,CASH_OUT,1,0
PAYSIM-3578418,TRANSFER,1,0
PAYSIM-3578419,CASH_OUT,1,0
PAYSIM-3579108,TRANSFER,1,0
PAYSIM-3579109,CASH_OUT,1,0
PAYSIM-3580339,TRANSFER,1,0
PAYSIM-3580340,CASH_OUT,1,0
PAYSIM-3581290,TRANSFER,1,0
PAYSIM-3581291,CASH_OUT,1,0
PAYSIM-3582207,TRANSFER,1,0
PAYSIM-3582208,CASH_OUT,1,0
PAYSIM-3585228,TRANSFER,1,0
PAYSIM-3585229,CASH_OUT,1,0
PAYSIM-3585380,TRANSFER,1,0
PAYSIM-3585381,CASH_OUT,1,0
PAYSIM-3585528,TRANSFER,1,0
PAYSIM-3585529,CASH_OUT,1,0
PAYSIM-3585607,TRANSFER,1,0
PAYSIM-3585608,CASH_OUT,1,0
PAYSIM-3586079,TRANSFER,1,0
PAYSIM-3586080,CASH_OUT,1,0
PAYSIM-3586829,TRANSFER,1,0
PAYSIM-3586830,CASH_OUT,1,0
PAYSIM-3590082,TRANSFER,1,0
PAYSIM-3590083,CASH_OUT,1,0
PAYSIM-3592472,TRANSFER,1,0
PAYSIM-3592473,CASH_OUT,1,0
PAYSIM-3593088,TRANSFER,1,0
PAYSIM-3593089,CASH_OUT,1,0
PAYSIM-3594069,TRANSFER,1,0
PAYSIM-3594070,CASH_OUT,1,0
PAYSIM-3594477,TRANSFER,1,0
PAYSIM-3594478,CASH_OUT,1,0
PAYSIM-3596456,TRANSFER,1,0
PAYSIM-3596457,CASH_OUT,1,0
PAYSIM-3597257,TRANSFER,1,0
PAYSIM-3597258,CASH_OUT,1,0
PAYSIM-3600455,TRANSFER,1,0
PAYSIM-3600456,CASH_OUT,1,0
PAYSIM-3604145,TRANSFER,1,0
PAYSIM-3604146,CASH_OUT,1,0
PAYSIM-3604714,TRANSFER,1,0
PAYSIM-3604715,CASH_OUT,1,0
PAYSIM-3605435,TRANSFER,1,0
PAYSIM-3605436,CASH_OUT,1,0
PAYSIM-3605545,TRANSFER,1,0
PAYSIM-3605546,CASH_OUT,1,0
PAYSIM-3606097,TRANSFER,1,0
PAYSIM-3606098,CASH_OUT,1,0
PAYSIM-3608570,TRANSFER,1,0
PAYSIM-3608571,CASH_OUT,1,0
PAYSIM-3608574,TRANSFER,1,0
PAYSIM-3608575,CASH_OUT,1,0
PAYSIM-3608723,TRANSFER,1,0
PAYSIM-3608724,CASH_OUT,1,0
PAYSIM-3609350,TRANSFER,1,0
PAYSIM-3609351,CASH_OUT,1,0
PAYSIM-3609743,TRANSFER,1,0
PAYSIM-3609744,CASH_OUT,1,0
PAYSIM-3610074,TRANSFER,1,0
PAYSIM-3610075,CASH_OUT,1,0
PAYSIM-3610181,TRANSFER,1,0
PAYSIM-3610182,CASH_OUT,1,0
PAYSIM-3610370,TRANSFER,1,0
PAYSIM-3610371,CASH_OUT,1,0
PAYSIM-3610372,TRANSFER,1,0
PAYSIM-3610373,CASH_OUT,1,0
PAYSIM-3610374,TRANSFER,1,0
PAYSIM-3610375,CASH_OUT,1,0
PAYSIM-3610547,TRANSFER,1,0
PAYSIM-3610548,CASH_OUT,1,0
PAYSIM-3610889,TRANSFER,1,0
PAYSIM-3610890,CASH_OUT,1,0
PAYSIM-3610929,TRANSFER,1,0
PAYSIM-3610930,CASH_OUT,1,0
PAYSIM-3610931,TRANSFER,1,0
PAYSIM-3610932,CASH_OUT,1,0
PAYSIM-3610964,TRANSFER,1,0
PAYSIM-3610965,CASH_OUT,1,0
PAYSIM-3610966,TRANSFER,1,0
PAYSIM-3610967,CASH_OUT,1,0
PAYSIM-3610968,TRANSFER,1,0
PAYSIM-3610969,CASH_OUT,1,0
PAYSIM-3610970,TRANSFER,1,0
PAYSIM-3610971,CASH_OUT,1,0
PAYSIM-3610972,TRANSFER,1,0
PAYSIM-3610973,CASH_OUT,1,0
PAYSIM-3610974,TRANSFER,1,0
PAYSIM-3610975,CASH_OUT,1,0
PAYSIM-3610976,TRANSFER,1,0
PAYSIM-3610977,CASH_OUT,1,0
PAYSIM-3610978,TRANSFER,1,0
PAYSIM-3610979,CASH_OUT,1,0
PAYSIM-3610980,TRANSFER,1,0
PAYSIM-3610981,CASH_OUT,1,0
PAYSIM-3610982,TRANSFER,1,0
PAYSIM-3610983,CASH_OUT,1,0
PAYSIM-3610984,TRANSFER,1,0
PAYSIM-3610985,CASH_OUT,1,0
PAYSIM-3610986,TRANSFER,1,0
PAYSIM-3610987,CASH_OUT,1,0
PAYSIM-3610988,TRANSFER,1,0
PAYSIM-3610989,CASH_OUT,1,0
PAYSIM-3610990,TRANSFER,1,0
PAYSIM-3610991,CASH_OUT,1,0
PAYSIM-3610992,TRANSFER,1,0
PAYSIM-3610993,CASH_OUT,1,0
PAYSIM-3610994,TRANSFER,1,0
PAYSIM-3610995,CASH_OUT,1,0
PAYSIM-3610996,TRANSFER,1,0
PAYSIM-3610997,CASH_OUT,1,0
PAYSIM-3610998,TRANSFER,1,0
PAYSIM-3610999,CASH_OUT,1,0
PAYSIM-3611000,TRANSFER,1,0
PAYSIM-3611001,CASH_OUT,1,0
PAYSIM-3611002,TRANSFER,1,0
PAYSIM-3611003,CASH_OUT,1,0
PAYSIM-3611004,TRANSFER,1,0
PAYSIM-3611005,CASH_OUT,1,0
PAYSIM-3611006,TRANSFER,1,0
PAYSIM-3611007,CASH_OUT,1,0
PAYSIM-3611008,TRANSFER,1,0
PAYSIM-3611009,CASH_OUT,1,0
PAYSIM-3611010,TRANSFER,1,0
PAYSIM-3611011,CASH_OUT,1,0
PAYSIM-3611012,TRANSFER,1,0
PAYSIM-3611013,CASH_OUT,1,0
PAYSIM-3611014,TRANSFER,1,0
PAYSIM-3611015,CASH_OUT,1,0
PAYSIM-3611016,TRANSFER,1,0
PAYSIM-3611017,CASH_OUT,1,0
PAYSIM-3611018,TRANSFER,1,0
PAYSIM-3611019,CASH_OUT,1,0
PAYSIM-3611020,TRANSFER,1,0
PAYSIM-3611021,CASH_OUT,1,0
PAYSIM-3611022,TRANSFER,1,0
PAYSIM-3611023,CASH_OUT,1,0
PAYSIM-3611024,TRANSFER,1,0
PAYSIM-3611025,CASH_OUT,1,0
PAYSIM-3611350,TRANSFER,1,0
PAYSIM-3611351,CASH_OUT,1,0
PAYSIM-3612963,TRANSFER,1,0
PAYSIM-3612964,CASH_OUT,1,0
PAYSIM-3613880,TRANSFER,1,0
PAYSIM-3613881,CASH_OUT,1,0
PAYSIM-3614179,TRANSFER,1,0
PAYSIM-3614180,CASH_OUT,1,0
PAYSIM-3614294,TRANSFER,1,0
PAYSIM-3614295,CASH_OUT,1,0
PAYSIM-3616584,TRANSFER,1,0
PAYSIM-3616585,CASH_OUT,1,0
PAYSIM-3617677,TRANSFER,1,0
PAYSIM-3617678,CASH_OUT,1,0
PAYSIM-3618323,TRANSFER,1,0
PAYSIM-3618324,CASH_OUT,1,0
PAYSIM-3618331,TRANSFER,1,0
PAYSIM-3618332,CASH_OUT,1,0
PAYSIM-3618412,TRANSFER,1,0
PAYSIM-3618413,CASH_OUT,1,0
PAYSIM-3620883,TRANSFER,1,0
PAYSIM-3620884,CASH_OUT,1,0
PAYSIM-3621341,TRANSFER,1,0
PAYSIM-3621342,CASH_OUT,1,0
PAYSIM-3624430,TRANSFER,1,0
PAYSIM-3624431,CASH_OUT,1,0
PAYSIM-3626200,TRANSFER,1,0
PAYSIM-3626201,CASH_OUT,1,0
PAYSIM-3626260,TRANSFER,1,0
PAYSIM-3626261,CASH_OUT,1,0
PAYSIM-3627210,TRANSFER,1,0
PAYSIM-3627211,CASH_OUT,1,0
PAYSIM-3628555,TRANSFER,1,0
PAYSIM-3628556,CASH_OUT,1,0
PAYSIM-3628711,TRANSFER,1,0
PAYSIM-3628712,CASH_OUT,1,0
PAYSIM-3630052,TRANSFER,1,0
PAYSIM-3630053,CASH_OUT,1,0
PAYSIM-3635893,TRANSFER,1,0
PAYSIM-3635894,CASH_OUT,1,0
PAYSIM-3638349,TRANSFER,1,0
PAYSIM-3638350,CASH_OUT,1,0
PAYSIM-3645682,TRANSFER,1,0
PAYSIM-3645683,CASH_OUT,1,0
PAYSIM-3657135,TRANSFER,1,0
PAYSIM-3657136,CASH_OUT,1,0
PAYSIM-3657625,TRANSFER,1,0
PAYSIM-3657626,CASH_OUT,1,0
PAYSIM-3658949,TRANSFER,1,0
PAYSIM-3658950,CASH_OUT,1,0
PAYSIM-3669000,TRANSFER,1,0
PAYSIM-3669001,CASH_OUT,1,0
PAYSIM-3670120,TRANSFER,1,0
PAYSIM-3670121,CASH_OUT,1,0
PAYSIM-3670250,TRANSFER,1,0
PAYSIM-3670251,CASH_OUT,1,0
PAYSIM-3679309,TRANSFER,1,0
PAYSIM-3679310,CASH_OUT,1,0
PAYSIM-3681231,TRANSFER,1,0
PAYSIM-3681232,CASH_OUT,1,0
PAYSIM-3692710,TRANSFER,1,0
PAYSIM-3692711,CASH_OUT,1,0
PAYSIM-3693502,TRANSFER,1,0
PAYSIM-3693503,CASH_OUT,1,0
PAYSIM-3697322,TRANSFER,1,0
PAYSIM-3697323,CASH_OUT,1,0
PAYSIM-3697537,TRANSFER,1,0
PAYSIM-3697538,CASH_OUT,1,0
PAYSIM-3701935,TRANSFER,1,0
PAYSIM-3701936,CASH_OUT,1,0
PAYSIM-3703861,TRANSFER,1,0
PAYSIM-3703862,CASH_OUT,1,0
PAYSIM-3710873,TRANSFER,1,0
PAYSIM-3710874,CASH_OUT,1,0
PAYSIM-3717512,TRANSFER,1,0
PAYSIM-3717513,CASH_OUT,1,0
PAYSIM-3739782,TRANSFER,1,0
PAYSIM-3739783,CASH_OUT,1,0
PAYSIM-3741798,TRANSFER,1,0
PAYSIM-3741799,CASH_OUT,1,0
PAYSIM-3743971,TRANSFER,1,0
PAYSIM-3743972,CASH_OUT,1,0
PAYSIM-3746470,TRANSFER,1,0
PAYSIM-3746471,CASH_OUT,1,0
PAYSIM-3749433,TRANSFER,1,0
PAYSIM-3749434,CASH_OUT,1,0
PAYSIM-3749912,TRANSFER,1,0
PAYSIM-3749913,CASH_OUT,1,0
PAYSIM-3756943,TRANSFER,1,0
PAYSIM-3756944,CASH_OUT,1,0
PAYSIM-3760283,TRANSFER,1,0
PAYSIM-3760284,CASH_OUT,1,0
PAYSIM-3760285,TRANSFER,1,0
PAYSIM-3760286,CASH_OUT,1,0
PAYSIM-3760287,TRANSFER,1,0
PAYSIM-3760288,CASH_OUT,1,0
PAYSIM-3760289,TRANSFER,1,1
PAYSIM-3766299,TRANSFER,1,0
PAYSIM-3766300,CASH_OUT,1,0
PAYSIM-3781979,TRANSFER,1,0
PAYSIM-3781980,CASH_OUT,1,0
PAYSIM-3784790,TRANSFER,1,0
PAYSIM-3784791,CASH_OUT,1,0
PAYSIM-3794518,TRANSFER,1,0
PAYSIM-3794519,CASH_OUT,1,0
PAYSIM-3796797,TRANSFER,1,0
PAYSIM-3796798,CASH_OUT,1,0
PAYSIM-3803143,TRANSFER,1,0
PAYSIM-3803144,CASH_OUT,1,0
PAYSIM-3806272,TRANSFER,1,0
PAYSIM-3806273,CASH_OUT,1,0
PAYSIM-3811338,TRANSFER,1,0
PAYSIM-3811339,CASH_OUT,1,0
PAYSIM-3814235,TRANSFER,1,0
PAYSIM-3814236,CASH_OUT,1,0
PAYSIM-3814752,TRANSFER,1,0
PAYSIM-3814753,CASH_OUT,1,0
PAYSIM-3819977,TRANSFER,1,0
PAYSIM-3819978,CASH_OUT,1,0
PAYSIM-3820535,TRANSFER,1,0
PAYSIM-3820536,CASH_OUT,1,0
PAYSIM-3821479,TRANSFER,1,0
PAYSIM-3821480,CASH_OUT,1,0
PAYSIM-3826721,TRANSFER,1,0
PAYSIM-3826722,CASH_OUT,1,0
PAYSIM-3828477,TRANSFER,1,0
PAYSIM-3828478,CASH_OUT,1,0
PAYSIM-3830012,TRANSFER,1,0
PAYSIM-3830013,CASH_OUT,1,0
PAYSIM-3838927,TRANSFER,1,0
PAYSIM-3838928,CASH_OUT,1,0
PAYSIM-3843520,TRANSFER,1,0
PAYSIM-3843521,CASH_OUT,1,0
PAYSIM-3844874,TRANSFER,1,0
PAYSIM-3844875,CASH_OUT,1,0
PAYSIM-3848222,TRANSFER,1,0
PAYSIM-3848223,CASH_OUT,1,0
PAYSIM-3849813,TRANSFER,1,0
PAYSIM-3849814,CASH_OUT,1,0
PAYSIM-3855278,TRANSFER,1,0
PAYSIM-3855279,CASH_OUT,1,0
PAYSIM-3868586,TRANSFER,1,0
PAYSIM-3868587,CASH_OUT,1,0
PAYSIM-3869816,TRANSFER,1,0
PAYSIM-3869817,CASH_OUT,1,0
PAYSIM-3875999,TRANSFER,1,0
PAYSIM-3876000,CASH_OUT,1,0
PAYSIM-3896067,TRANSFER,1,0
PAYSIM-3896068,CASH_OUT,1,0
PAYSIM-3897885,TRANSFER,1,0
PAYSIM-3897886,CASH_OUT,1,0
PAYSIM-3900642,TRANSFER,1,0
PAYSIM-3900643,CASH_OUT,1,0
PAYSIM-3905471,TRANSFER,1,0
PAYSIM-3905472,CASH_OUT,1,0
PAYSIM-3905597,TRANSFER,1,0
PAYSIM-3905598,CASH_OUT,1,0
PAYSIM-3913781,TRANSFER,1,0
PAYSIM-3913782,CASH_OUT,1,0
PAYSIM-3913874,TRANSFER,1,0
PAYSIM-3913875,CASH_OUT,1,0
PAYSIM-3916155,TRANSFER,1,0
PAYSIM-3916156,CASH_OUT,1,0
PAYSIM-3922754,TRANSFER,1,0
PAYSIM-3922755,CASH_OUT,1,0
PAYSIM-3924882,TRANSFER,1,0
PAYSIM-3924883,CASH_OUT,1,0
PAYSIM-3925696,TRANSFER,1,0
PAYSIM-3925697,CASH_OUT,1,0
PAYSIM-3928327,TRANSFER,1,0
PAYSIM-3928328,CASH_OUT,1,0
PAYSIM-3929213,TRANSFER,1,0
PAYSIM-3929214,CASH_OUT,1,0
PAYSIM-3933604,TRANSFER,1,0
PAYSIM-3933605,CASH_OUT,1,0
PAYSIM-3933727,TRANSFER,1,0
PAYSIM-3933728,CASH_OUT,1,0
PAYSIM-3935966,TRANSFER,1,0
PAYSIM-3935967,CASH_OUT,1,0
PAYSIM-3938456,TRANSFER,1,0
PAYSIM-3938457,CASH_OUT,1,0
PAYSIM-3939555,TRANSFER,1,0
PAYSIM-3939556,CASH_OUT,1,0
PAYSIM-3944626,TRANSFER,1,0
PAYSIM-3944627,CASH_OUT,1,0
PAYSIM-3947219,TRANSFER,1,0
PAYSIM-3947220,CASH_OUT,1,0
PAYSIM-3948137,TRANSFER,1,0
PAYSIM-3948138,CASH_OUT,1,0
PAYSIM-3948420,TRANSFER,1,0
PAYSIM-3948421,CASH_OUT,1,0
PAYSIM-3950449,TRANSFER,1,0
PAYSIM-3950450,CASH_OUT,1,0
PAYSIM-3951754,TRANSFER,1,0
PAYSIM-3951755,CASH_OUT,1,0
PAYSIM-3953154,TRANSFER,1,0
PAYSIM-3953155,CASH_OUT,1,0
PAYSIM-3954419,TRANSFER,1,0
PAYSIM-3954420,CASH_OUT,1,0
PAYSIM-3955019,TRANSFER,1,0
PAYSIM-3955020,CASH_OUT,1,0
PAYSIM-3956315,TRANSFER,1,0
PAYSIM-3956316,CASH_OUT,1,0
PAYSIM-3956497,TRANSFER,1,0
PAYSIM-3956498,CASH_OUT,1,0
PAYSIM-3956890,TRANSFER,1,0
PAYSIM-3956891,CASH_OUT,1,0
PAYSIM-3958539,TRANSFER,1,0
PAYSIM-3958540,CASH_OUT,1,0
PAYSIM-3958615,TRANSFER,1,0
PAYSIM-3958616,CASH_OUT,1,0
PAYSIM-3958623,TRANSFER,1,0
PAYSIM-3958624,CASH_OUT,1,0
PAYSIM-3958902,TRANSFER,1,0
PAYSIM-3958903,CASH_OUT,1,0
PAYSIM-3959649,TRANSFER,1,0
PAYSIM-3959650,CASH_OUT,1,0
PAYSIM-3959664,TRANSFER,1,0
PAYSIM-3959665,CASH_OUT,1,0
PAYSIM-3959756,TRANSFER,1,0
PAYSIM-3959757,CASH_OUT,1,0
PAYSIM-3959931,TRANSFER,1,0
PAYSIM-3959932,CASH_OUT,1,0
PAYSIM-3960076,TRANSFER,1,0
PAYSIM-3960077,CASH_OUT,1,0
PAYSIM-3960123,TRANSFER,1,0
PAYSIM-3960124,CASH_OUT,1,0
PAYSIM-3960241,TRANSFER,1,0
PAYSIM-3960242,CASH_OUT,1,0
PAYSIM-3960255,TRANSFER,1,0
PAYSIM-3960256,CASH_OUT,1,0
PAYSIM-3960261,TRANSFER,1,0
PAYSIM-3960262,CASH_OUT,1,0
PAYSIM-3960265,TRANSFER,1,0
PAYSIM-3960266,CASH_OUT,1,0
PAYSIM-3960282,TRANSFER,1,0
PAYSIM-3960283,CASH_OUT,1,0
PAYSIM-3960285,TRANSFER,1,0
PAYSIM-3960286,CASH_OUT,1,0
PAYSIM-3960287,TRANSFER,1,0
PAYSIM-3960288,CASH_OUT,1,0
PAYSIM-3960289,TRANSFER,1,0
PAYSIM-3960290,CASH_OUT,1,0
PAYSIM-3960291,TRANSFER,1,0
PAYSIM-3960292,CASH_OUT,1,0
PAYSIM-3960293,TRANSFER,1,0
PAYSIM-3960294,CASH_OUT,1,0
PAYSIM-3960295,TRANSFER,1,0
PAYSIM-3960296,CASH_OUT,1,0
PAYSIM-3960297,TRANSFER,1,0
PAYSIM-3960298,CASH_OUT,1,0
PAYSIM-3960299,TRANSFER,1,0
PAYSIM-3960300,CASH_OUT,1,0
PAYSIM-3960301,TRANSFER,1,0
PAYSIM-3960302,CASH_OUT,1,0
PAYSIM-3960303,TRANSFER,1,0
PAYSIM-3960304,CASH_OUT,1,0
PAYSIM-3960305,TRANSFER,1,0
PAYSIM-3960306,CASH_OUT,1,0
PAYSIM-3960307,TRANSFER,1,0
PAYSIM-3960308,CASH_OUT,1,0
PAYSIM-3960309,TRANSFER,1,0
PAYSIM-3960310,CASH_OUT,1,0
PAYSIM-3960311,TRANSFER,1,0
PAYSIM-3960312,CASH_OUT,1,0
PAYSIM-3960313,TRANSFER,1,0
PAYSIM-3960314,CASH_OUT,1,0
PAYSIM-3960315,TRANSFER,1,0
PAYSIM-3960316,CASH_OUT,1,0
PAYSIM-3960317,TRANSFER,1,0
PAYSIM-3960318,CASH_OUT,1,0
PAYSIM-3960319,TRANSFER,1,0
PAYSIM-3960320,CASH_OUT,1,0
PAYSIM-3960321,TRANSFER,1,0
PAYSIM-3960322,CASH_OUT,1,0
PAYSIM-3960323,TRANSFER,1,0
PAYSIM-3960324,CASH_OUT,1,0
PAYSIM-3960325,TRANSFER,1,0
PAYSIM-3960326,CASH_OUT,1,0
PAYSIM-3960327,TRANSFER,1,0
PAYSIM-3960328,CASH_OUT,1,0
PAYSIM-3960329,TRANSFER,1,0
PAYSIM-3960330,CASH_OUT,1,0
PAYSIM-3960331,TRANSFER,1,0
PAYSIM-3960332,CASH_OUT,1,0
PAYSIM-3960333,TRANSFER,1,0
PAYSIM-3960334,CASH_OUT,1,0
PAYSIM-3960335,TRANSFER,1,0
PAYSIM-3960336,CASH_OUT,1,0
PAYSIM-3960337,TRANSFER,1,0
PAYSIM-3960338,CASH_OUT,1,0
PAYSIM-3960339,TRANSFER,1,0
PAYSIM-3960340,CASH_OUT,1,0
PAYSIM-3960341,TRANSFER,1,0
PAYSIM-3960342,CASH_OUT,1,0
PAYSIM-3960343,TRANSFER,1,0
PAYSIM-3960344,CASH_OUT,1,0
PAYSIM-3960345,TRANSFER,1,0
PAYSIM-3960346,CASH_OUT,1,0
PAYSIM-3962418,TRANSFER,1,0
PAYSIM-3962419,CASH_OUT,1,0
PAYSIM-3963757,TRANSFER,1,0
PAYSIM-3963758,CASH_OUT,1,0
PAYSIM-3971567,TRANSFER,1,0
PAYSIM-3971568,CASH_OUT,1,0
PAYSIM-3980909,TRANSFER,1,0
PAYSIM-3980910,CASH_OUT,1,0
PAYSIM-3997341,TRANSFER,1,0
PAYSIM-3997342,CASH_OUT,1,0
PAYSIM-4007168,TRANSFER,1,0
PAYSIM-4007169,CASH_OUT,1,0
PAYSIM-4011126,TRANSFER,1,0
PAYSIM-4011127,CASH_OUT,1,0
PAYSIM-4012373,TRANSFER,1,0
PAYSIM-4012374,CASH_OUT,1,0
PAYSIM-4014001,TRANSFER,1,0
PAYSIM-4014002,CASH_OUT,1,0
PAYSIM-4021679,TRANSFER,1,0
PAYSIM-4021680,CASH_OUT,1,0
PAYSIM-4023010,TRANSFER,1,0
PAYSIM-4023011,CASH_OUT,1,0
PAYSIM-4046302,TRANSFER,1,0
PAYSIM-4046303,CASH_OUT,1,0
PAYSIM-4058811,TRANSFER,1,0
PAYSIM-4058812,CASH_OUT,1,0
PAYSIM-4070345,TRANSFER,1,0
PAYSIM-4070346,CASH_OUT,1,0
PAYSIM-4070442,TRANSFER,1,0
PAYSIM-4070443,CASH_OUT,1,0
PAYSIM-4095402,TRANSFER,1,0
PAYSIM-4095403,CASH_OUT,1,0
PAYSIM-4098188,TRANSFER,1,0
PAYSIM-4098189,CASH_OUT,1,0
PAYSIM-4104662,TRANSFER,1,0
PAYSIM-4104663,CASH_OUT,1,0
PAYSIM-4105315,TRANSFER,1,0
PAYSIM-4105316,CASH_OUT,1,0
PAYSIM-4105589,TRANSFER,1,0
PAYSIM-4105590,CASH_OUT,1,0
PAYSIM-4129417,TRANSFER,1,0
PAYSIM-4129418,CASH_OUT,1,0
PAYSIM-4139271,TRANSFER,1,0
PAYSIM-4139272,CASH_OUT,1,0
PAYSIM-4141170,TRANSFER,1,0
PAYSIM-4141171,CASH_OUT,1,0
PAYSIM-4142545,TRANSFER,1,0
PAYSIM-4142546,CASH_OUT,1,0
PAYSIM-4149484,TRANSFER,1,0
PAYSIM-4149485,CASH_OUT,1,0
PAYSIM-4154971,TRANSFER,1,0
PAYSIM-4154972,CASH_OUT,1,0
PAYSIM-4154973,TRANSFER,1,0
PAYSIM-4154974,CASH_OUT,1,0
PAYSIM-4154975,TRANSFER,1,0
PAYSIM-4154976,CASH_OUT,1,0
PAYSIM-4182991,TRANSFER,1,0
PAYSIM-4182992,CASH_OUT,1,0
PAYSIM-4196844,TRANSFER,1,0
PAYSIM-4196845,CASH_OUT,1,0
PAYSIM-4199653,TRANSFER,1,0
PAYSIM-4199654,CASH_OUT,1,0
PAYSIM-4202744,TRANSFER,1,0
PAYSIM-4202745,CASH_OUT,1,0
PAYSIM-4202746,TRANSFER,1,0
PAYSIM-4202747,CASH_OUT,1,0
PAYSIM-4204422,TRANSFER,1,0
PAYSIM-4204423,CASH_OUT,1,0
PAYSIM-4214417,TRANSFER,1,0
PAYSIM-4214418,CASH_OUT,1,0
PAYSIM-4217367,TRANSFER,1,0
PAYSIM-4217368,CASH_OUT,1,0
PAYSIM-4239379,TRANSFER,1,0
PAYSIM-4239380,CASH_OUT,1,0
PAYSIM-4240013,TRANSFER,1,0
PAYSIM-4240014,CASH_OUT,1,0
PAYSIM-4243261,TRANSFER,1,0
PAYSIM-4243262,CASH_OUT,1,0
PAYSIM-4243263,TRANSFER,1,0
PAYSIM-4243264,CASH_OUT,1,0
PAYSIM-4244063,TRANSFER,1,0
PAYSIM-4244064,CASH_OUT,1,0
PAYSIM-4244887,TRANSFER,1,0
PAYSIM-4244888,CASH_OUT,1,0
PAYSIM-4263780,TRANSFER,1,0
PAYSIM-4263781,CASH_OUT,1,0
PAYSIM-4266002,TRANSFER,1,0
PAYSIM-4266003,CASH_OUT,1,0
PAYSIM-4268784,TRANSFER,1,0
PAYSIM-4268785,CASH_OUT,1,0
PAYSIM-4269572,TRANSFER,1,0
PAYSIM-4269573,CASH_OUT,1,0
PAYSIM-4271853,TRANSFER,1,0
PAYSIM-4271854,CASH_OUT,1,0
PAYSIM-4275172,TRANSFER,1,0
PAYSIM-4275173,CASH_OUT,1,0
PAYSIM-4279006,TRANSFER,1,0
PAYSIM-4279007,CASH_OUT,1,0
PAYSIM-4297547,TRANSFER,1,0
PAYSIM-4297548,CASH_OUT,1,0
PAYSIM-4315436,TRANSFER,1,0
PAYSIM-4315437,CASH_OUT,1,0
PAYSIM-4341939,TRANSFER,1,0
PAYSIM-4341940,CASH_OUT,1,0
PAYSIM-4345749,TRANSFER,1,0
PAYSIM-4345750,CASH_OUT,1,0
PAYSIM-4347502,TRANSFER,1,0
PAYSIM-4347503,CASH_OUT,1,0
PAYSIM-4348413,TRANSFER,1,0
PAYSIM-4348414,CASH_OUT,1,0
PAYSIM-4356880,TRANSFER,1,0
PAYSIM-4356881,CASH_OUT,1,0
PAYSIM-4359316,TRANSFER,1,0
PAYSIM-4359317,CASH_OUT,1,0
PAYSIM-4364281,TRANSFER,1,0
PAYSIM-4364282,CASH_OUT,1,0
PAYSIM-4368370,TRANSFER,1,0
PAYSIM-4368371,CASH_OUT,1,0
PAYSIM-4370777,TRANSFER,1,0
PAYSIM-4370778,CASH_OUT,1,0
PAYSIM-4372140,TRANSFER,1,0
PAYSIM-4372141,CASH_OUT,1,0
PAYSIM-4372947,TRANSFER,1,0
PAYSIM-4372948,CASH_OUT,1,0
PAYSIM-4374082,TRANSFER,1,0
PAYSIM-4374083,CASH_OUT,1,0
PAYSIM-4374261,TRANSFER,1,0
PAYSIM-4374262,CASH_OUT,1,0
PAYSIM-4374714,TRANSFER,1,0
PAYSIM-4374715,CASH_OUT,1,0
PAYSIM-4376578,TRANSFER,1,0
PAYSIM-4376579,CASH_OUT,1,0
PAYSIM-4377227,TRANSFER,1,0
PAYSIM-4377228,CASH_OUT,1,0
PAYSIM-4377767,TRANSFER,1,0
PAYSIM-4377768,CASH_OUT,1,0
PAYSIM-4378297,TRANSFER,1,0
PAYSIM-4378298,CASH_OUT,1,0
PAYSIM-4379520,TRANSFER,1,0
PAYSIM-4379521,CASH_OUT,1,0
PAYSIM-4384188,TRANSFER,1,0
PAYSIM-4384189,CASH_OUT,1,0
PAYSIM-4384225,TRANSFER,1,0
PAYSIM-4384226,CASH_OUT,1,0
PAYSIM-4384505,TRANSFER,1,0
PAYSIM-4384506,CASH_OUT,1,0
PAYSIM-4384507,TRANSFER,1,0
PAYSIM-4384508,CASH_OUT,1,0
PAYSIM-4386646,TRANSFER,1,0
PAYSIM-4386647,CASH_OUT,1,0
PAYSIM-4387153,TRANSFER,1,0
PAYSIM-4387154,CASH_OUT,1,0
PAYSIM-4387662,TRANSFER,1,0
PAYSIM-4387663,CASH_OUT,1,0
PAYSIM-4387723,TRANSFER,1,0
PAYSIM-4387724,CASH_OUT,1,0
PAYSIM-4387979,TRANSFER,1,0
PAYSIM-4387980,CASH_OUT,1,0
PAYSIM-4388136,TRANSFER,1,0
PAYSIM-4388137,CASH_OUT,1,0
PAYSIM-4388540,TRANSFER,1,0
PAYSIM-4388541,CASH_OUT,1,0
PAYSIM-4388543,TRANSFER,1,0
PAYSIM-4388544,CASH_OUT,1,0
PAYSIM-4388551,TRANSFER,1,0
PAYSIM-4388552,CASH_OUT,1,0
PAYSIM-4388717,TRANSFER,1,0
PAYSIM-4388718,CASH_OUT,1,0
PAYSIM-4388719,TRANSFER,1,0
PAYSIM-4388720,CASH_OUT,1,0
PAYSIM-4388721,TRANSFER,1,0
PAYSIM-4388722,CASH_OUT,1,0
PAYSIM-4388723,TRANSFER,1,0
PAYSIM-4388724,CASH_OUT,1,0
PAYSIM-4388725,TRANSFER,1,0
PAYSIM-4388726,CASH_OUT,1,0
PAYSIM-4388727,TRANSFER,1,0
PAYSIM-4388728,CASH_OUT,1,0
PAYSIM-4388729,TRANSFER,1,0
PAYSIM-4388730,CASH_OUT,1,0
PAYSIM-4388731,TRANSFER,1,0
PAYSIM-4388732,CASH_OUT,1,0
PAYSIM-4388733,TRANSFER,1,0
PAYSIM-4388734,CASH_OUT,1,0
PAYSIM-4388735,TRANSFER,1,0
PAYSIM-4388736,CASH_OUT,1,0
PAYSIM-4388737,TRANSFER,1,0
PAYSIM-4388738,CASH_OUT,1,0
PAYSIM-4388739,TRANSFER,1,0
PAYSIM-4388740,CASH_OUT,1,0
PAYSIM-4388741,TRANSFER,1,0
PAYSIM-4388742,CASH_OUT,1,0
PAYSIM-4388743,TRANSFER,1,0
PAYSIM-4388744,CASH_OUT,1,0
PAYSIM-4388745,TRANSFER,1,0
PAYSIM-4388746,CASH_OUT,1,0
PAYSIM-4388747,TRANSFER,1,0
PAYSIM-4388748,CASH_OUT,1,0
PAYSIM-4388749,TRANSFER,1,0
PAYSIM-4388750,CASH_OUT,1,0
PAYSIM-4388751,TRANSFER,1,0
PAYSIM-4388752,CASH_OUT,1,0
PAYSIM-4388753,TRANSFER,1,0
PAYSIM-4388754,CASH_OUT,1,0
PAYSIM-4388755,TRANSFER,1,0
PAYSIM-4388756,CASH_OUT,1,0
PAYSIM-4388757,TRANSFER,1,0
PAYSIM-4388758,CASH_OUT,1,0
PAYSIM-4388759,TRANSFER,1,0
PAYSIM-4388760,CASH_OUT,1,0
PAYSIM-4388761,TRANSFER,1,0
PAYSIM-4388762,CASH_OUT,1,0
PAYSIM-4388763,TRANSFER,1,0
PAYSIM-4388764,CASH_OUT,1,0
PAYSIM-4388765,TRANSFER,1,0
PAYSIM-4388766,CASH_OUT,1,0
PAYSIM-4388767,TRANSFER,1,0
PAYSIM-4388768,CASH_OUT,1,0
PAYSIM-4388769,TRANSFER,1,0
PAYSIM-4388770,CASH_OUT,1,0
PAYSIM-4388771,TRANSFER,1,0
PAYSIM-4388772,CASH_OUT,1,0
PAYSIM-4388773,TRANSFER,1,0
PAYSIM-4388774,CASH_OUT,1,0
PAYSIM-4388775,TRANSFER,1,0
PAYSIM-4388776,CASH_OUT,1,0
PAYSIM-4388777,TRANSFER,1,0
PAYSIM-4388778,CASH_OUT,1,0
PAYSIM-4388779,TRANSFER,1,0
PAYSIM-4388780,CASH_OUT,1,0
PAYSIM-4388781,TRANSFER,1,0
PAYSIM-4388782,CASH_OUT,1,0
PAYSIM-4388783,TRANSFER,1,0
PAYSIM-4388784,CASH_OUT,1,0
PAYSIM-4388785,TRANSFER,1,0
PAYSIM-4388786,CASH_OUT,1,0
PAYSIM-4388787,TRANSFER,1,0
PAYSIM-4388788,CASH_OUT,1,0
PAYSIM-4394834,TRANSFER,1,0
PAYSIM-4394835,CASH_OUT,1,0
PAYSIM-4397704,TRANSFER,1,0
PAYSIM-4397705,CASH_OUT,1,0
PAYSIM-4402184,TRANSFER,1,0
PAYSIM-4402185,CASH_OUT,1,0
PAYSIM-4403700,TRANSFER,1,0
PAYSIM-4403701,CASH_OUT,1,0
PAYSIM-4410772,TRANSFER,1,0
PAYSIM-4410773,CASH_OUT,1,0
PAYSIM-4415618,TRANSFER,1,0
PAYSIM-4415619,CASH_OUT,1,0
PAYSIM-4419088,TRANSFER,1,0
PAYSIM-4419089,CASH_OUT,1,0
PAYSIM-4421992,TRANSFER,1,0
PAYSIM-4421993,CASH_OUT,1,0
PAYSIM-4424099,TRANSFER,1,0
PAYSIM-4424100,CASH_OUT,1,0
PAYSIM-4426064,TRANSFER,1,0
PAYSIM-4426065,CASH_OUT,1,0
PAYSIM-4426953,TRANSFER,1,0
PAYSIM-4426954,CASH_OUT,1,0
PAYSIM-4433279,TRANSFER,1,0
PAYSIM-4433280,CASH_OUT,1,0
PAYSIM-4437419,TRANSFER,1,0
PAYSIM-4437420,CASH_OUT,1,0
PAYSIM-4438879,TRANSFER,1,0
PAYSIM-4438880,CASH_OUT,1,0
PAYSIM-4439048,TRANSFER,1,0
PAYSIM-4439049,CASH_OUT,1,0
PAYSIM-4445626,TRANSFER,1,0
PAYSIM-4445627,CASH_OUT,1,0
PAYSIM-4451273,TRANSFER,1,0
PAYSIM-4451274,CASH_OUT,1,0
PAYSIM-4466592,TRANSFER,1,0
PAYSIM-4466593,CASH_OUT,1,0
PAYSIM-4471420,TRANSFER,1,0
PAYSIM-4471421,CASH_OUT,1,0
PAYSIM-4472588,TRANSFER,1,0
PAYSIM-4472589,CASH_OUT,1,0
PAYSIM-4475204,TRANSFER,1,0
PAYSIM-4475205,CASH_OUT,1,0
PAYSIM-4486594,TRANSFER,1,0
PAYSIM-4486595,CASH_OUT,1,0
PAYSIM-4493411,TRANSFER,1,0
PAYSIM-4493412,CASH_OUT,1,0
PAYSIM-4498227,TRANSFER,1,0
PAYSIM-4498228,CASH_OUT,1,0
PAYSIM-4511673,TRANSFER,1,0
PAYSIM-4511674,CASH_OUT,1,0
PAYSIM-4516024,TRANSFER,1,0
PAYSIM-4516025,CASH_OUT,1,0
PAYSIM-4517036,TRANSFER,1,0
PAYSIM-4517037,CASH_OUT,1,0
PAYSIM-4525881,TRANSFER,1,0
PAYSIM-4525882,CASH_OUT,1,0
PAYSIM-4536570,TRANSFER,1,0
PAYSIM-4536571,CASH_OUT,1,0
PAYSIM-4538401,TRANSFER,1,0
PAYSIM-4538402,CASH_OUT,1,0
PAYSIM-4538953,TRANSFER,1,0
PAYSIM-4538954,CASH_OUT,1,0
PAYSIM-4541167,TRANSFER,1,0
PAYSIM-4541168,CASH_OUT,1,0
PAYSIM-4541724,TRANSFER,1,0
PAYSIM-4541725,CASH_OUT,1,0
PAYSIM-4546313,TRANSFER,1,0
PAYSIM-4546314,CASH_OUT,1,0
PAYSIM-4551281,TRANSFER,1,0
PAYSIM-4551282,CASH_OUT,1,0
PAYSIM-4556351,TRANSFER,1,0
PAYSIM-4556352,CASH_OUT,1,0
PAYSIM-4557166,TRANSFER,1,0
PAYSIM-4557167,CASH_OUT,1,0
PAYSIM-4558441,TRANSFER,1,0
PAYSIM-4558442,CASH_OUT,1,0
PAYSIM-4558725,TRANSFER,1,0
PAYSIM-4558726,CASH_OUT,1,0
PAYSIM-4573910,TRANSFER,1,0
PAYSIM-4573911,CASH_OUT,1,0
PAYSIM-4580662,TRANSFER,1,0
PAYSIM-4580663,CASH_OUT,1,0
PAYSIM-4581259,TRANSFER,1,0
PAYSIM-4581260,CASH_OUT,1,0
PAYSIM-4584813,TRANSFER,1,0
PAYSIM-4584814,CASH_OUT,1,0
PAYSIM-4584852,TRANSFER,1,0
PAYSIM-4584853,CASH_OUT,1,0
PAYSIM-4585666,TRANSFER,1,0
PAYSIM-4585667,CASH_OUT,1,0
PAYSIM-4586529,TRANSFER,1,0
PAYSIM-4586530,CASH_OUT,1,0
PAYSIM-4589637,TRANSFER,1,0
PAYSIM-4589638,CASH_OUT,1,0
PAYSIM-4589639,TRANSFER,1,0
PAYSIM-4589640,CASH_OUT,1,0
PAYSIM-4613843,TRANSFER,1,0
PAYSIM-4613844,CASH_OUT,1,0
PAYSIM-4622135,TRANSFER,1,0
PAYSIM-4622136,CASH_OUT,1,0
PAYSIM-4623395,TRANSFER,1,0
PAYSIM-4623396,CASH_OUT,1,0
PAYSIM-4632919,TRANSFER,1,0
PAYSIM-4632920,CASH_OUT,1,0
PAYSIM-4640170,TRANSFER,1,0
PAYSIM-4640171,CASH_OUT,1,0
PAYSIM-4645128,TRANSFER,1,0
PAYSIM-4645129,CASH_OUT,1,0
PAYSIM-4645693,TRANSFER,1,0
PAYSIM-4645694,CASH_OUT,1,0
PAYSIM-4667522,TRANSFER,1,0
PAYSIM-4667523,CASH_OUT,1,0
PAYSIM-4684525,TRANSFER,1,0
PAYSIM-4684526,CASH_OUT,1,0
PAYSIM-4690001,TRANSFER,1,0
PAYSIM-4690002,CASH_OUT,1,0
PAYSIM-4706482,TRANSFER,1,0
PAYSIM-4706483,CASH_OUT,1,0
PAYSIM-4718138,TRANSFER,1,0
PAYSIM-4718139,CASH_OUT,1,0
PAYSIM-4718486,TRANSFER,1,0
PAYSIM-4718487,CASH_OUT,1,0
PAYSIM-4723178,TRANSFER,1,0
PAYSIM-4723179,CASH_OUT,1,0
PAYSIM-4745424,TRANSFER,1,0
PAYSIM-4745425,CASH_OUT,1,0
PAYSIM-4745573,TRANSFER,1,0
PAYSIM-4745574,CASH_OUT,1,0
PAYSIM-4751530,TRANSFER,1,0
PAYSIM-4751531,CASH_OUT,1,0
PAYSIM-4757583,TRANSFER,1,0
PAYSIM-4757584,CASH_OUT,1,0
PAYSIM-4760263,TRANSFER,1,0
PAYSIM-4760264,CASH_OUT,1,0
PAYSIM-4769538,TRANSFER,1,0
PAYSIM-4769539,CASH_OUT,1,0
PAYSIM-4772751,TRANSFER,1,0
PAYSIM-4772752,CASH_OUT,1,0
PAYSIM-4776773,TRANSFER,1,0
PAYSIM-4776774,CASH_OUT,1,0
PAYSIM-4782094,TRANSFER,1,0
PAYSIM-4782095,CASH_OUT,1,0
PAYSIM-4782249,TRANSFER,1,0
PAYSIM-4782250,CASH_OUT,1,0
PAYSIM-4782361,TRANSFER,1,0
PAYSIM-4782362,CASH_OUT,1,0
PAYSIM-4782638,TRANSFER,1,0
PAYSIM-4782639,CASH_OUT,1,0
PAYSIM-4782755,TRANSFER,1,0
PAYSIM-4782756,CASH_OUT,1,0
PAYSIM-4784097,TRANSFER,1,0
PAYSIM-4784098,CASH_OUT,1,0
PAYSIM-4784217,TRANSFER,1,0
PAYSIM-4784218,CASH_OUT,1,0
PAYSIM-4784414,TRANSFER,1,0
PAYSIM-4784415,CASH_OUT,1,0
PAYSIM-4784596,TRANSFER,1,0
PAYSIM-4784597,CASH_OUT,1,0
PAYSIM-4784796,TRANSFER,1,0
PAYSIM-4784797,CASH_OUT,1,0
PAYSIM-4784798,TRANSFER,1,0
PAYSIM-4784799,CASH_OUT,1,0
PAYSIM-4784883,TRANSFER,1,0
PAYSIM-4784884,CASH_OUT,1,0
PAYSIM-4785013,TRANSFER,1,0
PAYSIM-4785014,CASH_OUT,1,0
PAYSIM-4785024,TRANSFER,1,0
PAYSIM-4785025,CASH_OUT,1,0
PAYSIM-4785312,TRANSFER,1,0
PAYSIM-4785313,CASH_OUT,1,0
PAYSIM-4785577,TRANSFER,1,0
PAYSIM-4785578,CASH_OUT,1,0
PAYSIM-4785625,TRANSFER,1,0
PAYSIM-4785626,CASH_OUT,1,0
PAYSIM-4785627,TRANSFER,1,0
PAYSIM-4785628,CASH_OUT,1,0
PAYSIM-4785629,TRANSFER,1,0
PAYSIM-4785630,CASH_OUT,1,0
PAYSIM-4785631,TRANSFER,1,0
PAYSIM-4785632,CASH_OUT,1,0
PAYSIM-4785633,TRANSFER,1,0
PAYSIM-4785634,CASH_OUT,1,0
PAYSIM-4785635,TRANSFER,1,0
PAYSIM-4785636,CASH_OUT,1,0
PAYSIM-4785637,TRANSFER,1,0
PAYSIM-4785638,CASH_OUT,1,0
PAYSIM-4785639,TRANSFER,1,0
PAYSIM-4785640,CASH_OUT,1,0
PAYSIM-4785641,TRANSFER,1,0
PAYSIM-4785642,CASH_OUT,1,0
PAYSIM-4785643,TRANSFER,1,0
PAYSIM-4785644,CASH_OUT,1,0
PAYSIM-4785645,TRANSFER,1,0
PAYSIM-4785646,CASH_OUT,1,0
PAYSIM-4785647,TRANSFER,1,0
PAYSIM-4785648,CASH_OUT,1,0
PAYSIM-4785649,TRANSFER,1,0
PAYSIM-4785650,CASH_OUT,1,0
PAYSIM-4785651,TRANSFER,1,0
PAYSIM-4785652,CASH_OUT,1,0
PAYSIM-4785653,TRANSFER,1,0
PAYSIM-4785654,CASH_OUT,1,0
PAYSIM-4785655,TRANSFER,1,0
PAYSIM-4785656,CASH_OUT,1,0
PAYSIM-4785657,TRANSFER,1,0
PAYSIM-4785658,CASH_OUT,1,0
PAYSIM-4785659,TRANSFER,1,0
PAYSIM-4785660,CASH_OUT,1,0
PAYSIM-4785661,TRANSFER,1,0
PAYSIM-4785662,CASH_OUT,1,0
PAYSIM-4785663,TRANSFER,1,0
PAYSIM-4785664,CASH_OUT,1,0
PAYSIM-4785665,TRANSFER,1,0
PAYSIM-4785666,CASH_OUT,1,0
PAYSIM-4785667,TRANSFER,1,0
PAYSIM-4785668,CASH_OUT,1,0
PAYSIM-4785669,TRANSFER,1,0
PAYSIM-4785670,CASH_OUT,1,0
PAYSIM-4785671,TRANSFER,1,0
PAYSIM-4785672,CASH_OUT,1,0
PAYSIM-4785673,TRANSFER,1,0
PAYSIM-4785674,CASH_OUT,1,0
PAYSIM-4785675,TRANSFER,1,0
PAYSIM-4785676,CASH_OUT,1,0
PAYSIM-4785677,TRANSFER,1,0
PAYSIM-4785678,CASH_OUT,1,0
PAYSIM-4785679,TRANSFER,1,0
PAYSIM-4785680,CASH_OUT,1,0
PAYSIM-4785681,TRANSFER,1,0
PAYSIM-4785682,CASH_OUT,1,0
PAYSIM-4785683,TRANSFER,1,0
PAYSIM-4785684,CASH_OUT,1,0
PAYSIM-4785685,TRANSFER,1,0
PAYSIM-4785686,CASH_OUT,1,0
PAYSIM-4785769,TRANSFER,1,0
PAYSIM-4785770,CASH_OUT,1,0
PAYSIM-4786529,TRANSFER,1,0
PAYSIM-4786530,CASH_OUT,1,0
PAYSIM-4786795,TRANSFER,1,0
PAYSIM-4786796,CASH_OUT,1,0
PAYSIM-4793604,TRANSFER,1,0
PAYSIM-4793605,CASH_OUT,1,0
PAYSIM-4796624,TRANSFER,1,0
PAYSIM-4796625,CASH_OUT,1,0
PAYSIM-4798738,TRANSFER,1,0
PAYSIM-4798739,CASH_OUT,1,0
PAYSIM-4814658,TRANSFER,1,0
PAYSIM-4814659,CASH_OUT,1,0
PAYSIM-4823480,TRANSFER,1,0
PAYSIM-4823481,CASH_OUT,1,0
PAYSIM-4824970,TRANSFER,1,0
PAYSIM-4824971,CASH_OUT,1,0
PAYSIM-4863914,TRANSFER,1,0
PAYSIM-4863915,CASH_OUT,1,0
PAYSIM-4870588,TRANSFER,1,0
PAYSIM-4870589,CASH_OUT,1,0
PAYSIM-4875893,TRANSFER,1,0
PAYSIM-4875894,CASH_OUT,1,0
PAYSIM-4881850,TRANSFER,1,0
PAYSIM-4881851,CASH_OUT,1,0
PAYSIM-4887392,TRANSFER,1,0
PAYSIM-4887393,CASH_OUT,1,0
PAYSIM-4889286,TRANSFER,1,0
PAYSIM-4889287,CASH_OUT,1,0
PAYSIM-4892274,TRANSFER,1,0
PAYSIM-4892275,CASH_OUT,1,0
PAYSIM-4894990,TRANSFER,1,0
PAYSIM-4894991,CASH_OUT,1,0
PAYSIM-4895069,TRANSFER,1,0
PAYSIM-4895070,CASH_OUT,1,0
PAYSIM-4902606,TRANSFER,1,0
PAYSIM-4902607,CASH_OUT,1,0
PAYSIM-4912416,TRANSFER,1,0
PAYSIM-4912417,CASH_OUT,1,0
PAYSIM-4913825,TRANSFER,1,0
PAYSIM-4913826,CASH_OUT,1,0
PAYSIM-4915600,TRANSFER,1,0
PAYSIM-4915601,CASH_OUT,1,0
PAYSIM-4917300,TRANSFER,1,0
PAYSIM-4917301,CASH_OUT,1,0
PAYSIM-4919897,TRANSFER,1,0
PAYSIM-4919898,CASH_OUT,1,0
PAYSIM-4922502,TRANSFER,1,0
PAYSIM-4922503,CASH_OUT,1,0
PAYSIM-4929505,TRANSFER,1,0
PAYSIM-4929506,CASH_OUT,1,0
PAYSIM-4930983,TRANSFER,1,0
PAYSIM-4930984,CASH_OUT,1,0
PAYSIM-4932995,TRANSFER,1,0
PAYSIM-4932996,CASH_OUT,1,0
PAYSIM-4942015,TRANSFER,1,0
PAYSIM-4942016,CASH_OUT,1,0
PAYSIM-4945979,TRANSFER,1,0
PAYSIM-4945980,CASH_OUT,1,0
PAYSIM-4950858,TRANSFER,1,0
PAYSIM-4950859,CASH_OUT,1,0
PAYSIM-4955046,TRANSFER,1,0
PAYSIM-4955047,CASH_OUT,1,0
PAYSIM-4955476,TRANSFER,1,0
PAYSIM-4955477,CASH_OUT,1,0
PAYSIM-4962036,TRANSFER,1,0
PAYSIM-4962037,CASH_OUT,1,0
PAYSIM-4965642,TRANSFER,1,0
PAYSIM-4965643,CASH_OUT,1,0
PAYSIM-4967552,TRANSFER,1,0
PAYSIM-4967553,CASH_OUT,1,0
PAYSIM-4967647,TRANSFER,1,0
PAYSIM-4967648,CASH_OUT,1,0
PAYSIM-4969965,TRANSFER,1,0
PAYSIM-4969966,CASH_OUT,1,0
PAYSIM-4971582,TRANSFER,1,0
PAYSIM-4971583,CASH_OUT,1,0
PAYSIM-4972553,TRANSFER,1,0
PAYSIM-4972554,CASH_OUT,1,0
PAYSIM-4976268,TRANSFER,1,0
PAYSIM-4976269,CASH_OUT,1,0
PAYSIM-4981589,TRANSFER,1,0
PAYSIM-4981590,CASH_OUT,1,0
PAYSIM-4983782,TRANSFER,1,0
PAYSIM-4983783,CASH_OUT,1,0
PAYSIM-4991602,TRANSFER,1,0
PAYSIM-4991603,CASH_OUT,1,0
PAYSIM-4995884,TRANSFER,1,0
PAYSIM-4995885,CASH_OUT,1,0
PAYSIM-4995954,TRANSFER,1,0
PAYSIM-4995955,CASH_OUT,1,0
PAYSIM-5001612,TRANSFER,1,0
PAYSIM-5001613,CASH_OUT,1,0
PAYSIM-5010003,TRANSFER,1,0
PAYSIM-5010004,CASH_OUT,1,0
PAYSIM-5012385,TRANSFER,1,0
PAYSIM-5012386,CASH_OUT,1,0
PAYSIM-5025311,TRANSFER,1,0
PAYSIM-5025312,CASH_OUT,1,0
PAYSIM-5033183,TRANSFER,1,0
PAYSIM-5033184,CASH_OUT,1,0
PAYSIM-5033185,TRANSFER,1,0
PAYSIM-5033186,CASH_OUT,1,0
PAYSIM-5039841,TRANSFER,1,0
PAYSIM-5039842,CASH_OUT,1,0
PAYSIM-5040726,TRANSFER,1,0
PAYSIM-5040727,CASH_OUT,1,0
PAYSIM-5045174,TRANSFER,1,0
PAYSIM-5045175,CASH_OUT,1,0
PAYSIM-5065626,TRANSFER,1,0
PAYSIM-5065627,CASH_OUT,1,0
PAYSIM-5072055,TRANSFER,1,0
PAYSIM-5072056,CASH_OUT,1,0
PAYSIM-5080120,TRANSFER,1,0
PAYSIM-5080121,CASH_OUT,1,0
PAYSIM-5099867,TRANSFER,1,0
PAYSIM-5099868,CASH_OUT,1,0
PAYSIM-5112230,TRANSFER,1,0
PAYSIM-5112231,CASH_OUT,1,0
PAYSIM-5115795,TRANSFER,1,0
PAYSIM-5115796,CASH_OUT,1,0
PAYSIM-5128585,TRANSFER,1,0
PAYSIM-5128586,CASH_OUT,1,0
PAYSIM-5133543,TRANSFER,1,0
PAYSIM-5133544,CASH_OUT,1,0
PAYSIM-5149974,TRANSFER,1,0
PAYSIM-5149975,CASH_OUT,1,0
PAYSIM-5153503,TRANSFER,1,0
PAYSIM-5153504,CASH_OUT,1,0
PAYSIM-5153896,TRANSFER,1,0
PAYSIM-5153897,CASH_OUT,1,0
PAYSIM-5155110,TRANSFER,1,0
PAYSIM-5155111,CASH_OUT,1,0
PAYSIM-5155923,TRANSFER,1,0
PAYSIM-5155924,CASH_OUT,1,0
PAYSIM-5157486,TRANSFER,1,0
PAYSIM-5157487,CASH_OUT,1,0
PAYSIM-5159632,TRANSFER,1,0
PAYSIM-5159633,CASH_OUT,1,0
PAYSIM-5159634,TRANSFER,1,0
PAYSIM-5159635,CASH_OUT,1,0
PAYSIM-5160996,TRANSFER,1,0
PAYSIM-5160997,CASH_OUT,1,0
PAYSIM-5162649,TRANSFER,1,0
PAYSIM-5162650,CASH_OUT,1,0
PAYSIM-5166091,TRANSFER,1,0
PAYSIM-5166092,CASH_OUT,1,0
PAYSIM-5170865,TRANSFER,1,0
PAYSIM-5170866,CASH_OUT,1,0
PAYSIM-5171586,TRANSFER,1,0
PAYSIM-5171587,CASH_OUT,1,0
PAYSIM-5174445,TRANSFER,1,0
PAYSIM-5174446,CASH_OUT,1,0
PAYSIM-5175413,TRANSFER,1,0
PAYSIM-5175414,CASH_OUT,1,0
PAYSIM-5176096,TRANSFER,1,0
PAYSIM-5176097,CASH_OUT,1,0
PAYSIM-5178429,TRANSFER,1,0
PAYSIM-5178430,CASH_OUT,1,0
PAYSIM-5179012,TRANSFER,1,0
PAYSIM-5179013,CASH_OUT,1,0
PAYSIM-5179014,TRANSFER,1,0
PAYSIM-5179015,CASH_OUT,1,0
PAYSIM-5179872,TRANSFER,1,0
PAYSIM-5179873,CASH_OUT,1,0
PAYSIM-5183267,TRANSFER,1,0
PAYSIM-5183268,CASH_OUT,1,0
PAYSIM-5183488,TRANSFER,1,0
PAYSIM-5183489,CASH_OUT,1,0
PAYSIM-5184152,TRANSFER,1,0
PAYSIM-5184153,CASH_OUT,1,0
PAYSIM-5184652,TRANSFER,1,0
PAYSIM-5184653,CASH_OUT,1,0
PAYSIM-5186064,TRANSFER,1,0
PAYSIM-5186065,CASH_OUT,1,0
PAYSIM-5186080,TRANSFER,1,0
PAYSIM-5186081,CASH_OUT,1,0
PAYSIM-5186345,TRANSFER,1,0
PAYSIM-5186346,CASH_OUT,1,0
PAYSIM-5186528,TRANSFER,1,0
PAYSIM-5186529,CASH_OUT,1,0
PAYSIM-5186920,TRANSFER,1,0
PAYSIM-5186921,CASH_OUT,1,0
PAYSIM-5186929,TRANSFER,1,0
PAYSIM-5186930,CASH_OUT,1,0
PAYSIM-5187123,TRANSFER,1,0
PAYSIM-5187124,CASH_OUT,1,0
PAYSIM-5187582,TRANSFER,1,0
PAYSIM-5187583,CASH_OUT,1,0
PAYSIM-5187761,TRANSFER,1,0
PAYSIM-5187762,CASH_OUT,1,0
PAYSIM-5187770,TRANSFER,1,0
PAYSIM-5187771,CASH_OUT,1,0
PAYSIM-5187784,TRANSFER,1,0
PAYSIM-5187785,CASH_OUT,1,0
PAYSIM-5187789,TRANSFER,1,0
PAYSIM-5187790,CASH_OUT,1,0
PAYSIM-5187804,TRANSFER,1,0
PAYSIM-5187805,CASH_OUT,1,0
PAYSIM-5187810,TRANSFER,1,0
PAYSIM-5187811,CASH_OUT,1,0
PAYSIM-5187819,TRANSFER,1,0
PAYSIM-5187820,CASH_OUT,1,0
PAYSIM-5187821,TRANSFER,1,0
PAYSIM-5187822,CASH_OUT,1,0
PAYSIM-5187987,TRANSFER,1,0
PAYSIM-5187988,CASH_OUT,1,0
PAYSIM-5188003,TRANSFER,1,0
PAYSIM-5188004,CASH_OUT,1,0
PAYSIM-5188005,TRANSFER,1,0
PAYSIM-5188006,CASH_OUT,1,0
PAYSIM-5188007,TRANSFER,1,0
PAYSIM-5188008,CASH_OUT,1,0
PAYSIM-5188009,TRANSFER,1,0
PAYSIM-5188010,CASH_OUT,1,0
PAYSIM-5188011,TRANSFER,1,0
PAYSIM-5188012,CASH_OUT,1,0
PAYSIM-5188013,TRANSFER,1,0
PAYSIM-5188014,CASH_OUT,1,0
PAYSIM-5188015,TRANSFER,1,0
PAYSIM-5188016,CASH_OUT,1,0
PAYSIM-5188017,TRANSFER,1,0
PAYSIM-5188018,CASH_OUT,1,0
PAYSIM-5188019,TRANSFER,1,0
PAYSIM-5188020,CASH_OUT,1,0
PAYSIM-5188021,TRANSFER,1,0
PAYSIM-5188022,CASH_OUT,1,0
PAYSIM-5188023,TRANSFER,1,0
PAYSIM-5188024,CASH_OUT,1,0
PAYSIM-5188025,TRANSFER,1,0
PAYSIM-5188026,CASH_OUT,1,0
PAYSIM-5188027,TRANSFER,1,0
PAYSIM-5188028,CASH_OUT,1,0
PAYSIM-5188029,TRANSFER,1,0
PAYSIM-5188030,CASH_OUT,1,0
PAYSIM-5188031,TRANSFER,1,0
PAYSIM-5188032,CASH_OUT,1,0
PAYSIM-5188033,TRANSFER,1,0
PAYSIM-5188034,CASH_OUT,1,0
PAYSIM-5188035,TRANSFER,1,0
PAYSIM-5188036,CASH_OUT,1,0
PAYSIM-5188037,TRANSFER,1,0
PAYSIM-5188038,CASH_OUT,1,0
PAYSIM-5188039,TRANSFER,1,0
PAYSIM-5188040,CASH_OUT,1,0
PAYSIM-5188041,TRANSFER,1,0
PAYSIM-5188042,CASH_OUT,1,0
PAYSIM-5188043,TRANSFER,1,0
PAYSIM-5188044,CASH_OUT,1,0
PAYSIM-5188045,TRANSFER,1,0
PAYSIM-5188046,CASH_OUT,1,0
PAYSIM-5188047,TRANSFER,1,0
PAYSIM-5188048,CASH_OUT,1,0
PAYSIM-5188049,TRANSFER,1,0
PAYSIM-5188050,CASH_OUT,1,0
PAYSIM-5188051,TRANSFER,1,0
PAYSIM-5188052,CASH_OUT,1,0
PAYSIM-5188053,TRANSFER,1,0
PAYSIM-5188054,CASH_OUT,1,0
PAYSIM-5188055,TRANSFER,1,0
PAYSIM-5188056,CASH_OUT,1,0
PAYSIM-5188057,TRANSFER,1,0
PAYSIM-5188058,CASH_OUT,1,0
PAYSIM-5188059,TRANSFER,1,0
PAYSIM-5188060,CASH_OUT,1,0
PAYSIM-5188061,TRANSFER,1,0
PAYSIM-5188062,CASH_OUT,1,0
PAYSIM-5188063,TRANSFER,1,0
PAYSIM-5188064,CASH_OUT,1,0
PAYSIM-5188065,TRANSFER,1,0
PAYSIM-5188066,CASH_OUT,1,0
PAYSIM-5194286,TRANSFER,1,0
PAYSIM-5194287,CASH_OUT,1,0
PAYSIM-5194301,TRANSFER,1,0
PAYSIM-5194302,CASH_OUT,1,0
PAYSIM-5196360,TRANSFER,1,0
PAYSIM-5196361,CASH_OUT,1,0
PAYSIM-5212334,TRANSFER,1,0
PAYSIM-5212335,CASH_OUT,1,0
PAYSIM-5212803,TRANSFER,1,0
PAYSIM-5212804,CASH_OUT,1,0
PAYSIM-5214794,TRANSFER,1,0
PAYSIM-5214795,CASH_OUT,1,0
PAYSIM-5215433,TRANSFER,1,0
PAYSIM-5215434,CASH_OUT,1,0
PAYSIM-5217380,TRANSFER,1,0
PAYSIM-5217381,CASH_OUT,1,0
PAYSIM-5220940,TRANSFER,1,0
PAYSIM-5220941,CASH_OUT,1,0
PAYSIM-5221151,TRANSFER,1,0
PAYSIM-5221152,CASH_OUT,1,0
PAYSIM-5221153,TRANSFER,1,0
PAYSIM-5221154,CASH_OUT,1,0
PAYSIM-5222594,TRANSFER,1,0
PAYSIM-5222595,CASH_OUT,1,0
PAYSIM-5242914,TRANSFER,1,0
PAYSIM-5242915,CASH_OUT,1,0
PAYSIM-5248385,TRANSFER,1,0
PAYSIM-5248386,CASH_OUT,1,0
PAYSIM-5253581,TRANSFER,1,0
PAYSIM-5253582,CASH_OUT,1,0
PAYSIM-5257406,TRANSFER,1,0
PAYSIM-5257407,CASH_OUT,1,0
PAYSIM-5272962,TRANSFER,1,0
PAYSIM-5272963,CASH_OUT,1,0
PAYSIM-5275608,TRANSFER,1,0
PAYSIM-5275609,CASH_OUT,1,0
PAYSIM-5281869,TRANSFER,1,0
PAYSIM-5281870,CASH_OUT,1,0
PAYSIM-5287516,TRANSFER,1,0
PAYSIM-5287517,CASH_OUT,1,0
PAYSIM-5293162,TRANSFER,1,0
PAYSIM-5293163,CASH_OUT,1,0
PAYSIM-5294507,TRANSFER,1,0
PAYSIM-5294508,CASH_OUT,1,0
PAYSIM-5301177,TRANSFER,1,0
PAYSIM-5301178,CASH_OUT,1,0
PAYSIM-5312723,TRANSFER,1,0
PAYSIM-5312724,CASH_OUT,1,0
PAYSIM-5312890,TRANSFER,1,0
PAYSIM-5312891,CASH_OUT,1,0
PAYSIM-5322217,TRANSFER,1,0
PAYSIM-5322218,CASH_OUT,1,0
PAYSIM-5323782,TRANSFER,1,0
PAYSIM-5323783,CASH_OUT,1,0
PAYSIM-5324384,TRANSFER,1,0
PAYSIM-5324385,CASH_OUT,1,0
PAYSIM-5328689,TRANSFER,1,0
PAYSIM-5328690,CASH_OUT,1,0
PAYSIM-5330682,TRANSFER,1,0
PAYSIM-5330683,CASH_OUT,1,0
PAYSIM-5335533,TRANSFER,1,0
PAYSIM-5335534,CASH_OUT,1,0
PAYSIM-5338221,TRANSFER,1,0
PAYSIM-5338222,CASH_OUT,1,0
PAYSIM-5349898,TRANSFER,1,0
PAYSIM-5349899,CASH_OUT,1,0
PAYSIM-5351056,TRANSFER,1,0
PAYSIM-5351057,CASH_OUT,1,0
PAYSIM-5355335,TRANSFER,1,0
PAYSIM-5355336,CASH_OUT,1,0
PAYSIM-5359753,TRANSFER,1,0
PAYSIM-5359754,CASH_OUT,1,0
PAYSIM-5362426,TRANSFER,1,0
PAYSIM-5362427,CASH_OUT,1,0
PAYSIM-5373730,TRANSFER,1,0
PAYSIM-5373731,CASH_OUT,1,0
PAYSIM-5374710,TRANSFER,1,0
PAYSIM-5374711,CASH_OUT,1,0
PAYSIM-5393914,TRANSFER,1,0
PAYSIM-5393915,CASH_OUT,1,0
PAYSIM-5396750,TRANSFER,1,0
PAYSIM-5396751,CASH_OUT,1,0
PAYSIM-5401277,TRANSFER,1,0
PAYSIM-5401278,CASH_OUT,1,0
PAYSIM-5402153,TRANSFER,1,0
PAYSIM-5402154,CASH_OUT,1,0
PAYSIM-5404172,TRANSFER,1,0
PAYSIM-5404173,CASH_OUT,1,0
PAYSIM-5407592,TRANSFER,1,0
PAYSIM-5407593,CASH_OUT,1,0
PAYSIM-5413431,TRANSFER,1,0
PAYSIM-5413432,CASH_OUT,1,0
PAYSIM-5454842,TRANSFER,1,0
PAYSIM-5454843,CASH_OUT,1,0
PAYSIM-5456353,TRANSFER,1,0
PAYSIM-5456354,CASH_OUT,1,0
PAYSIM-5458343,TRANSFER,1,0
PAYSIM-5458344,CASH_OUT,1,0
PAYSIM-5460820,TRANSFER,1,0
PAYSIM-5460821,CASH_OUT,1,0
PAYSIM-5462543,TRANSFER,1,0
PAYSIM-5462544,CASH_OUT,1,0
PAYSIM-5467197,TRANSFER,1,0
PAYSIM-5467198,CASH_OUT,1,0
PAYSIM-5477542,TRANSFER,1,0
PAYSIM-5477543,CASH_OUT,1,0
PAYSIM-5479344,TRANSFER,1,0
PAYSIM-5479345,CASH_OUT,1,0
PAYSIM-5496479,TRANSFER,1,0
PAYSIM-5496480,CASH_OUT,1,0
PAYSIM-5506815,TRANSFER,1,0
PAYSIM-5506816,CASH_OUT,1,0
PAYSIM-5509072,TRANSFER,1,0
PAYSIM-5509073,CASH_OUT,1,0
PAYSIM-5511892,TRANSFER,1,0
PAYSIM-5511893,CASH_OUT,1,0
PAYSIM-5514351,TRANSFER,1,0
PAYSIM-5514352,CASH_OUT,1,0
PAYSIM-5517872,TRANSFER,1,0
PAYSIM-5517873,CASH_OUT,1,0
PAYSIM-5521575,TRANSFER,1,0
PAYSIM-5521576,CASH_OUT,1,0
PAYSIM-5534424,TRANSFER,1,0
PAYSIM-5534425,CASH_OUT,1,0
PAYSIM-5534505,TRANSFER,1,0
PAYSIM-5534506,CASH_OUT,1,0
PAYSIM-5538565,TRANSFER,1,0
PAYSIM-5538566,CASH_OUT,1,0
PAYSIM-5541848,TRANSFER,1,0
PAYSIM-5541849,CASH_OUT,1,0
PAYSIM-5545406,TRANSFER,1,0
PAYSIM-5545407,CASH_OUT,1,0
PAYSIM-5546413,TRANSFER,1,0
PAYSIM-5546414,CASH_OUT,1,0
PAYSIM-5550828,TRANSFER,1,0
PAYSIM-5550829,CASH_OUT,1,0
PAYSIM-5551044,TRANSFER,1,0
PAYSIM-5551045,CASH_OUT,1,0
PAYSIM-5551653,TRANSFER,1,0
PAYSIM-5551654,CASH_OUT,1,0
PAYSIM-5552699,TRANSFER,1,0
PAYSIM-5552700,CASH_OUT,1,0
PAYSIM-5555047,TRANSFER,1,0
PAYSIM-5555048,CASH_OUT,1,0
PAYSIM-5555665,TRANSFER,1,0
PAYSIM-5555666,CASH_OUT,1,0
PAYSIM-5555690,TRANSFER,1,0
PAYSIM-5555691,CASH_OUT,1,0
PAYSIM-5559704,TRANSFER,1,0
PAYSIM-5559705,CASH_OUT,1,0
PAYSIM-5560660,TRANSFER,1,0
PAYSIM-5560661,CASH_OUT,1,0
PAYSIM-5561599,TRANSFER,1,0
PAYSIM-5561600,CASH_OUT,1,0
PAYSIM-5561949,TRANSFER,1,0
PAYSIM-5561950,CASH_OUT,1,0
PAYSIM-5562383,TRANSFER,1,0
PAYSIM-5562384,CASH_OUT,1,0
PAYSIM-5562493,TRANSFER,1,0
PAYSIM-5562494,CASH_OUT,1,0
PAYSIM-5563021,TRANSFER,1,0
PAYSIM-5563022,CASH_OUT,1,0
PAYSIM-5563076,TRANSFER,1,0
PAYSIM-5563077,CASH_OUT,1,0
PAYSIM-5563207,TRANSFER,1,0
PAYSIM-5563208,CASH_OUT,1,0
PAYSIM-5563375,TRANSFER,1,0
PAYSIM-5563376,CASH_OUT,1,0
PAYSIM-5563378,TRANSFER,1,0
PAYSIM-5563379,CASH_OUT,1,0
PAYSIM-5563496,TRANSFER,1,0
PAYSIM-5563497,CASH_OUT,1,0
PAYSIM-5563506,TRANSFER,1,0
PAYSIM-5563507,CASH_OUT,1,0
PAYSIM-5563508,TRANSFER,1,0
PAYSIM-5563509,CASH_OUT,1,0
PAYSIM-5563510,TRANSFER,1,0
PAYSIM-5563511,CASH_OUT,1,0
PAYSIM-5563704,TRANSFER,1,0
PAYSIM-5563705,CASH_OUT,1,0
PAYSIM-5563706,TRANSFER,1,0
PAYSIM-5563707,CASH_OUT,1,0
PAYSIM-5563708,TRANSFER,1,0
PAYSIM-5563709,CASH_OUT,1,0
PAYSIM-5563710,TRANSFER,1,0
PAYSIM-5563711,CASH_OUT,1,0
PAYSIM-5563712,TRANSFER,1,0
PAYSIM-5563713,CASH_OUT,1,0
PAYSIM-5563714,TRANSFER,1,1
PAYSIM-5563716,TRANSFER,1,0
PAYSIM-5563717,CASH_OUT,1,0
PAYSIM-5563718,TRANSFER,1,0
PAYSIM-5563719,CASH_OUT,1,0
PAYSIM-5563720,TRANSFER,1,0
PAYSIM-5563721,CASH_OUT,1,0
PAYSIM-5563722,TRANSFER,1,0
PAYSIM-5563723,CASH_OUT,1,0
PAYSIM-5563724,TRANSFER,1,0
PAYSIM-5563725,CASH_OUT,1,0
PAYSIM-5563726,TRANSFER,1,0
PAYSIM-5563727,CASH_OUT,1,0
PAYSIM-5563728,TRANSFER,1,0
PAYSIM-5563729,CASH_OUT,1,0
PAYSIM-5563730,TRANSFER,1,0
PAYSIM-5563731,CASH_OUT,1,0
PAYSIM-5563732,TRANSFER,1,0
PAYSIM-5563733,CASH_OUT,1,0
PAYSIM-5563734,TRANSFER,1,0
PAYSIM-5563735,CASH_OUT,1,0
PAYSIM-5563736,TRANSFER,1,0
PAYSIM-5563737,CASH_OUT,1,0
PAYSIM-5563738,TRANSFER,1,0
PAYSIM-5563739,CASH_OUT,1,0
PAYSIM-5563740,TRANSFER,1,0
PAYSIM-5563741,CASH_OUT,1,0
PAYSIM-5563742,TRANSFER,1,0
PAYSIM-5563743,CASH_OUT,1,0
PAYSIM-5563744,TRANSFER,1,0
PAYSIM-5563745,CASH_OUT,1,0
PAYSIM-5563746,TRANSFER,1,0
PAYSIM-5563747,CASH_OUT,1,0
PAYSIM-5563748,TRANSFER,1,0
PAYSIM-5563749,CASH_OUT,1,0
PAYSIM-5563750,TRANSFER,1,0
PAYSIM-5563751,CASH_OUT,1,0
PAYSIM-5563752,TRANSFER,1,0
PAYSIM-5563753,CASH_OUT,1,0
PAYSIM-5563754,TRANSFER,1,0
PAYSIM-5563755,CASH_OUT,1,0
PAYSIM-5563756,TRANSFER,1,0
PAYSIM-5563757,CASH_OUT,1,0
PAYSIM-5563758,TRANSFER,1,0
PAYSIM-5563759,CASH_OUT,1,0
PAYSIM-5563760,TRANSFER,1,0
PAYSIM-5563761,CASH_OUT,1,0
PAYSIM-5563762,TRANSFER,1,0
PAYSIM-5563763,CASH_OUT,1,0
PAYSIM-5563764,TRANSFER,1,0
PAYSIM-5563765,CASH_OUT,1,0
PAYSIM-5563766,TRANSFER,1,0
PAYSIM-5563767,CASH_OUT,1,0
PAYSIM-5563768,TRANSFER,1,0
PAYSIM-5563769,CASH_OUT,1,0
PAYSIM-5563770,TRANSFER,1,0
PAYSIM-5563771,CASH_OUT,1,0
PAYSIM-5563772,TRANSFER,1,0
PAYSIM-5563773,CASH_OUT,1,0
PAYSIM-5563774,TRANSFER,1,0
PAYSIM-5563775,CASH_OUT,1,0
PAYSIM-5563776,TRANSFER,1,0
PAYSIM-5563777,CASH_OUT,1,0
PAYSIM-5563778,TRANSFER,1,0
PAYSIM-5563779,CASH_OUT,1,0
PAYSIM-5563780,TRANSFER,1,0
PAYSIM-5563781,CASH_OUT,1,0
PAYSIM-5563782,TRANSFER,1,0
PAYSIM-5563783,CASH_OUT,1,0
PAYSIM-5563784,TRANSFER,1,0
PAYSIM-5563785,CASH_OUT,1,0
PAYSIM-5563786,TRANSFER,1,0
PAYSIM-5563787,CASH_OUT,1,0
PAYSIM-5563788,TRANSFER,1,0
PAYSIM-5563789,CASH_OUT,1,0
PAYSIM-5563790,TRANSFER,1,0
PAYSIM-5563791,CASH_OUT,1,0
PAYSIM-5563792,TRANSFER,1,0
PAYSIM-5563793,CASH_OUT,1,0
PAYSIM-5570282,TRANSFER,1,0
PAYSIM-5570283,CASH_OUT,1,0
PAYSIM-5580977,TRANSFER,1,0
PAYSIM-5580978,CASH_OUT,1,0
PAYSIM-5586771,TRANSFER,1,0
PAYSIM-5586772,CASH_OUT,1,0
PAYSIM-5593780,TRANSFER,1,0
PAYSIM-5593781,CASH_OUT,1,0
PAYSIM-5597311,TRANSFER,1,0
PAYSIM-5597312,CASH_OUT,1,0
PAYSIM-5600214,TRANSFER,1,0
PAYSIM-5600215,CASH_OUT,1,0
PAYSIM-5606787,TRANSFER,1,0
PAYSIM-5606788,CASH_OUT,1,0
PAYSIM-5616080,TRANSFER,1,0
PAYSIM-5616081,CASH_OUT,1,0
PAYSIM-5616944,TRANSFER,1,0
PAYSIM-5616945,CASH_OUT,1,0
PAYSIM-5627583,TRANSFER,1,0
PAYSIM-5627584,CASH_OUT,1,0
PAYSIM-5628266,TRANSFER,1,0
PAYSIM-5628267,CASH_OUT,1,0
PAYSIM-5648167,TRANSFER,1,0
PAYSIM-5648168,CASH_OUT,1,0
PAYSIM-5660599,TRANSFER,1,0
PAYSIM-5660600,CASH_OUT,1,0
PAYSIM-5662480,TRANSFER,1,0
PAYSIM-5662481,CASH_OUT,1,0
PAYSIM-5664254,TRANSFER,1,0
PAYSIM-5664255,CASH_OUT,1,0
PAYSIM-5671956,TRANSFER,1,0
PAYSIM-5671957,CASH_OUT,1,0
PAYSIM-5675346,TRANSFER,1,0
PAYSIM-5675347,CASH_OUT,1,0
PAYSIM-5679340,TRANSFER,1,0
PAYSIM-5679341,CASH_OUT,1,0
PAYSIM-5683577,TRANSFER,1,0
PAYSIM-5683578,CASH_OUT,1,0
PAYSIM-5691726,TRANSFER,1,0
PAYSIM-5691727,CASH_OUT,1,0
PAYSIM-5699573,TRANSFER,1,0
PAYSIM-5699574,CASH_OUT,1,0
PAYSIM-5700981,TRANSFER,1,0
PAYSIM-5700982,CASH_OUT,1,0
PAYSIM-5704596,TRANSFER,1,0
PAYSIM-5704597,CASH_OUT,1,0
PAYSIM-5704605,TRANSFER,1,0
PAYSIM-5704606,CASH_OUT,1,0
PAYSIM-5716599,TRANSFER,1,0
PAYSIM-5716600,CASH_OUT,1,0
PAYSIM-5720328,TRANSFER,1,0
PAYSIM-5720329,CASH_OUT,1,0
PAYSIM-5724272,TRANSFER,1,0
PAYSIM-5724273,CASH_OUT,1,0
PAYSIM-5724274,TRANSFER,1,0
PAYSIM-5724275,CASH_OUT,1,0
PAYSIM-5724276,TRANSFER,1,0
PAYSIM-5724277,CASH_OUT,1,0
PAYSIM-5724295,TRANSFER,1,0
PAYSIM-5724296,CASH_OUT,1,0
PAYSIM-5724697,TRANSFER,1,0
PAYSIM-5724698,CASH_OUT,1,0
PAYSIM-5724964,TRANSFER,1,0
PAYSIM-5724965,CASH_OUT,1,0
PAYSIM-5725127,TRANSFER,1,0
PAYSIM-5725128,CASH_OUT,1,0
PAYSIM-5727827,TRANSFER,1,0
PAYSIM-5727828,CASH_OUT,1,0
PAYSIM-5728813,TRANSFER,1,0
PAYSIM-5728814,CASH_OUT,1,0
PAYSIM-5733182,TRANSFER,1,0
PAYSIM-5733183,CASH_OUT,1,0
PAYSIM-5737450,TRANSFER,1,0
PAYSIM-5737451,CASH_OUT,1,0
PAYSIM-5737826,TRANSFER,1,0
PAYSIM-5737827,CASH_OUT,1,0
PAYSIM-5743858,TRANSFER,1,0
PAYSIM-5743859,CASH_OUT,1,0
PAYSIM-5759652,TRANSFER,1,0
PAYSIM-5759653,CASH_OUT,1,0
PAYSIM-5762776,TRANSFER,1,0
PAYSIM-5762777,CASH_OUT,1,0
PAYSIM-5769251,TRANSFER,1,0
PAYSIM-5769252,CASH_OUT,1,0
PAYSIM-5770038,TRANSFER,1,0
PAYSIM-5770039,CASH_OUT,1,0
PAYSIM-5773297,TRANSFER,1,0
PAYSIM-5773298,CASH_OUT,1,0
PAYSIM-5776529,TRANSFER,1,0
PAYSIM-5776530,CASH_OUT,1,0
PAYSIM-5782686,TRANSFER,1,0
PAYSIM-5782687,CASH_OUT,1,0
PAYSIM-5786176,TRANSFER,1,0
PAYSIM-5786177,CASH_OUT,1,0
PAYSIM-5791129,TRANSFER,1,0
PAYSIM-5791130,CASH_OUT,1,0
PAYSIM-5791497,TRANSFER,1,0
PAYSIM-5791498,CASH_OUT,1,0
PAYSIM-5791802,TRANSFER,1,0
PAYSIM-5791803,CASH_OUT,1,0
PAYSIM-5792470,TRANSFER,1,0
PAYSIM-5792471,CASH_OUT,1,0
PAYSIM-5799985,TRANSFER,1,0
PAYSIM-5799986,CASH_OUT,1,0
PAYSIM-5801852,TRANSFER,1,0
PAYSIM-5801853,CASH_OUT,1,0
PAYSIM-5810287,TRANSFER,1,0
PAYSIM-5810288,CASH_OUT,1,0
PAYSIM-5819906,TRANSFER,1,0
PAYSIM-5819907,CASH_OUT,1,0
PAYSIM-5823886,TRANSFER,1,0
PAYSIM-5823887,CASH_OUT,1,0
PAYSIM-5834538,TRANSFER,1,0
PAYSIM-5834539,CASH_OUT,1,0
PAYSIM-5840498,TRANSFER,1,0
PAYSIM-5840499,CASH_OUT,1,0
PAYSIM-5841056,TRANSFER,1,0
PAYSIM-5841057,CASH_OUT,1,0
PAYSIM-5844471,TRANSFER,1,0
PAYSIM-5844472,CASH_OUT,1,0
PAYSIM-5847838,TRANSFER,1,0
PAYSIM-5847839,CASH_OUT,1,0
PAYSIM-5866389,TRANSFER,1,0
PAYSIM-5866390,CASH_OUT,1,0
PAYSIM-5866660,TRANSFER,1,0
PAYSIM-5866661,CASH_OUT,1,0
PAYSIM-5868617,TRANSFER,1,0
PAYSIM-5868618,CASH_OUT,1,0
PAYSIM-5871056,TRANSFER,1,0
PAYSIM-5871057,CASH_OUT,1,0
PAYSIM-5875184,TRANSFER,1,0
PAYSIM-5875185,CASH_OUT,1,0
PAYSIM-5891132,TRANSFER,1,0
PAYSIM-5891133,CASH_OUT,1,0
PAYSIM-5893136,TRANSFER,1,0
PAYSIM-5893137,CASH_OUT,1,0
PAYSIM-5895901,TRANSFER,1,0
PAYSIM-5895902,CASH_OUT,1,0
PAYSIM-5911184,TRANSFER,1,0
PAYSIM-5911185,CASH_OUT,1,0
PAYSIM-5914953,TRANSFER,1,0
PAYSIM-5914954,CASH_OUT,1,0
PAYSIM-5914955,TRANSFER,1,0
PAYSIM-5914956,CASH_OUT,1,0
PAYSIM-5922717,TRANSFER,1,0
PAYSIM-5922718,CASH_OUT,1,0
PAYSIM-5926415,TRANSFER,1,0
PAYSIM-5926416,CASH_OUT,1,0
PAYSIM-5929886,TRANSFER,1,0
PAYSIM-5929887,CASH_OUT,1,0
PAYSIM-5934991,TRANSFER,1,0
PAYSIM-5934992,CASH_OUT,1,0
PAYSIM-5937493,TRANSFER,1,0
PAYSIM-5937494,CASH_OUT,1,0
PAYSIM-5940124,TRANSFER,1,0
PAYSIM-5940125,CASH_OUT,1,0
PAYSIM-5946942,TRANSFER,1,0
PAYSIM-5946943,CASH_OUT,1,0
PAYSIM-5956202,TRANSFER,1,0
PAYSIM-5956203,CASH_OUT,1,0
PAYSIM-5956204,TRANSFER,1,0
PAYSIM-5956205,CASH_OUT,1,0
PAYSIM-5956512,TRANSFER,1,0
PAYSIM-5956513,CASH_OUT,1,0
PAYSIM-5958446,TRANSFER,1,0
PAYSIM-5958447,CASH_OUT,1,0
PAYSIM-5961553,TRANSFER,1,0
PAYSIM-5961554,CASH_OUT,1,0
PAYSIM-5962324,TRANSFER,1,0
PAYSIM-5962325,CASH_OUT,1,0
PAYSIM-5962969,TRANSFER,1,0
PAYSIM-5962970,CASH_OUT,1,0
PAYSIM-5964202,TRANSFER,1,0
PAYSIM-5964203,CASH_OUT,1,0
PAYSIM-5964742,TRANSFER,1,0
PAYSIM-5964743,CASH_OUT,1,0
PAYSIM-5967443,TRANSFER,1,0
PAYSIM-5967444,CASH_OUT,1,0
PAYSIM-5967445,TRANSFER,1,0
PAYSIM-5967446,CASH_OUT,1,0
PAYSIM-5967458,TRANSFER,1,0
PAYSIM-5967459,CASH_OUT,1,0
PAYSIM-5967471,TRANSFER,1,0
PAYSIM-5967472,CASH_OUT,1,0
PAYSIM-5967514,TRANSFER,1,0
PAYSIM-5967515,CASH_OUT,1,0
PAYSIM-5967605,TRANSFER,1,0
PAYSIM-5967606,CASH_OUT,1,0
PAYSIM-5970974,TRANSFER,1,0
PAYSIM-5970975,CASH_OUT,1,0
PAYSIM-5975516,TRANSFER,1,0
PAYSIM-5975517,CASH_OUT,1,0
PAYSIM-5976564,TRANSFER,1,0
PAYSIM-5976565,CASH_OUT,1,0
PAYSIM-5976930,TRANSFER,1,0
PAYSIM-5976931,CASH_OUT,1,0
PAYSIM-5980079,TRANSFER,1,0
PAYSIM-5980080,CASH_OUT,1,0
PAYSIM-5980150,TRANSFER,1,0
PAYSIM-5980151,CASH_OUT,1,0
PAYSIM-5980629,TRANSFER,1,0
PAYSIM-5980630,CASH_OUT,1,0
PAYSIM-5981896,TRANSFER,1,0
PAYSIM-5981897,CASH_OUT,1,0
PAYSIM-5986973,TRANSFER,1,0
PAYSIM-5986974,CASH_OUT,1,0
PAYSIM-5987484,TRANSFER,1,0
PAYSIM-5987485,CASH_OUT,1,0
PAYSIM-5987526,TRANSFER,1,0
PAYSIM-5987527,CASH_OUT,1,0
PAYSIM-5987532,TRANSFER,1,0
PAYSIM-5987533,CASH_OUT,1,0
PAYSIM-5987587,TRANSFER,1,0
PAYSIM-5987588,CASH_OUT,1,0
PAYSIM-5987589,TRANSFER,1,0
PAYSIM-5987590,CASH_OUT,1,0
PAYSIM-5987632,TRANSFER,1,0
PAYSIM-5987633,CASH_OUT,1,0
PAYSIM-5987653,TRANSFER,1,0
PAYSIM-5987654,CASH_OUT,1,0
PAYSIM-5987697,TRANSFER,1,0
PAYSIM-5987698,CASH_OUT,1,0
PAYSIM-5987864,TRANSFER,1,0
PAYSIM-5987865,CASH_OUT,1,0
PAYSIM-5987866,TRANSFER,1,0
PAYSIM-5987867,CASH_OUT,1,0
PAYSIM-5987901,TRANSFER,1,0
PAYSIM-5987902,CASH_OUT,1,0
PAYSIM-5987903,TRANSFER,1,0
PAYSIM-5987904,CASH_OUT,1,0
PAYSIM-5987905,TRANSFER,1,0
PAYSIM-5987906,CASH_OUT,1,0
PAYSIM-5987907,TRANSFER,1,0
PAYSIM-5987908,CASH_OUT,1,0
PAYSIM-5987909,TRANSFER,1,0
PAYSIM-5987910,CASH_OUT,1,0
PAYSIM-5987911,TRANSFER,1,0
PAYSIM-5987912,CASH_OUT,1,0
PAYSIM-5987913,TRANSFER,1,0
PAYSIM-5987914,CASH_OUT,1,0
PAYSIM-5987915,TRANSFER,1,0
PAYSIM-5987916,CASH_OUT,1,0
PAYSIM-5987917,TRANSFER,1,0
PAYSIM-5987918,CASH_OUT,1,0
PAYSIM-5987919,TRANSFER,1,0
PAYSIM-5987920,CASH_OUT,1,0
PAYSIM-5987921,TRANSFER,1,0
PAYSIM-5987922,CASH_OUT,1,0
PAYSIM-5987923,TRANSFER,1,0
PAYSIM-5987924,CASH_OUT,1,0
PAYSIM-5987925,TRANSFER,1,0
PAYSIM-5987926,CASH_OUT,1,0
PAYSIM-5987927,TRANSFER,1,0
PAYSIM-5987928,CASH_OUT,1,0
PAYSIM-5987929,TRANSFER,1,0
PAYSIM-5987930,CASH_OUT,1,0
PAYSIM-5987931,TRANSFER,1,0
PAYSIM-5987932,CASH_OUT,1,0
PAYSIM-5987933,TRANSFER,1,0
PAYSIM-5987934,CASH_OUT,1,0
PAYSIM-5987935,TRANSFER,1,0
PAYSIM-5987936,CASH_OUT,1,0
PAYSIM-5987937,TRANSFER,1,0
PAYSIM-5987938,CASH_OUT,1,0
PAYSIM-5987939,TRANSFER,1,0
PAYSIM-5987940,CASH_OUT,1,0
PAYSIM-5987941,TRANSFER,1,0
PAYSIM-5987942,CASH_OUT,1,0
PAYSIM-5987943,TRANSFER,1,0
PAYSIM-5987944,CASH_OUT,1,0
PAYSIM-5987964,TRANSFER,1,0
PAYSIM-5987965,CASH_OUT,1,0
PAYSIM-5987970,TRANSFER,1,0
PAYSIM-5987971,CASH_OUT,1,0
PAYSIM-5987983,TRANSFER,1,0
PAYSIM-5987984,CASH_OUT,1,0
PAYSIM-5988000,TRANSFER,1,0
PAYSIM-5988001,CASH_OUT,1,0
PAYSIM-5988010,TRANSFER,1,0
PAYSIM-5988011,CASH_OUT,1,0
PAYSIM-5988021,TRANSFER,1,0
PAYSIM-5988022,CASH_OUT,1,0
PAYSIM-5988203,TRANSFER,1,0
PAYSIM-5988204,CASH_OUT,1,0
PAYSIM-5988234,TRANSFER,1,0
PAYSIM-5988235,CASH_OUT,1,0
PAYSIM-5988236,TRANSFER,1,0
PAYSIM-5988237,CASH_OUT,1,0
PAYSIM-5988238,TRANSFER,1,0
PAYSIM-5988239,CASH_OUT,1,0
PAYSIM-5988240,TRANSFER,1,0
PAYSIM-5988241,CASH_OUT,1,0
PAYSIM-5988242,TRANSFER,1,0
PAYSIM-5988243,CASH_OUT,1,0
PAYSIM-5988244,TRANSFER,1,0
PAYSIM-5988245,CASH_OUT,1,0
PAYSIM-5988246,TRANSFER,1,0
PAYSIM-5988247,CASH_OUT,1,0
PAYSIM-5988248,TRANSFER,1,0
PAYSIM-5988249,CASH_OUT,1,0
PAYSIM-5988250,TRANSFER,1,0
PAYSIM-5988251,CASH_OUT,1,0
PAYSIM-5988252,TRANSFER,1,0
PAYSIM-5988253,CASH_OUT,1,0
PAYSIM-5988254,TRANSFER,1,0
PAYSIM-5988255,CASH_OUT,1,0
PAYSIM-5988256,TRANSFER,1,0
PAYSIM-5988257,CASH_OUT,1,0
PAYSIM-5988258,TRANSFER,1,0
PAYSIM-5988259,CASH_OUT,1,0
PAYSIM-5988260,TRANSFER,1,0
PAYSIM-5988261,CASH_OUT,1,0
PAYSIM-5988262,TRANSFER,1,0
PAYSIM-5988263,CASH_OUT,1,0
PAYSIM-5988264,TRANSFER,1,0
PAYSIM-5988265,CASH_OUT,1,0
PAYSIM-5989567,TRANSFER,1,0
PAYSIM-5989568,CASH_OUT,1,0
PAYSIM-5989789,TRANSFER,1,0
PAYSIM-5989790,CASH_OUT,1,0
PAYSIM-5990225,TRANSFER,1,0
PAYSIM-5990226,CASH_OUT,1,0
PAYSIM-5990227,TRANSFER,1,0
PAYSIM-5990228,CASH_OUT,1,0
PAYSIM-5990448,TRANSFER,1,0
PAYSIM-5990449,CASH_OUT,1,0
PAYSIM-5990450,TRANSFER,1,0
PAYSIM-5990451,CASH_OUT,1,0
PAYSIM-5990452,TRANSFER,1,0
PAYSIM-5990453,CASH_OUT,1,0
PAYSIM-5990454,TRANSFER,1,0
PAYSIM-5990455,CASH_OUT,1,0
PAYSIM-5990456,TRANSFER,1,0
PAYSIM-5990457,CASH_OUT,1,0
PAYSIM-5990458,TRANSFER,1,0
PAYSIM-5990459,CASH_OUT,1,0
PAYSIM-5990553,TRANSFER,1,0
PAYSIM-5990554,CASH_OUT,1,0
PAYSIM-5990637,TRANSFER,1,0
PAYSIM-5990638,CASH_OUT,1,0
PAYSIM-5990654,TRANSFER,1,0
PAYSIM-5990655,CASH_OUT,1,0
PAYSIM-5991575,TRANSFER,1,0
PAYSIM-5991576,CASH_OUT,1,0
PAYSIM-5991619,TRANSFER,1,0
PAYSIM-5991620,CASH_OUT,1,0
PAYSIM-5993384,TRANSFER,1,0
PAYSIM-5993385,CASH_OUT,1,0
PAYSIM-5993542,TRANSFER,1,0
PAYSIM-5993543,CASH_OUT,1,0
PAYSIM-5993582,TRANSFER,1,0
PAYSIM-5993583,CASH_OUT,1,0
PAYSIM-5993690,TRANSFER,1,0
PAYSIM-5993691,CASH_OUT,1,0
PAYSIM-5994223,TRANSFER,1,0
PAYSIM-5994224,CASH_OUT,1,0
PAYSIM-5994274,TRANSFER,1,0
PAYSIM-5994275,CASH_OUT,1,0
PAYSIM-5994337,TRANSFER,1,0
PAYSIM-5994338,CASH_OUT,1,0
PAYSIM-5994339,TRANSFER,1,0
PAYSIM-5994340,CASH_OUT,1,0
PAYSIM-5994341,TRANSFER,1,0
PAYSIM-5994342,CASH_OUT,1,0
PAYSIM-5994343,TRANSFER,1,0
PAYSIM-5994344,CASH_OUT,1,0
PAYSIM-5994345,TRANSFER,1,0
PAYSIM-5994346,CASH_OUT,1,0
PAYSIM-5994347,TRANSFER,1,0
PAYSIM-5994348,CASH_OUT,1,0
PAYSIM-5994349,TRANSFER,1,0
PAYSIM-5994350,CASH_OUT,1,0
PAYSIM-5994541,TRANSFER,1,0
PAYSIM-5994542,CASH_OUT,1,0
PAYSIM-5994750,TRANSFER,1,0
PAYSIM-5994751,CASH_OUT,1,0
PAYSIM-5995096,TRANSFER,1,0
PAYSIM-5995097,CASH_OUT,1,0
PAYSIM-5995102,TRANSFER,1,0
PAYSIM-5995103,CASH_OUT,1,0
PAYSIM-5995573,TRANSFER,1,0
PAYSIM-5995574,CASH_OUT,1,0
PAYSIM-5995645,TRANSFER,1,0
PAYSIM-5995646,CASH_OUT,1,0
PAYSIM-5996197,TRANSFER,1,0
PAYSIM-5996198,CASH_OUT,1,0
PAYSIM-5996229,TRANSFER,1,0
PAYSIM-5996230,CASH_OUT,1,0
PAYSIM-5996376,TRANSFER,1,0
PAYSIM-5996377,CASH_OUT,1,0
PAYSIM-5996378,TRANSFER,1,0
PAYSIM-5996379,CASH_OUT,1,0
PAYSIM-5996380,TRANSFER,1,0
PAYSIM-5996381,CASH_OUT,1,0
PAYSIM-5996382,TRANSFER,1,0
PAYSIM-5996383,CASH_OUT,1,0
PAYSIM-5996384,TRANSFER,1,0
PAYSIM-5996385,CASH_OUT,1,0
PAYSIM-5996386,TRANSFER,1,0
PAYSIM-5996387,CASH_OUT,1,0
PAYSIM-5996388,TRANSFER,1,0
PAYSIM-5996389,CASH_OUT,1,0
PAYSIM-5996390,TRANSFER,1,0
PAYSIM-5996391,CASH_OUT,1,0
PAYSIM-5996392,TRANSFER,1,0
PAYSIM-5996393,CASH_OUT,1,0
PAYSIM-5996394,TRANSFER,1,0
PAYSIM-5996395,CASH_OUT,1,0
PAYSIM-5996396,TRANSFER,1,0
PAYSIM-5996397,CASH_OUT,1,0
PAYSIM-5996398,TRANSFER,1,0
PAYSIM-5996399,CASH_OUT,1,0
PAYSIM-5996400,TRANSFER,1,0
PAYSIM-5996401,CASH_OUT,1,0
PAYSIM-5996402,TRANSFER,1,0
PAYSIM-5996403,CASH_OUT,1,0
PAYSIM-5996404,TRANSFER,1,0
PAYSIM-5996405,CASH_OUT,1,0
PAYSIM-5996406,TRANSFER,1,0
PAYSIM-5996407,CASH_OUT,1,0
PAYSIM-5996408,TRANSFER,1,1
PAYSIM-5996410,TRANSFER,1,1
PAYSIM-5996412,TRANSFER,1,0
PAYSIM-5996413,CASH_OUT,1,0
PAYSIM-5996414,TRANSFER,1,0
PAYSIM-5996415,CASH_OUT,1,0
PAYSIM-5996416,TRANSFER,1,0
PAYSIM-5996417,CASH_OUT,1,0
PAYSIM-5997445,TRANSFER,1,0
PAYSIM-5997446,CASH_OUT,1,0
PAYSIM-6001557,TRANSFER,1,0
PAYSIM-6001558,CASH_OUT,1,0
PAYSIM-6001559,TRANSFER,1,0
PAYSIM-6001560,CASH_OUT,1,0
PAYSIM-6001561,TRANSFER,1,0
PAYSIM-6001562,CASH_OUT,1,0
PAYSIM-6001563,TRANSFER,1,0
PAYSIM-6001564,CASH_OUT,1,0
PAYSIM-6001565,TRANSFER,1,0
PAYSIM-6001566,CASH_OUT,1,0
PAYSIM-6001567,TRANSFER,1,0
PAYSIM-6001568,CASH_OUT,1,0
PAYSIM-6001569,TRANSFER,1,0
PAYSIM-6001570,CASH_OUT,1,0
PAYSIM-6002113,TRANSFER,1,0
PAYSIM-6002114,CASH_OUT,1,0
PAYSIM-6002931,TRANSFER,1,0
PAYSIM-6002932,CASH_OUT,1,0
PAYSIM-6003574,TRANSFER,1,0
PAYSIM-6003575,CASH_OUT,1,0
PAYSIM-6006151,TRANSFER,1,0
PAYSIM-6006152,CASH_OUT,1,0
PAYSIM-6006493,TRANSFER,1,0
PAYSIM-6006494,CASH_OUT,1,0
PAYSIM-6006720,TRANSFER,1,0
PAYSIM-6006721,CASH_OUT,1,0
PAYSIM-6006722,TRANSFER,1,0
PAYSIM-6006723,CASH_OUT,1,0
PAYSIM-6006724,TRANSFER,1,0
PAYSIM-6006725,CASH_OUT,1,0
PAYSIM-6006726,TRANSFER,1,0
PAYSIM-6006727,CASH_OUT,1,0
PAYSIM-6007570,TRANSFER,1,0
PAYSIM-6007571,CASH_OUT,1,0
PAYSIM-6007597,TRANSFER,1,0
PAYSIM-6007598,CASH_OUT,1,0
PAYSIM-6008119,TRANSFER,1,0
PAYSIM-6008120,CASH_OUT,1,0
PAYSIM-6008413,TRANSFER,1,0
PAYSIM-6008414,CASH_OUT,1,0
PAYSIM-6008415,TRANSFER,1,0
PAYSIM-6008416,CASH_OUT,1,0
PAYSIM-6008417,TRANSFER,1,0
PAYSIM-6008418,CASH_OUT,1,0
PAYSIM-6008419,TRANSFER,1,0
PAYSIM-6008420,CASH_OUT,1,0
PAYSIM-6008421,TRANSFER,1,0
PAYSIM-6008422,CASH_OUT,1,0
PAYSIM-6008423,TRANSFER,1,0
PAYSIM-6008424,CASH_OUT,1,0
PAYSIM-6008425,TRANSFER,1,0
PAYSIM-6008426,CASH_OUT,1,0
PAYSIM-6008427,TRANSFER,1,0
PAYSIM-6008428,CASH_OUT,1,0
PAYSIM-6008429,TRANSFER,1,0
PAYSIM-6008430,CASH_OUT,1,0
PAYSIM-6008431,TRANSFER,1,0
PAYSIM-6008432,CASH_OUT,1,0
PAYSIM-6008433,TRANSFER,1,0
PAYSIM-6008434,CASH_OUT,1,0
PAYSIM-6008436,TRANSFER,1,0
PAYSIM-6008437,CASH_OUT,1,0
PAYSIM-6008447,TRANSFER,1,0
PAYSIM-6008448,CASH_OUT,1,0
PAYSIM-6008477,TRANSFER,1,0
PAYSIM-6008478,CASH_OUT,1,0
PAYSIM-6008483,TRANSFER,1,0
PAYSIM-6008484,CASH_OUT,1,0
PAYSIM-6008514,TRANSFER,1,0
PAYSIM-6008515,CASH_OUT,1,0
PAYSIM-6008516,TRANSFER,1,0
PAYSIM-6008517,CASH_OUT,1,0
PAYSIM-6008553,TRANSFER,1,0
PAYSIM-6008554,CASH_OUT,1,0
PAYSIM-6008662,TRANSFER,1,0
PAYSIM-6008663,CASH_OUT,1,0
PAYSIM-6008683,TRANSFER,1,0
PAYSIM-6008684,CASH_OUT,1,0
PAYSIM-6008685,TRANSFER,1,0
PAYSIM-6008686,CASH_OUT,1,0
PAYSIM-6008687,TRANSFER,1,0
PAYSIM-6008688,CASH_OUT,1,0
PAYSIM-6008689,TRANSFER,1,0
PAYSIM-6008690,CASH_OUT,1,0
PAYSIM-6008691,TRANSFER,1,0
PAYSIM-6008692,CASH_OUT,1,0
PAYSIM-6008693,TRANSFER,1,0
PAYSIM-6008694,CASH_OUT,1,0
PAYSIM-6008695,TRANSFER,1,0
PAYSIM-6008696,CASH_OUT,1,0
PAYSIM-6008697,TRANSFER,1,0
PAYSIM-6008698,CASH_OUT,1,0
PAYSIM-6008699,TRANSFER,1,0
PAYSIM-6008700,CASH_OUT,1,0
PAYSIM-6008701,TRANSFER,1,0
PAYSIM-6008702,CASH_OUT,1,0
PAYSIM-6008703,TRANSFER,1,0
PAYSIM-6008704,CASH_OUT,1,0
PAYSIM-6008705,TRANSFER,1,0
PAYSIM-6008706,CASH_OUT,1,0
PAYSIM-6008707,TRANSFER,1,0
PAYSIM-6008708,CASH_OUT,1,0
PAYSIM-6008709,TRANSFER,1,0
PAYSIM-6008710,CASH_OUT,1,0
PAYSIM-6008744,TRANSFER,1,0
PAYSIM-6008745,CASH_OUT,1,0
PAYSIM-6008805,TRANSFER,1,0
PAYSIM-6008806,CASH_OUT,1,0
PAYSIM-6009078,TRANSFER,1,0
PAYSIM-6009079,CASH_OUT,1,0
PAYSIM-6009347,TRANSFER,1,0
PAYSIM-6009348,CASH_OUT,1,0
PAYSIM-6009372,TRANSFER,1,0
PAYSIM-6009373,CASH_OUT,1,0
PAYSIM-6009394,TRANSFER,1,0
PAYSIM-6009395,CASH_OUT,1,0
PAYSIM-6009594,TRANSFER,1,0
PAYSIM-6009595,CASH_OUT,1,0
PAYSIM-6009596,TRANSFER,1,0
PAYSIM-6009597,CASH_OUT,1,0
PAYSIM-6009598,TRANSFER,1,0
PAYSIM-6009599,CASH_OUT,1,0
PAYSIM-6009600,TRANSFER,1,0
PAYSIM-6009601,CASH_OUT,1,0
PAYSIM-6009602,TRANSFER,1,0
PAYSIM-6009603,CASH_OUT,1,0
PAYSIM-6009604,TRANSFER,1,0
PAYSIM-6009605,CASH_OUT,1,0
PAYSIM-6009606,TRANSFER,1,0
PAYSIM-6009607,CASH_OUT,1,0
PAYSIM-6009608,TRANSFER,1,0
PAYSIM-6009609,CASH_OUT,1,0
PAYSIM-6009610,TRANSFER,1,0
PAYSIM-6009611,CASH_OUT,1,0
PAYSIM-6009612,TRANSFER,1,0
PAYSIM-6009613,CASH_OUT,1,0
PAYSIM-6009614,TRANSFER,1,0
PAYSIM-6009615,CASH_OUT,1,0
PAYSIM-6009616,TRANSFER,1,0
PAYSIM-6009617,CASH_OUT,1,0
PAYSIM-6009618,TRANSFER,1,0
PAYSIM-6009619,CASH_OUT,1,0
PAYSIM-6009620,TRANSFER,1,0
PAYSIM-6009621,CASH_OUT,1,0
PAYSIM-6009722,TRANSFER,1,0
PAYSIM-6009723,CASH_OUT,1,0
PAYSIM-6009748,TRANSFER,1,0
PAYSIM-6009749,CASH_OUT,1,0
PAYSIM-6009967,TRANSFER,1,0
PAYSIM-6009968,CASH_OUT,1,0
PAYSIM-6010469,TRANSFER,1,0
PAYSIM-6010470,CASH_OUT,1,0
PAYSIM-6010655,TRANSFER,1,0
PAYSIM-6010656,CASH_OUT,1,0
PAYSIM-6010742,TRANSFER,1,0
PAYSIM-6010743,CASH_OUT,1,0
PAYSIM-6010844,TRANSFER,1,0
PAYSIM-6010845,CASH_OUT,1,0
PAYSIM-6010846,TRANSFER,1,0
PAYSIM-6010847,CASH_OUT,1,0
PAYSIM-6010848,TRANSFER,1,0
PAYSIM-6010849,CASH_OUT,1,0
PAYSIM-6010850,TRANSFER,1,0
PAYSIM-6010851,CASH_OUT,1,0
PAYSIM-6010852,TRANSFER,1,0
PAYSIM-6010853,CASH_OUT,1,0
PAYSIM-6010854,TRANSFER,1,0
PAYSIM-6010855,CASH_OUT,1,0
PAYSIM-6010856,TRANSFER,1,0
PAYSIM-6010857,CASH_OUT,1,0
PAYSIM-6010858,TRANSFER,1,0
PAYSIM-6010859,CASH_OUT,1,0
PAYSIM-6010860,TRANSFER,1,0
PAYSIM-6010861,CASH_OUT,1,0
PAYSIM-6010862,TRANSFER,1,0
PAYSIM-6010863,CASH_OUT,1,0
PAYSIM-6010864,TRANSFER,1,0
PAYSIM-6010865,CASH_OUT,1,0
PAYSIM-6010866,TRANSFER,1,0
PAYSIM-6010867,CASH_OUT,1,0
PAYSIM-6010868,TRANSFER,1,0
PAYSIM-6010869,CASH_OUT,1,0
PAYSIM-6010870,TRANSFER,1,0
PAYSIM-6010871,CASH_OUT,1,0
PAYSIM-6010872,TRANSFER,1,0
PAYSIM-6010873,CASH_OUT,1,0
PAYSIM-6010880,TRANSFER,1,0
PAYSIM-6010881,CASH_OUT,1,0
PAYSIM-6010917,TRANSFER,1,0
PAYSIM-6010918,CASH_OUT,1,0
PAYSIM-6010919,TRANSFER,1,0
PAYSIM-6010920,CASH_OUT,1,0
PAYSIM-6010938,TRANSFER,1,0
PAYSIM-6010939,CASH_OUT,1,0
PAYSIM-6010940,TRANSFER,1,0
PAYSIM-6010941,CASH_OUT,1,0
PAYSIM-6010942,TRANSFER,1,0
PAYSIM-6010943,CASH_OUT,1,0
PAYSIM-6010944,TRANSFER,1,0
PAYSIM-6010945,CASH_OUT,1,0
PAYSIM-6010946,TRANSFER,1,0
PAYSIM-6010947,CASH_OUT,1,0
PAYSIM-6010948,TRANSFER,1,0
PAYSIM-6010949,CASH_OUT,1,0
PAYSIM-6010950,TRANSFER,1,0
PAYSIM-6010951,CASH_OUT,1,0
PAYSIM-6010952,TRANSFER,1,0
PAYSIM-6010953,CASH_OUT,1,0
PAYSIM-6010954,TRANSFER,1,0
PAYSIM-6010955,CASH_OUT,1,0
PAYSIM-6010956,TRANSFER,1,0
PAYSIM-6010957,CASH_OUT,1,0
PAYSIM-6010958,TRANSFER,1,0
PAYSIM-6010959,CASH_OUT,1,0
PAYSIM-6011025,TRANSFER,1,0
PAYSIM-6011026,CASH_OUT,1,0
PAYSIM-6012210,TRANSFER,1,0
PAYSIM-6012211,CASH_OUT,1,0
PAYSIM-6013461,TRANSFER,1,0
PAYSIM-6013462,CASH_OUT,1,0
PAYSIM-6013665,TRANSFER,1,0
PAYSIM-6013666,CASH_OUT,1,0
PAYSIM-6013693,TRANSFER,1,0
PAYSIM-6013694,CASH_OUT,1,0
PAYSIM-6014206,TRANSFER,1,0
PAYSIM-6014207,CASH_OUT,1,0
PAYSIM-6014702,TRANSFER,1,0
PAYSIM-6014703,CASH_OUT,1,0
PAYSIM-6014704,TRANSFER,1,0
PAYSIM-6014705,CASH_OUT,1,0
PAYSIM-6014706,TRANSFER,1,0
PAYSIM-6014707,CASH_OUT,1,0
PAYSIM-6014708,TRANSFER,1,0
PAYSIM-6014709,CASH_OUT,1,0
PAYSIM-6014710,TRANSFER,1,0
PAYSIM-6014711,CASH_OUT,1,0
PAYSIM-6014712,TRANSFER,1,0
PAYSIM-6014713,CASH_OUT,1,0
PAYSIM-6014714,TRANSFER,1,0
PAYSIM-6014715,CASH_OUT,1,0
PAYSIM-6014716,TRANSFER,1,0
PAYSIM-6014717,CASH_OUT,1,0
PAYSIM-6015239,TRANSFER,1,0
PAYSIM-6015240,CASH_OUT,1,0
PAYSIM-6017067,TRANSFER,1,0
PAYSIM-6017068,CASH_OUT,1,0
PAYSIM-6018490,TRANSFER,1,0
PAYSIM-6018491,CASH_OUT,1,0
PAYSIM-6018601,TRANSFER,1,0
PAYSIM-6018602,CASH_OUT,1,0
PAYSIM-6018618,TRANSFER,1,0
PAYSIM-6018619,CASH_OUT,1,0
PAYSIM-6018699,TRANSFER,1,0
PAYSIM-6018700,CASH_OUT,1,0
PAYSIM-6018734,TRANSFER,1,0
PAYSIM-6018735,CASH_OUT,1,0
PAYSIM-6018793,TRANSFER,1,0
PAYSIM-6018794,CASH_OUT,1,0
PAYSIM-6018798,TRANSFER,1,0
PAYSIM-6018799,CASH_OUT,1,0
PAYSIM-6018806,TRANSFER,1,0
PAYSIM-6018807,CASH_OUT,1,0
PAYSIM-6018826,TRANSFER,1,0
PAYSIM-6018827,CASH_OUT,1,0
PAYSIM-6018858,TRANSFER,1,0
PAYSIM-6018859,CASH_OUT,1,0
PAYSIM-6018860,TRANSFER,1,0
PAYSIM-6018861,CASH_OUT,1,0
PAYSIM-6018870,TRANSFER,1,0
PAYSIM-6018871,CASH_OUT,1,0
PAYSIM-6018980,TRANSFER,1,0
PAYSIM-6018981,CASH_OUT,1,0
PAYSIM-6019088,TRANSFER,1,0
PAYSIM-6019089,CASH_OUT,1,0
PAYSIM-6019280,TRANSFER,1,0
PAYSIM-6019281,CASH_OUT,1,0
PAYSIM-6019393,TRANSFER,1,0
PAYSIM-6019394,CASH_OUT,1,0
PAYSIM-6019408,TRANSFER,1,0
PAYSIM-6019409,CASH_OUT,1,0
PAYSIM-6019699,TRANSFER,1,0
PAYSIM-6019700,CASH_OUT,1,0
PAYSIM-6019701,TRANSFER,1,0
PAYSIM-6019702,CASH_OUT,1,0
PAYSIM-6019703,TRANSFER,1,0
PAYSIM-6019704,CASH_OUT,1,0
PAYSIM-6019705,TRANSFER,1,0
PAYSIM-6019706,CASH_OUT,1,0
PAYSIM-6019707,TRANSFER,1,0
PAYSIM-6019708,CASH_OUT,1,0
PAYSIM-6019709,TRANSFER,1,0
PAYSIM-6019710,CASH_OUT,1,0
PAYSIM-6019711,TRANSFER,1,0
PAYSIM-6019712,CASH_OUT,1,0
PAYSIM-6019713,TRANSFER,1,0
PAYSIM-6019714,CASH_OUT,1,0
PAYSIM-6019715,TRANSFER,1,0
PAYSIM-6019716,CASH_OUT,1,0
PAYSIM-6019717,TRANSFER,1,0
PAYSIM-6019718,CASH_OUT,1,0
PAYSIM-6019719,TRANSFER,1,0
PAYSIM-6019720,CASH_OUT,1,0
PAYSIM-6019721,TRANSFER,1,0
PAYSIM-6019722,CASH_OUT,1,0
PAYSIM-6019723,TRANSFER,1,0
PAYSIM-6019724,CASH_OUT,1,0
PAYSIM-6019725,TRANSFER,1,0
PAYSIM-6019726,CASH_OUT,1,0
PAYSIM-6019899,TRANSFER,1,0
PAYSIM-6019900,CASH_OUT,1,0
PAYSIM-6019903,TRANSFER,1,0
PAYSIM-6019904,CASH_OUT,1,0
PAYSIM-6019954,TRANSFER,1,0
PAYSIM-6019955,CASH_OUT,1,0
PAYSIM-6020165,TRANSFER,1,0
PAYSIM-6020166,CASH_OUT,1,0
PAYSIM-6020167,TRANSFER,1,0
PAYSIM-6020168,CASH_OUT,1,0
PAYSIM-6020169,TRANSFER,1,0
PAYSIM-6020170,CASH_OUT,1,0
PAYSIM-6020171,TRANSFER,1,0
PAYSIM-6020172,CASH_OUT,1,0
PAYSIM-6020195,TRANSFER,1,0
PAYSIM-6020196,CASH_OUT,1,0
PAYSIM-6020197,TRANSFER,1,0
PAYSIM-6020198,CASH_OUT,1,0
PAYSIM-6020203,TRANSFER,1,0
PAYSIM-6020204,CASH_OUT,1,0
PAYSIM-6020207,TRANSFER,1,0
PAYSIM-6020208,CASH_OUT,1,0
PAYSIM-6020211,TRANSFER,1,0
PAYSIM-6020212,CASH_OUT,1,0
PAYSIM-6020215,TRANSFER,1,0
PAYSIM-6020216,CASH_OUT,1,0
PAYSIM-6020228,TRANSFER,1,0
PAYSIM-6020229,CASH_OUT,1,0
PAYSIM-6020230,TRANSFER,1,0
PAYSIM-6020231,CASH_OUT,1,0
PAYSIM-6020255,TRANSFER,1,0
PAYSIM-6020256,CASH_OUT,1,0
PAYSIM-6020257,TRANSFER,1,0
PAYSIM-6020258,CASH_OUT,1,0
PAYSIM-6020271,TRANSFER,1,0
PAYSIM-6020272,CASH_OUT,1,0
PAYSIM-6020273,TRANSFER,1,0
PAYSIM-6020274,CASH_OUT,1,0
PAYSIM-6020277,TRANSFER,1,0
PAYSIM-6020278,CASH_OUT,1,0
PAYSIM-6020282,TRANSFER,1,0
PAYSIM-6020283,CASH_OUT,1,0
PAYSIM-6020307,TRANSFER,1,0
PAYSIM-6020308,CASH_OUT,1,0
PAYSIM-6020309,TRANSFER,1,0
PAYSIM-6020310,CASH_OUT,1,0
PAYSIM-6020315,TRANSFER,1,0
PAYSIM-6020316,CASH_OUT,1,0
PAYSIM-6020317,TRANSFER,1,0
PAYSIM-6020318,CASH_OUT,1,0
PAYSIM-6020319,TRANSFER,1,0
PAYSIM-6020320,CASH_OUT,1,0
PAYSIM-6020321,TRANSFER,1,0
PAYSIM-6020322,CASH_OUT,1,0
PAYSIM-6020323,TRANSFER,1,0
PAYSIM-6020324,CASH_OUT,1,0
PAYSIM-6020325,TRANSFER,1,0
PAYSIM-6020326,CASH_OUT,1,0
PAYSIM-6020327,TRANSFER,1,0
PAYSIM-6020328,CASH_OUT,1,0
PAYSIM-6020329,TRANSFER,1,0
PAYSIM-6020330,CASH_OUT,1,0
PAYSIM-6020331,TRANSFER,1,0
PAYSIM-6020332,CASH_OUT,1,0
PAYSIM-6020333,TRANSFER,1,0
PAYSIM-6020334,CASH_OUT,1,0
PAYSIM-6020335,TRANSFER,1,0
PAYSIM-6020336,CASH_OUT,1,0
PAYSIM-6020337,TRANSFER,1,0
PAYSIM-6020338,CASH_OUT,1,0
PAYSIM-6020339,TRANSFER,1,0
PAYSIM-6020340,CASH_OUT,1,0
PAYSIM-6020341,TRANSFER,1,0
PAYSIM-6020342,CASH_OUT,1,0
PAYSIM-6020343,TRANSFER,1,0
PAYSIM-6020344,CASH_OUT,1,0
PAYSIM-6020345,TRANSFER,1,0
PAYSIM-6020346,CASH_OUT,1,0
PAYSIM-6020347,TRANSFER,1,0
PAYSIM-6020348,CASH_OUT,1,0
PAYSIM-6020349,TRANSFER,1,0
PAYSIM-6020350,CASH_OUT,1,0
PAYSIM-6020351,TRANSFER,1,0
PAYSIM-6020352,CASH_OUT,1,0
PAYSIM-6020353,TRANSFER,1,0
PAYSIM-6020354,CASH_OUT,1,0
PAYSIM-6020355,TRANSFER,1,0
PAYSIM-6020356,CASH_OUT,1,0
PAYSIM-6020357,TRANSFER,1,0
PAYSIM-6020358,CASH_OUT,1,0
PAYSIM-6020359,TRANSFER,1,0
PAYSIM-6020360,CASH_OUT,1,0
PAYSIM-6020361,TRANSFER,1,0
PAYSIM-6020362,CASH_OUT,1,0
PAYSIM-6020363,TRANSFER,1,0
PAYSIM-6020364,CASH_OUT,1,0
PAYSIM-6020365,TRANSFER,1,0
PAYSIM-6020366,CASH_OUT,1,0
PAYSIM-6020367,TRANSFER,1,0
PAYSIM-6020368,CASH_OUT,1,0
PAYSIM-6020473,TRANSFER,1,0
PAYSIM-6020474,CASH_OUT,1,0
PAYSIM-6020854,TRANSFER,1,0
PAYSIM-6020855,CASH_OUT,1,0
PAYSIM-6020958,TRANSFER,1,0
PAYSIM-6020959,CASH_OUT,1,0
PAYSIM-6021353,TRANSFER,1,0
PAYSIM-6021354,CASH_OUT,1,0
PAYSIM-6021355,TRANSFER,1,0
PAYSIM-6021356,CASH_OUT,1,0
PAYSIM-6021357,TRANSFER,1,0
PAYSIM-6021358,CASH_OUT,1,0
PAYSIM-6021359,TRANSFER,1,0
PAYSIM-6021360,CASH_OUT,1,0
PAYSIM-6021361,TRANSFER,1,0
PAYSIM-6021362,CASH_OUT,1,0
PAYSIM-6021363,TRANSFER,1,0
PAYSIM-6021364,CASH_OUT,1,0
PAYSIM-6021365,TRANSFER,1,0
PAYSIM-6021366,CASH_OUT,1,0
PAYSIM-6021367,TRANSFER,1,0
PAYSIM-6021368,CASH_OUT,1,0
PAYSIM-6021369,TRANSFER,1,0
PAYSIM-6021370,CASH_OUT,1,0
PAYSIM-6021371,TRANSFER,1,0
PAYSIM-6021372,CASH_OUT,1,0
PAYSIM-6021373,TRANSFER,1,0
PAYSIM-6021374,CASH_OUT,1,0
PAYSIM-6021375,TRANSFER,1,0
PAYSIM-6021376,CASH_OUT,1,0
PAYSIM-6022061,TRANSFER,1,0
PAYSIM-6022062,CASH_OUT,1,0
PAYSIM-6024604,TRANSFER,1,0
PAYSIM-6024605,CASH_OUT,1,0
PAYSIM-6026279,TRANSFER,1,0
PAYSIM-6026280,CASH_OUT,1,0
PAYSIM-6026281,TRANSFER,1,0
PAYSIM-6026282,CASH_OUT,1,0
PAYSIM-6027393,TRANSFER,1,0
PAYSIM-6027394,CASH_OUT,1,0
PAYSIM-6027395,TRANSFER,1,0
PAYSIM-6027396,CASH_OUT,1,0
PAYSIM-6027397,TRANSFER,1,0
PAYSIM-6027398,CASH_OUT,1,0
PAYSIM-6027399,TRANSFER,1,0
PAYSIM-6027400,CASH_OUT,1,0
PAYSIM-6027401,TRANSFER,1,0
PAYSIM-6027402,CASH_OUT,1,0
PAYSIM-6027403,TRANSFER,1,0
PAYSIM-6027404,CASH_OUT,1,0
PAYSIM-6027554,TRANSFER,1,0
PAYSIM-6027555,CASH_OUT,1,0
PAYSIM-6030055,TRANSFER,1,0
PAYSIM-6030056,CASH_OUT,1,0
PAYSIM-6030060,TRANSFER,1,0
PAYSIM-6030061,CASH_OUT,1,0
PAYSIM-6030085,TRANSFER,1,0
PAYSIM-6030086,CASH_OUT,1,0
PAYSIM-6030087,TRANSFER,1,0
PAYSIM-6030088,CASH_OUT,1,0
PAYSIM-6030109,TRANSFER,1,0
PAYSIM-6030110,CASH_OUT,1,0
PAYSIM-6030111,TRANSFER,1,0
PAYSIM-6030112,CASH_OUT,1,0
PAYSIM-6030113,TRANSFER,1,0
PAYSIM-6030114,CASH_OUT,1,0
PAYSIM-6030115,TRANSFER,1,0
PAYSIM-6030116,CASH_OUT,1,0
PAYSIM-6030117,TRANSFER,1,0
PAYSIM-6030118,CASH_OUT,1,0
PAYSIM-6030597,TRANSFER,1,0
PAYSIM-6030598,CASH_OUT,1,0
PAYSIM-6030760,TRANSFER,1,0
PAYSIM-6030761,CASH_OUT,1,0
PAYSIM-6031443,TRANSFER,1,0
PAYSIM-6031444,CASH_OUT,1,0
PAYSIM-6032488,TRANSFER,1,0
PAYSIM-6032489,CASH_OUT,1,0
PAYSIM-6032847,TRANSFER,1,0
PAYSIM-6032848,CASH_OUT,1,0
PAYSIM-6032849,TRANSFER,1,0
PAYSIM-6032850,CASH_OUT,1,0
PAYSIM-6032851,TRANSFER,1,0
PAYSIM-6032852,CASH_OUT,1,0
PAYSIM-6032853,TRANSFER,1,0
PAYSIM-6032854,CASH_OUT,1,0
PAYSIM-6032855,TRANSFER,1,0
PAYSIM-6032856,CASH_OUT,1,0
PAYSIM-6032857,TRANSFER,1,0
PAYSIM-6032858,CASH_OUT,1,0
PAYSIM-6032859,TRANSFER,1,0
PAYSIM-6032860,CASH_OUT,1,0
PAYSIM-6033048,TRANSFER,1,0
PAYSIM-6033049,CASH_OUT,1,0
PAYSIM-6034232,TRANSFER,1,0
PAYSIM-6034233,CASH_OUT,1,0
PAYSIM-6034793,TRANSFER,1,0
PAYSIM-6034794,CASH_OUT,1,0
PAYSIM-6036302,TRANSFER,1,0
PAYSIM-6036303,CASH_OUT,1,0
PAYSIM-6036616,TRANSFER,1,0
PAYSIM-6036617,CASH_OUT,1,0
PAYSIM-6036618,TRANSFER,1,0
PAYSIM-6036619,CASH_OUT,1,0
PAYSIM-6036620,TRANSFER,1,0
PAYSIM-6036621,CASH_OUT,1,0
PAYSIM-6036622,TRANSFER,1,0
PAYSIM-6036623,CASH_OUT,1,0
PAYSIM-6036624,TRANSFER,1,0
PAYSIM-6036625,CASH_OUT,1,0
PAYSIM-6037806,TRANSFER,1,0
PAYSIM-6037807,CASH_OUT,1,0
PAYSIM-6037833,TRANSFER,1,0
PAYSIM-6037834,CASH_OUT,1,0
PAYSIM-6038104,TRANSFER,1,0
PAYSIM-6038105,CASH_OUT,1,0
PAYSIM-6038569,TRANSFER,1,0
PAYSIM-6038570,CASH_OUT,1,0
PAYSIM-6038847,TRANSFER,1,0
PAYSIM-6038848,CASH_OUT,1,0
PAYSIM-6039438,TRANSFER,1,0
PAYSIM-6039439,CASH_OUT,1,0
PAYSIM-6039440,TRANSFER,1,0
PAYSIM-6039441,CASH_OUT,1,0
PAYSIM-6039442,TRANSFER,1,0
PAYSIM-6039443,CASH_OUT,1,0
PAYSIM-6039444,TRANSFER,1,0
PAYSIM-6039445,CASH_OUT,1,0
PAYSIM-6039446,TRANSFER,1,0
PAYSIM-6039447,CASH_OUT,1,0
PAYSIM-6039448,TRANSFER,1,0
PAYSIM-6039449,CASH_OUT,1,0
PAYSIM-6039450,TRANSFER,1,0
PAYSIM-6039451,CASH_OUT,1,0
PAYSIM-6039452,TRANSFER,1,0
PAYSIM-6039453,CASH_OUT,1,0
PAYSIM-6039454,TRANSFER,1,0
PAYSIM-6039455,CASH_OUT,1,0
PAYSIM-6039456,TRANSFER,1,0
PAYSIM-6039457,CASH_OUT,1,0
PAYSIM-6039458,TRANSFER,1,0
PAYSIM-6039459,CASH_OUT,1,0
PAYSIM-6039460,TRANSFER,1,0
PAYSIM-6039461,CASH_OUT,1,0
PAYSIM-6039462,TRANSFER,1,0
PAYSIM-6039463,CASH_OUT,1,0
PAYSIM-6039464,TRANSFER,1,0
PAYSIM-6039465,CASH_OUT,1,0
PAYSIM-6039466,TRANSFER,1,0
PAYSIM-6039467,CASH_OUT,1,0
PAYSIM-6039468,TRANSFER,1,0
PAYSIM-6039469,CASH_OUT,1,0
PAYSIM-6039470,TRANSFER,1,0
PAYSIM-6039471,CASH_OUT,1,0
PAYSIM-6039472,TRANSFER,1,0
PAYSIM-6039473,CASH_OUT,1,0
PAYSIM-6039580,TRANSFER,1,0
PAYSIM-6039581,CASH_OUT,1,0
PAYSIM-6039584,TRANSFER,1,0
PAYSIM-6039585,CASH_OUT,1,0
PAYSIM-6039712,TRANSFER,1,0
PAYSIM-6039713,CASH_OUT,1,0
PAYSIM-6039753,TRANSFER,1,0
PAYSIM-6039754,CASH_OUT,1,0
PAYSIM-6039791,TRANSFER,1,0
PAYSIM-6039792,CASH_OUT,1,0
PAYSIM-6039793,TRANSFER,1,0
PAYSIM-6039794,CASH_OUT,1,0
PAYSIM-6039795,TRANSFER,1,0
PAYSIM-6039796,CASH_OUT,1,0
PAYSIM-6039797,TRANSFER,1,0
PAYSIM-6039798,CASH_OUT,1,0
PAYSIM-6039799,TRANSFER,1,0
PAYSIM-6039800,CASH_OUT,1,0
PAYSIM-6039801,TRANSFER,1,0
PAYSIM-6039802,CASH_OUT,1,0
PAYSIM-6039803,TRANSFER,1,0
PAYSIM-6039804,CASH_OUT,1,0
PAYSIM-6039805,TRANSFER,1,0
PAYSIM-6039806,CASH_OUT,1,0
PAYSIM-6039807,TRANSFER,1,0
PAYSIM-6039808,CASH_OUT,1,0
PAYSIM-6039809,TRANSFER,1,0
PAYSIM-6039810,CASH_OUT,1,0
PAYSIM-6039811,TRANSFER,1,0
PAYSIM-6039812,CASH_OUT,1,0
PAYSIM-6039813,TRANSFER,1,0
PAYSIM-6039814,CASH_OUT,1,0
PAYSIM-6039815,TRANSFER,1,0
PAYSIM-6039816,CASH_OUT,1,0
PAYSIM-6040022,TRANSFER,1,0
PAYSIM-6040023,CASH_OUT,1,0
PAYSIM-6040171,TRANSFER,1,0
PAYSIM-6040172,CASH_OUT,1,0
PAYSIM-6040210,TRANSFER,1,0
PAYSIM-6040211,CASH_OUT,1,0
PAYSIM-6040262,TRANSFER,1,0
PAYSIM-6040263,CASH_OUT,1,0
PAYSIM-6040336,TRANSFER,1,0
PAYSIM-6040337,CASH_OUT,1,0
PAYSIM-6040486,TRANSFER,1,0
PAYSIM-6040487,CASH_OUT,1,0
PAYSIM-6040703,TRANSFER,1,0
PAYSIM-6040704,CASH_OUT,1,0
PAYSIM-6040729,TRANSFER,1,0
PAYSIM-6040730,CASH_OUT,1,0
PAYSIM-6040731,TRANSFER,1,0
PAYSIM-6040732,CASH_OUT,1,0
PAYSIM-6040733,TRANSFER,1,0
PAYSIM-6040734,CASH_OUT,1,0
PAYSIM-6040735,TRANSFER,1,0
PAYSIM-6040736,CASH_OUT,1,0
PAYSIM-6040737,TRANSFER,1,0
PAYSIM-6040738,CASH_OUT,1,0
PAYSIM-6040739,TRANSFER,1,0
PAYSIM-6040740,CASH_OUT,1,0
PAYSIM-6040741,TRANSFER,1,0
PAYSIM-6040742,CASH_OUT,1,0
PAYSIM-6040743,TRANSFER,1,0
PAYSIM-6040744,CASH_OUT,1,0
PAYSIM-6040745,TRANSFER,1,0
PAYSIM-6040746,CASH_OUT,1,0
PAYSIM-6040747,TRANSFER,1,0
PAYSIM-6040748,CASH_OUT,1,0
PAYSIM-6040749,TRANSFER,1,0
PAYSIM-6040750,CASH_OUT,1,0
PAYSIM-6042067,TRANSFER,1,0
PAYSIM-6042068,CASH_OUT,1,0
PAYSIM-6042217,TRANSFER,1,0
PAYSIM-6042218,CASH_OUT,1,0
PAYSIM-6042577,TRANSFER,1,0
PAYSIM-6042578,CASH_OUT,1,0
PAYSIM-6042611,TRANSFER,1,0
PAYSIM-6042612,CASH_OUT,1,0
PAYSIM-6042684,TRANSFER,1,0
PAYSIM-6042685,CASH_OUT,1,0
PAYSIM-6044571,TRANSFER,1,0
PAYSIM-6044572,CASH_OUT,1,0
PAYSIM-6044573,TRANSFER,1,0
PAYSIM-6044574,CASH_OUT,1,0
PAYSIM-6044575,TRANSFER,1,0
PAYSIM-6044576,CASH_OUT,1,0
PAYSIM-6044577,TRANSFER,1,0
PAYSIM-6044578,CASH_OUT,1,0
PAYSIM-6044579,TRANSFER,1,0
PAYSIM-6044580,CASH_OUT,1,0
PAYSIM-6044581,TRANSFER,1,0
PAYSIM-6044582,CASH_OUT,1,0
PAYSIM-6045013,TRANSFER,1,0
PAYSIM-6045014,CASH_OUT,1,0
PAYSIM-6046089,TRANSFER,1,0
PAYSIM-6046090,CASH_OUT,1,0
PAYSIM-6048631,TRANSFER,1,0
PAYSIM-6048632,CASH_OUT,1,0
PAYSIM-6049707,TRANSFER,1,0
PAYSIM-6049708,CASH_OUT,1,0
PAYSIM-6049785,TRANSFER,1,0
PAYSIM-6049786,CASH_OUT,1,0
PAYSIM-6050496,TRANSFER,1,0
PAYSIM-6050497,CASH_OUT,1,0
PAYSIM-6050773,TRANSFER,1,0
PAYSIM-6050774,CASH_OUT,1,0
PAYSIM-6051521,TRANSFER,1,0
PAYSIM-6051522,CASH_OUT,1,0
PAYSIM-6051523,TRANSFER,1,0
PAYSIM-6051524,CASH_OUT,1,0
PAYSIM-6051525,TRANSFER,1,0
PAYSIM-6051526,CASH_OUT,1,0
PAYSIM-6051527,TRANSFER,1,0
PAYSIM-6051528,CASH_OUT,1,0
PAYSIM-6052198,TRANSFER,1,0
PAYSIM-6052199,CASH_OUT,1,0
PAYSIM-6052332,TRANSFER,1,0
PAYSIM-6052333,CASH_OUT,1,0
PAYSIM-6052702,TRANSFER,1,0
PAYSIM-6052703,CASH_OUT,1,0
PAYSIM-6053048,TRANSFER,1,0
PAYSIM-6053049,CASH_OUT,1,0
PAYSIM-6053153,TRANSFER,1,0
PAYSIM-6053154,CASH_OUT,1,0
PAYSIM-6053155,TRANSFER,1,0
PAYSIM-6053156,CASH_OUT,1,0
PAYSIM-6053282,TRANSFER,1,0
PAYSIM-6053283,CASH_OUT,1,0
PAYSIM-6054552,TRANSFER,1,0
PAYSIM-6054553,CASH_OUT,1,0
PAYSIM-6055045,TRANSFER,1,0
PAYSIM-6055046,CASH_OUT,1,0
PAYSIM-6055135,TRANSFER,1,0
PAYSIM-6055136,CASH_OUT,1,0
PAYSIM-6055414,TRANSFER,1,0
PAYSIM-6055415,CASH_OUT,1,0
PAYSIM-6055658,TRANSFER,1,0
PAYSIM-6055659,CASH_OUT,1,0
PAYSIM-6055660,TRANSFER,1,0
PAYSIM-6055661,CASH_OUT,1,0
PAYSIM-6055662,TRANSFER,1,0
PAYSIM-6055663,CASH_OUT,1,0
PAYSIM-6055664,TRANSFER,1,0
PAYSIM-6055665,CASH_OUT,1,0
PAYSIM-6055666,TRANSFER,1,0
PAYSIM-6055667,CASH_OUT,1,0
PAYSIM-6055668,TRANSFER,1,0
PAYSIM-6055669,CASH_OUT,1,0
PAYSIM-6055670,TRANSFER,1,0
PAYSIM-6055671,CASH_OUT,1,0
PAYSIM-6055672,TRANSFER,1,0
PAYSIM-6055673,CASH_OUT,1,0
PAYSIM-6055674,TRANSFER,1,0
PAYSIM-6055675,CASH_OUT,1,0
PAYSIM-6055676,TRANSFER,1,0
PAYSIM-6055677,CASH_OUT,1,0
PAYSIM-6055678,TRANSFER,1,0
PAYSIM-6055679,CASH_OUT,1,0
PAYSIM-6055680,TRANSFER,1,0
PAYSIM-6055681,CASH_OUT,1,0
PAYSIM-6055682,TRANSFER,1,0
PAYSIM-6055683,CASH_OUT,1,0
PAYSIM-6055684,TRANSFER,1,0
PAYSIM-6055685,CASH_OUT,1,0
PAYSIM-6055686,TRANSFER,1,0
PAYSIM-6055687,CASH_OUT,1,0
PAYSIM-6055688,TRANSFER,1,0
PAYSIM-6055689,CASH_OUT,1,0
PAYSIM-6055690,TRANSFER,1,0
PAYSIM-6055691,CASH_OUT,1,0
PAYSIM-6055692,TRANSFER,1,0
PAYSIM-6055693,CASH_OUT,1,0
PAYSIM-6055694,TRANSFER,1,0
PAYSIM-6055695,CASH_OUT,1,0
PAYSIM-6055696,TRANSFER,1,0
PAYSIM-6055697,CASH_OUT,1,0
PAYSIM-6055698,TRANSFER,1,0
PAYSIM-6055699,CASH_OUT,1,0
PAYSIM-6057730,TRANSFER,1,0
PAYSIM-6057731,CASH_OUT,1,0
PAYSIM-6060438,TRANSFER,1,0
PAYSIM-6060439,CASH_OUT,1,0
PAYSIM-6061808,TRANSFER,1,0
PAYSIM-6061809,CASH_OUT,1,0
PAYSIM-6061810,TRANSFER,1,0
PAYSIM-6061811,CASH_OUT,1,0
PAYSIM-6061812,TRANSFER,1,0
PAYSIM-6061813,CASH_OUT,1,0
PAYSIM-6061814,TRANSFER,1,0
PAYSIM-6061815,CASH_OUT,1,0
PAYSIM-6061816,TRANSFER,1,0
PAYSIM-6061817,CASH_OUT,1,0
PAYSIM-6061818,TRANSFER,1,0
PAYSIM-6061819,CASH_OUT,1,0
PAYSIM-6061820,TRANSFER,1,0
PAYSIM-6061821,CASH_OUT,1,0
PAYSIM-6061822,TRANSFER,1,0
PAYSIM-6061823,CASH_OUT,1,0
PAYSIM-6061824,TRANSFER,1,0
PAYSIM-6061825,CASH_OUT,1,0
PAYSIM-6061826,TRANSFER,1,0
PAYSIM-6061827,CASH_OUT,1,0
PAYSIM-6061828,TRANSFER,1,0
PAYSIM-6061829,CASH_OUT,1,0
PAYSIM-6061830,TRANSFER,1,0
PAYSIM-6061831,CASH_OUT,1,0
PAYSIM-6061832,TRANSFER,1,0
PAYSIM-6061833,CASH_OUT,1,0
PAYSIM-6061834,TRANSFER,1,0
PAYSIM-6061835,CASH_OUT,1,0
PAYSIM-6061884,TRANSFER,1,0
PAYSIM-6061885,CASH_OUT,1,0
PAYSIM-6061940,TRANSFER,1,0
PAYSIM-6061941,CASH_OUT,1,0
PAYSIM-6062098,TRANSFER,1,0
PAYSIM-6062099,CASH_OUT,1,0
PAYSIM-6062101,TRANSFER,1,0
PAYSIM-6062102,CASH_OUT,1,0
PAYSIM-6062115,TRANSFER,1,0
PAYSIM-6062116,CASH_OUT,1,0
PAYSIM-6062145,TRANSFER,1,0
PAYSIM-6062146,CASH_OUT,1,0
PAYSIM-6062202,TRANSFER,1,0
PAYSIM-6062203,CASH_OUT,1,0
PAYSIM-6062838,TRANSFER,1,0
PAYSIM-6062839,CASH_OUT,1,0
PAYSIM-6063555,TRANSFER,1,0
PAYSIM-6063556,CASH_OUT,1,0
PAYSIM-6063833,TRANSFER,1,0
PAYSIM-6063834,CASH_OUT,1,0
PAYSIM-6063982,TRANSFER,1,0
PAYSIM-6063983,CASH_OUT,1,0
PAYSIM-6064027,TRANSFER,1,0
PAYSIM-6064028,CASH_OUT,1,0
PAYSIM-6064029,TRANSFER,1,0
PAYSIM-6064030,CASH_OUT,1,0
PAYSIM-6064031,TRANSFER,1,0
PAYSIM-6064032,CASH_OUT,1,0
PAYSIM-6064033,TRANSFER,1,0
PAYSIM-6064034,CASH_OUT,1,0
PAYSIM-6064035,TRANSFER,1,0
PAYSIM-6064036,CASH_OUT,1,0
PAYSIM-6064044,TRANSFER,1,0
PAYSIM-6064045,CASH_OUT,1,0
PAYSIM-6064088,TRANSFER,1,0
PAYSIM-6064089,CASH_OUT,1,0
PAYSIM-6064513,TRANSFER,1,0
PAYSIM-6064514,CASH_OUT,1,0
PAYSIM-6064528,TRANSFER,1,0
PAYSIM-6064529,CASH_OUT,1,0
PAYSIM-6064973,TRANSFER,1,0
PAYSIM-6064974,CASH_OUT,1,0
PAYSIM-6064975,TRANSFER,1,0
PAYSIM-6064976,CASH_OUT,1,0
PAYSIM-6064977,TRANSFER,1,0
PAYSIM-6064978,CASH_OUT,1,0
PAYSIM-6064979,TRANSFER,1,0
PAYSIM-6064980,CASH_OUT,1,0
PAYSIM-6064981,TRANSFER,1,0
PAYSIM-6064982,CASH_OUT,1,0
PAYSIM-6064983,TRANSFER,1,0
PAYSIM-6064984,CASH_OUT,1,0
PAYSIM-6064985,TRANSFER,1,0
PAYSIM-6064986,CASH_OUT,1,0
PAYSIM-6064987,TRANSFER,1,0
PAYSIM-6064988,CASH_OUT,1,0
PAYSIM-6064989,TRANSFER,1,0
PAYSIM-6064990,CASH_OUT,1,0
PAYSIM-6064991,TRANSFER,1,0
PAYSIM-6064992,CASH_OUT,1,0
PAYSIM-6064993,TRANSFER,1,0
PAYSIM-6064994,CASH_OUT,1,0
PAYSIM-6064995,TRANSFER,1,0
PAYSIM-6064996,CASH_OUT,1,0
PAYSIM-6064997,TRANSFER,1,0
PAYSIM-6064998,CASH_OUT,1,0
PAYSIM-6064999,TRANSFER,1,0
PAYSIM-6065000,CASH_OUT,1,0
PAYSIM-6065042,TRANSFER,1,0
PAYSIM-6065043,CASH_OUT,1,0
PAYSIM-6065055,TRANSFER,1,0
PAYSIM-6065056,CASH_OUT,1,0
PAYSIM-6065070,TRANSFER,1,0
PAYSIM-6065071,CASH_OUT,1,0
PAYSIM-6065117,TRANSFER,1,0
PAYSIM-6065118,CASH_OUT,1,0
PAYSIM-6065200,TRANSFER,1,0
PAYSIM-6065201,CASH_OUT,1,0
PAYSIM-6065202,TRANSFER,1,0
PAYSIM-6065203,CASH_OUT,1,0
PAYSIM-6065267,TRANSFER,1,0
PAYSIM-6065268,CASH_OUT,1,0
PAYSIM-6065289,TRANSFER,1,0
PAYSIM-6065290,CASH_OUT,1,0
PAYSIM-6065291,TRANSFER,1,0
PAYSIM-6065292,CASH_OUT,1,0
PAYSIM-6065293,TRANSFER,1,0
PAYSIM-6065294,CASH_OUT,1,0
PAYSIM-6065295,TRANSFER,1,0
PAYSIM-6065296,CASH_OUT,1,0
PAYSIM-6065297,TRANSFER,1,0
PAYSIM-6065298,CASH_OUT,1,0
PAYSIM-6065299,TRANSFER,1,0
PAYSIM-6065300,CASH_OUT,1,0
PAYSIM-6065301,TRANSFER,1,0
PAYSIM-6065302,CASH_OUT,1,0
PAYSIM-6065303,TRANSFER,1,0
PAYSIM-6065304,CASH_OUT,1,0
PAYSIM-6065305,TRANSFER,1,0
PAYSIM-6065306,CASH_OUT,1,0
PAYSIM-6065307,TRANSFER,1,0
PAYSIM-6065308,CASH_OUT,1,0
PAYSIM-6065309,TRANSFER,1,0
PAYSIM-6065310,CASH_OUT,1,0
PAYSIM-6065311,TRANSFER,1,0
PAYSIM-6065312,CASH_OUT,1,0
PAYSIM-6065313,TRANSFER,1,0
PAYSIM-6065314,CASH_OUT,1,0
PAYSIM-6065315,TRANSFER,1,0
PAYSIM-6065316,CASH_OUT,1,0
PAYSIM-6065317,TRANSFER,1,0
PAYSIM-6065318,CASH_OUT,1,0
PAYSIM-6065319,TRANSFER,1,0
PAYSIM-6065320,CASH_OUT,1,0
PAYSIM-6065321,TRANSFER,1,0
PAYSIM-6065322,CASH_OUT,1,0
PAYSIM-6065323,TRANSFER,1,0
PAYSIM-6065324,CASH_OUT,1,0
PAYSIM-6065325,TRANSFER,1,0
PAYSIM-6065326,CASH_OUT,1,0
PAYSIM-6067991,TRANSFER,1,0
PAYSIM-6067992,CASH_OUT,1,0
PAYSIM-6068888,TRANSFER,1,0
PAYSIM-6068889,CASH_OUT,1,0
PAYSIM-6072296,TRANSFER,1,0
PAYSIM-6072297,CASH_OUT,1,0
PAYSIM-6073255,TRANSFER,1,0
PAYSIM-6073256,CASH_OUT,1,0
PAYSIM-6073257,TRANSFER,1,0
PAYSIM-6073258,CASH_OUT,1,0
PAYSIM-6073328,TRANSFER,1,0
PAYSIM-6073329,CASH_OUT,1,0
PAYSIM-6074021,TRANSFER,1,0
PAYSIM-6074022,CASH_OUT,1,0
PAYSIM-6074060,TRANSFER,1,0
PAYSIM-6074061,CASH_OUT,1,0
PAYSIM-6074062,TRANSFER,1,0
PAYSIM-6074063,CASH_OUT,1,0
PAYSIM-6074064,TRANSFER,1,0
PAYSIM-6074065,CASH_OUT,1,0
PAYSIM-6074066,TRANSFER,1,0
PAYSIM-6074067,CASH_OUT,1,0
PAYSIM-6074068,TRANSFER,1,0
PAYSIM-6074069,CASH_OUT,1,0
PAYSIM-6074070,TRANSFER,1,0
PAYSIM-6074071,CASH_OUT,1,0
PAYSIM-6074072,TRANSFER,1,0
PAYSIM-6074073,CASH_OUT,1,0
PAYSIM-6074074,TRANSFER,1,0
PAYSIM-6074075,CASH_OUT,1,0
PAYSIM-6074076,TRANSFER,1,0
PAYSIM-6074077,CASH_OUT,1,0
PAYSIM-6074078,TRANSFER,1,0
PAYSIM-6074079,CASH_OUT,1,0
PAYSIM-6074463,TRANSFER,1,0
PAYSIM-6074464,CASH_OUT,1,0
PAYSIM-6074515,TRANSFER,1,0
PAYSIM-6074516,CASH_OUT,1,0
PAYSIM-6075112,TRANSFER,1,0
PAYSIM-6075113,CASH_OUT,1,0
PAYSIM-6076074,TRANSFER,1,0
PAYSIM-6076075,CASH_OUT,1,0
PAYSIM-6077221,TRANSFER,1,0
PAYSIM-6077222,CASH_OUT,1,0
PAYSIM-6078201,TRANSFER,1,0
PAYSIM-6078202,CASH_OUT,1,0
PAYSIM-6078935,TRANSFER,1,0
PAYSIM-6078936,CASH_OUT,1,0
PAYSIM-6078959,TRANSFER,1,0
PAYSIM-6078960,CASH_OUT,1,0
PAYSIM-6078961,TRANSFER,1,0
PAYSIM-6078962,CASH_OUT,1,0
PAYSIM-6078963,TRANSFER,1,0
PAYSIM-6078964,CASH_OUT,1,0
PAYSIM-6078965,TRANSFER,1,0
PAYSIM-6078966,CASH_OUT,1,0
PAYSIM-6078967,TRANSFER,1,0
PAYSIM-6078968,CASH_OUT,1,0
PAYSIM-6078969,TRANSFER,1,0
PAYSIM-6078970,CASH_OUT,1,0
PAYSIM-6079609,TRANSFER,1,0
PAYSIM-6079610,CASH_OUT,1,0
PAYSIM-6079657,TRANSFER,1,0
PAYSIM-6079658,CASH_OUT,1,0
PAYSIM-6080946,TRANSFER,1,0
PAYSIM-6080947,CASH_OUT,1,0
PAYSIM-6080972,TRANSFER,1,0
PAYSIM-6080973,CASH_OUT,1,0
PAYSIM-6081212,TRANSFER,1,0
PAYSIM-6081213,CASH_OUT,1,0
PAYSIM-6081340,TRANSFER,1,0
PAYSIM-6081341,CASH_OUT,1,0
PAYSIM-6082008,TRANSFER,1,0
PAYSIM-6082009,CASH_OUT,1,0
PAYSIM-6082010,TRANSFER,1,0
PAYSIM-6082011,CASH_OUT,1,0
PAYSIM-6082012,TRANSFER,1,0
PAYSIM-6082013,CASH_OUT,1,0
PAYSIM-6082014,TRANSFER,1,0
PAYSIM-6082015,CASH_OUT,1,0
PAYSIM-6082016,TRANSFER,1,0
PAYSIM-6082017,CASH_OUT,1,0
PAYSIM-6082018,TRANSFER,1,0
PAYSIM-6082019,CASH_OUT,1,0
PAYSIM-6082020,TRANSFER,1,0
PAYSIM-6082021,CASH_OUT,1,0
PAYSIM-6083452,TRANSFER,1,0
PAYSIM-6083453,CASH_OUT,1,0
PAYSIM-6088386,TRANSFER,1,0
PAYSIM-6088387,CASH_OUT,1,0
PAYSIM-6088895,TRANSFER,1,0
PAYSIM-6088896,CASH_OUT,1,0
PAYSIM-6089321,TRANSFER,1,0
PAYSIM-6089322,CASH_OUT,1,0
PAYSIM-6090061,TRANSFER,1,0
PAYSIM-6090062,CASH_OUT,1,0
PAYSIM-6092252,TRANSFER,1,0
PAYSIM-6092253,CASH_OUT,1,0
PAYSIM-6100210,TRANSFER,1,0
PAYSIM-6100211,CASH_OUT,1,0
PAYSIM-6100653,TRANSFER,1,0
PAYSIM-6100654,CASH_OUT,1,0
PAYSIM-6100655,TRANSFER,1,0
PAYSIM-6100656,CASH_OUT,1,0
PAYSIM-6100657,TRANSFER,1,0
PAYSIM-6100658,CASH_OUT,1,0
PAYSIM-6100659,TRANSFER,1,0
PAYSIM-6100660,CASH_OUT,1,0
PAYSIM-6100661,TRANSFER,1,0
PAYSIM-6100662,CASH_OUT,1,0
PAYSIM-6100663,TRANSFER,1,0
PAYSIM-6100664,CASH_OUT,1,0
PAYSIM-6100665,TRANSFER,1,0
PAYSIM-6100666,CASH_OUT,1,0
PAYSIM-6100667,TRANSFER,1,0
PAYSIM-6100668,CASH_OUT,1,0
PAYSIM-6100669,TRANSFER,1,0
PAYSIM-6100670,CASH_OUT,1,0
PAYSIM-6100671,TRANSFER,1,0
PAYSIM-6100672,CASH_OUT,1,0
PAYSIM-6100673,TRANSFER,1,0
PAYSIM-6100674,CASH_OUT,1,0
PAYSIM-6100675,TRANSFER,1,0
PAYSIM-6100676,CASH_OUT,1,0
PAYSIM-6100677,TRANSFER,1,0
PAYSIM-6100678,CASH_OUT,1,0
PAYSIM-6100679,TRANSFER,1,0
PAYSIM-6100680,CASH_OUT,1,0
PAYSIM-6100681,TRANSFER,1,0
PAYSIM-6100682,CASH_OUT,1,0
PAYSIM-6102371,TRANSFER,1,0
PAYSIM-6102372,CASH_OUT,1,0
PAYSIM-6102387,TRANSFER,1,0
PAYSIM-6102388,CASH_OUT,1,0
PAYSIM-6106802,TRANSFER,1,0
PAYSIM-6106803,CASH_OUT,1,0
PAYSIM-6112212,TRANSFER,1,0
PAYSIM-6112213,CASH_OUT,1,0
PAYSIM-6112319,TRANSFER,1,0
PAYSIM-6112320,CASH_OUT,1,0
PAYSIM-6112506,TRANSFER,1,0
PAYSIM-6112507,CASH_OUT,1,0
PAYSIM-6112703,TRANSFER,1,0
PAYSIM-6112704,CASH_OUT,1,0
PAYSIM-6112764,TRANSFER,1,0
PAYSIM-6112765,CASH_OUT,1,0
PAYSIM-6113305,TRANSFER,1,0
PAYSIM-6113306,CASH_OUT,1,0
PAYSIM-6113887,TRANSFER,1,0
PAYSIM-6113888,CASH_OUT,1,0
PAYSIM-6114937,TRANSFER,1,0
PAYSIM-6114938,CASH_OUT,1,0
PAYSIM-6115985,TRANSFER,1,0
PAYSIM-6115986,CASH_OUT,1,0
PAYSIM-6116669,TRANSFER,1,0
PAYSIM-6116670,CASH_OUT,1,0
PAYSIM-6116736,TRANSFER,1,0
PAYSIM-6116737,CASH_OUT,1,0
PAYSIM-6117047,TRANSFER,1,0
PAYSIM-6117048,CASH_OUT,1,0
PAYSIM-6117119,TRANSFER,1,0
PAYSIM-6117120,CASH_OUT,1,0
PAYSIM-6117188,TRANSFER,1,0
PAYSIM-6117189,CASH_OUT,1,0
PAYSIM-6117347,TRANSFER,1,0
PAYSIM-6117348,CASH_OUT,1,0
PAYSIM-6117467,TRANSFER,1,0
PAYSIM-6117468,CASH_OUT,1,0
PAYSIM-6117481,TRANSFER,1,0
PAYSIM-6117482,CASH_OUT,1,0
PAYSIM-6117483,TRANSFER,1,0
PAYSIM-6117484,CASH_OUT,1,0
PAYSIM-6117505,TRANSFER,1,0
PAYSIM-6117506,CASH_OUT,1,0
PAYSIM-6117689,TRANSFER,1,0
PAYSIM-6117690,CASH_OUT,1,0
PAYSIM-6117851,TRANSFER,1,0
PAYSIM-6117852,CASH_OUT,1,0
PAYSIM-6117871,TRANSFER,1,0
PAYSIM-6117872,CASH_OUT,1,0
PAYSIM-6117877,TRANSFER,1,0
PAYSIM-6117878,CASH_OUT,1,0
PAYSIM-6117922,TRANSFER,1,0
PAYSIM-6117923,CASH_OUT,1,0
PAYSIM-6117950,TRANSFER,1,0
PAYSIM-6117951,CASH_OUT,1,0
PAYSIM-6117952,TRANSFER,1,0
PAYSIM-6117953,CASH_OUT,1,0
PAYSIM-6117977,TRANSFER,1,0
PAYSIM-6117978,CASH_OUT,1,0
PAYSIM-6117984,TRANSFER,1,0
PAYSIM-6117985,CASH_OUT,1,0
PAYSIM-6118045,TRANSFER,1,0
PAYSIM-6118046,CASH_OUT,1,0
PAYSIM-6118161,TRANSFER,1,0
PAYSIM-6118162,CASH_OUT,1,0
PAYSIM-6118168,TRANSFER,1,0
PAYSIM-6118169,CASH_OUT,1,0
PAYSIM-6118180,TRANSFER,1,0
PAYSIM-6118181,CASH_OUT,1,0
PAYSIM-6118183,TRANSFER,1,0
PAYSIM-6118184,CASH_OUT,1,0
PAYSIM-6118261,TRANSFER,1,0
PAYSIM-6118262,CASH_OUT,1,0
PAYSIM-6118263,TRANSFER,1,0
PAYSIM-6118264,CASH_OUT,1,0
PAYSIM-6118265,TRANSFER,1,0
PAYSIM-6118266,CASH_OUT,1,0
PAYSIM-6118267,TRANSFER,1,0
PAYSIM-6118268,CASH_OUT,1,0
PAYSIM-6118269,TRANSFER,1,0
PAYSIM-6118270,CASH_OUT,1,0
PAYSIM-6118271,TRANSFER,1,0
PAYSIM-6118272,CASH_OUT,1,0
PAYSIM-6118296,TRANSFER,1,0
PAYSIM-6118297,CASH_OUT,1,0
PAYSIM-6118419,TRANSFER,1,0
PAYSIM-6118420,CASH_OUT,1,0
PAYSIM-6118436,TRANSFER,1,0
PAYSIM-6118437,CASH_OUT,1,0
PAYSIM-6118652,TRANSFER,1,0
PAYSIM-6118653,CASH_OUT,1,0
PAYSIM-6118664,TRANSFER,1,0
PAYSIM-6118665,CASH_OUT,1,0
PAYSIM-6118752,TRANSFER,1,0
PAYSIM-6118753,CASH_OUT,1,0
PAYSIM-6118804,TRANSFER,1,0
PAYSIM-6118805,CASH_OUT,1,0
PAYSIM-6118806,TRANSFER,1,0
PAYSIM-6118807,CASH_OUT,1,0
PAYSIM-6118808,TRANSFER,1,0
PAYSIM-6118809,CASH_OUT,1,0
PAYSIM-6118810,TRANSFER,1,0
PAYSIM-6118811,CASH_OUT,1,0
PAYSIM-6118812,TRANSFER,1,0
PAYSIM-6118813,CASH_OUT,1,0
PAYSIM-6118814,TRANSFER,1,0
PAYSIM-6118815,CASH_OUT,1,0
PAYSIM-6118816,TRANSFER,1,0
PAYSIM-6118817,CASH_OUT,1,0
PAYSIM-6118818,TRANSFER,1,0
PAYSIM-6118819,CASH_OUT,1,0
PAYSIM-6118820,TRANSFER,1,0
PAYSIM-6118821,CASH_OUT,1,0
PAYSIM-6118822,TRANSFER,1,0
PAYSIM-6118823,CASH_OUT,1,0
PAYSIM-6118824,TRANSFER,1,0
PAYSIM-6118825,CASH_OUT,1,0
PAYSIM-6118826,TRANSFER,1,0
PAYSIM-6118827,CASH_OUT,1,0
PAYSIM-6118828,TRANSFER,1,0
PAYSIM-6118829,CASH_OUT,1,0
PAYSIM-6118830,TRANSFER,1,0
PAYSIM-6118831,CASH_OUT,1,0
PAYSIM-6118832,TRANSFER,1,0
PAYSIM-6118833,CASH_OUT,1,0
PAYSIM-6118834,TRANSFER,1,0
PAYSIM-6118835,CASH_OUT,1,0
PAYSIM-6118836,TRANSFER,1,0
PAYSIM-6118837,CASH_OUT,1,0
PAYSIM-6118838,TRANSFER,1,0
PAYSIM-6118839,CASH_OUT,1,0
PAYSIM-6119236,TRANSFER,1,0
PAYSIM-6119237,CASH_OUT,1,0
PAYSIM-6120014,TRANSFER,1,0
PAYSIM-6120015,CASH_OUT,1,0
PAYSIM-6120238,TRANSFER,1,0
PAYSIM-6120239,CASH_OUT,1,0
PAYSIM-6121273,TRANSFER,1,0
PAYSIM-6121274,CASH_OUT,1,0
PAYSIM-6121348,TRANSFER,1,0
PAYSIM-6121349,CASH_OUT,1,0
PAYSIM-6121960,TRANSFER,1,0
PAYSIM-6121961,CASH_OUT,1,0
PAYSIM-6121962,TRANSFER,1,0
PAYSIM-6121963,CASH_OUT,1,0
PAYSIM-6122464,TRANSFER,1,0
PAYSIM-6122465,CASH_OUT,1,0
PAYSIM-6122724,TRANSFER,1,0
PAYSIM-6122725,CASH_OUT,1,0
PAYSIM-6123735,TRANSFER,1,0
PAYSIM-6123736,CASH_OUT,1,0
PAYSIM-6127440,TRANSFER,1,0
PAYSIM-6127441,CASH_OUT,1,0
PAYSIM-6127442,TRANSFER,1,0
PAYSIM-6127443,CASH_OUT,1,0
PAYSIM-6127444,TRANSFER,1,0
PAYSIM-6127445,CASH_OUT,1,0
PAYSIM-6127446,TRANSFER,1,0
PAYSIM-6127447,CASH_OUT,1,0
PAYSIM-6127448,TRANSFER,1,0
PAYSIM-6127449,CASH_OUT,1,0
PAYSIM-6127450,TRANSFER,1,0
PAYSIM-6127451,CASH_OUT,1,0
PAYSIM-6127725,TRANSFER,1,0
PAYSIM-6127726,CASH_OUT,1,0
PAYSIM-6127947,TRANSFER,1,0
PAYSIM-6127948,CASH_OUT,1,0
PAYSIM-6128527,TRANSFER,1,0
PAYSIM-6128528,CASH_OUT,1,0
PAYSIM-6128872,TRANSFER,1,0
PAYSIM-6128873,CASH_OUT,1,0
PAYSIM-6130057,TRANSFER,1,0
PAYSIM-6130058,CASH_OUT,1,0
PAYSIM-6131927,TRANSFER,1,0
PAYSIM-6131928,CASH_OUT,1,0
PAYSIM-6131929,TRANSFER,1,0
PAYSIM-6131930,CASH_OUT,1,0
PAYSIM-6131931,TRANSFER,1,0
PAYSIM-6131932,CASH_OUT,1,0
PAYSIM-6134801,TRANSFER,1,0
PAYSIM-6134802,CASH_OUT,1,0
PAYSIM-6135243,TRANSFER,1,0
PAYSIM-6135244,CASH_OUT,1,0
PAYSIM-6135684,TRANSFER,1,0
PAYSIM-6135685,CASH_OUT,1,0
PAYSIM-6145036,TRANSFER,1,0
PAYSIM-6145037,CASH_OUT,1,0
PAYSIM-6145047,TRANSFER,1,0
PAYSIM-6145048,CASH_OUT,1,0
PAYSIM-6145406,TRANSFER,1,0
PAYSIM-6145407,CASH_OUT,1,0
PAYSIM-6145885,TRANSFER,1,0
PAYSIM-6145886,CASH_OUT,1,0
PAYSIM-6151538,TRANSFER,1,0
PAYSIM-6151539,CASH_OUT,1,0
PAYSIM-6152640,TRANSFER,1,0
PAYSIM-6152641,CASH_OUT,1,0
PAYSIM-6152706,TRANSFER,1,0
PAYSIM-6152707,CASH_OUT,1,0
PAYSIM-6153582,TRANSFER,1,0
PAYSIM-6153583,CASH_OUT,1,0
PAYSIM-6154177,TRANSFER,1,0
PAYSIM-6154178,CASH_OUT,1,0
PAYSIM-6158789,TRANSFER,1,0
PAYSIM-6158790,CASH_OUT,1,0
PAYSIM-6160575,TRANSFER,1,0
PAYSIM-6160576,CASH_OUT,1,0
PAYSIM-6160588,TRANSFER,1,0
PAYSIM-6160589,CASH_OUT,1,0
PAYSIM-6160593,TRANSFER,1,0
PAYSIM-6160594,CASH_OUT,1,0
PAYSIM-6160867,TRANSFER,1,0
PAYSIM-6160868,CASH_OUT,1,0
PAYSIM-6160909,TRANSFER,1,0
PAYSIM-6160910,CASH_OUT,1,0
PAYSIM-6161091,TRANSFER,1,0
PAYSIM-6161092,CASH_OUT,1,0
PAYSIM-6161405,TRANSFER,1,0
PAYSIM-6161406,CASH_OUT,1,0
PAYSIM-6161965,TRANSFER,1,0
PAYSIM-6161966,CASH_OUT,1,0
PAYSIM-6162769,TRANSFER,1,0
PAYSIM-6162770,CASH_OUT,1,0
PAYSIM-6163145,TRANSFER,1,0
PAYSIM-6163146,CASH_OUT,1,0
PAYSIM-6166141,TRANSFER,1,0
PAYSIM-6166142,CASH_OUT,1,0
PAYSIM-6166263,TRANSFER,1,0
PAYSIM-6166264,CASH_OUT,1,0
PAYSIM-6166271,TRANSFER,1,0
PAYSIM-6166272,CASH_OUT,1,0
PAYSIM-6166280,TRANSFER,1,0
PAYSIM-6166281,CASH_OUT,1,0
PAYSIM-6166546,TRANSFER,1,0
PAYSIM-6166547,CASH_OUT,1,0
PAYSIM-6166724,TRANSFER,1,0
PAYSIM-6166725,CASH_OUT,1,0
PAYSIM-6166759,TRANSFER,1,0
PAYSIM-6166760,CASH_OUT,1,0
PAYSIM-6166764,TRANSFER,1,0
PAYSIM-6166765,CASH_OUT,1,0
PAYSIM-6166841,TRANSFER,1,0
PAYSIM-6166842,CASH_OUT,1,0
PAYSIM-6166980,TRANSFER,1,0
PAYSIM-6166981,CASH_OUT,1,0
PAYSIM-6167567,TRANSFER,1,0
PAYSIM-6167568,CASH_OUT,1,0
PAYSIM-6167694,TRANSFER,1,0
PAYSIM-6167695,CASH_OUT,1,0
PAYSIM-6168022,TRANSFER,1,0
PAYSIM-6168023,CASH_OUT,1,0
PAYSIM-6168337,TRANSFER,1,0
PAYSIM-6168338,CASH_OUT,1,0
PAYSIM-6168486,TRANSFER,1,0
PAYSIM-6168487,CASH_OUT,1,0
PAYSIM-6168488,TRANSFER,1,0
PAYSIM-6168489,CASH_OUT,1,0
PAYSIM-6168490,TRANSFER,1,0
PAYSIM-6168491,CASH_OUT,1,0
PAYSIM-6168492,TRANSFER,1,0
PAYSIM-6168493,CASH_OUT,1,0
PAYSIM-6168494,TRANSFER,1,0
PAYSIM-6168495,CASH_OUT,1,0
PAYSIM-6168496,TRANSFER,1,0
PAYSIM-6168497,CASH_OUT,1,0
PAYSIM-6168498,TRANSFER,1,0
PAYSIM-6168499,CASH_OUT,1,0
PAYSIM-6168500,TRANSFER,1,1
PAYSIM-6168502,TRANSFER,1,0
PAYSIM-6168503,CASH_OUT,1,0
PAYSIM-6168504,TRANSFER,1,0
PAYSIM-6168505,CASH_OUT,1,0
PAYSIM-6168506,TRANSFER,1,0
PAYSIM-6168507,CASH_OUT,1,0
PAYSIM-6168508,TRANSFER,1,0
PAYSIM-6168509,CASH_OUT,1,0
PAYSIM-6168510,TRANSFER,1,0
PAYSIM-6168511,CASH_OUT,1,0
PAYSIM-6168529,TRANSFER,1,0
PAYSIM-6168530,CASH_OUT,1,0
PAYSIM-6168630,TRANSFER,1,0
PAYSIM-6168631,CASH_OUT,1,0
PAYSIM-6168645,TRANSFER,1,0
PAYSIM-6168646,CASH_OUT,1,0
PAYSIM-6168656,TRANSFER,1,0
PAYSIM-6168657,CASH_OUT,1,0
PAYSIM-6168658,TRANSFER,1,0
PAYSIM-6168659,CASH_OUT,1,0
PAYSIM-6168660,TRANSFER,1,0
PAYSIM-6168661,CASH_OUT,1,0
PAYSIM-6168662,TRANSFER,1,0
PAYSIM-6168663,CASH_OUT,1,0
PAYSIM-6168664,TRANSFER,1,0
PAYSIM-6168665,CASH_OUT,1,0
PAYSIM-6168666,TRANSFER,1,0
PAYSIM-6168667,CASH_OUT,1,0
PAYSIM-6168668,TRANSFER,1,0
PAYSIM-6168669,CASH_OUT,1,0
PAYSIM-6168670,TRANSFER,1,0
PAYSIM-6168671,CASH_OUT,1,0
PAYSIM-6168672,TRANSFER,1,0
PAYSIM-6168673,CASH_OUT,1,0
PAYSIM-6168674,TRANSFER,1,0
PAYSIM-6168675,CASH_OUT,1,0
PAYSIM-6168676,TRANSFER,1,0
PAYSIM-6168677,CASH_OUT,1,0
PAYSIM-6168678,TRANSFER,1,0
PAYSIM-6168679,CASH_OUT,1,0
PAYSIM-6168680,TRANSFER,1,0
PAYSIM-6168681,CASH_OUT,1,0
PAYSIM-6168682,TRANSFER,1,0
PAYSIM-6168683,CASH_OUT,1,0
PAYSIM-6168684,TRANSFER,1,0
PAYSIM-6168685,CASH_OUT,1,0
PAYSIM-6168686,TRANSFER,1,0
PAYSIM-6168687,CASH_OUT,1,0
PAYSIM-6168688,TRANSFER,1,0
PAYSIM-6168689,CASH_OUT,1,0
PAYSIM-6168690,TRANSFER,1,0
PAYSIM-6168691,CASH_OUT,1,0
PAYSIM-6168692,TRANSFER,1,0
PAYSIM-6168693,CASH_OUT,1,0
PAYSIM-6168694,TRANSFER,1,0
PAYSIM-6168695,CASH_OUT,1,0
PAYSIM-6168696,TRANSFER,1,0
PAYSIM-6168697,CASH_OUT,1,0
PAYSIM-6168698,TRANSFER,1,0
PAYSIM-6168699,CASH_OUT,1,0
PAYSIM-6168700,TRANSFER,1,0
PAYSIM-6168701,CASH_OUT,1,0
PAYSIM-6168702,TRANSFER,1,0
PAYSIM-6168703,CASH_OUT,1,0
PAYSIM-6168704,TRANSFER,1,0
PAYSIM-6168705,CASH_OUT,1,0
PAYSIM-6168706,TRANSFER,1,0
PAYSIM-6168707,CASH_OUT,1,0
PAYSIM-6168708,TRANSFER,1,0
PAYSIM-6168709,CASH_OUT,1,0
PAYSIM-6168710,TRANSFER,1,0
PAYSIM-6168711,CASH_OUT,1,0
PAYSIM-6168712,TRANSFER,1,0
PAYSIM-6168713,CASH_OUT,1,0
PAYSIM-6168714,TRANSFER,1,0
PAYSIM-6168715,CASH_OUT,1,0
PAYSIM-6168716,TRANSFER,1,0
PAYSIM-6168717,CASH_OUT,1,0
PAYSIM-6168718,TRANSFER,1,0
PAYSIM-6168719,CASH_OUT,1,0
PAYSIM-6168720,TRANSFER,1,0
PAYSIM-6168721,CASH_OUT,1,0
PAYSIM-6168722,TRANSFER,1,0
PAYSIM-6168723,CASH_OUT,1,0
PAYSIM-6168724,TRANSFER,1,0
PAYSIM-6168725,CASH_OUT,1,0
PAYSIM-6168726,TRANSFER,1,0
PAYSIM-6168727,CASH_OUT,1,0
PAYSIM-6168728,TRANSFER,1,0
PAYSIM-6168729,CASH_OUT,1,0
PAYSIM-6168730,TRANSFER,1,0
PAYSIM-6168731,CASH_OUT,1,0
PAYSIM-6168732,TRANSFER,1,0
PAYSIM-6168733,CASH_OUT,1,0
PAYSIM-6168734,TRANSFER,1,0
PAYSIM-6168735,CASH_OUT,1,0
PAYSIM-6168736,TRANSFER,1,0
PAYSIM-6168737,CASH_OUT,1,0
PAYSIM-6168738,TRANSFER,1,0
PAYSIM-6168739,CASH_OUT,1,0
PAYSIM-6168740,TRANSFER,1,0
PAYSIM-6168741,CASH_OUT,1,0
PAYSIM-6169347,TRANSFER,1,0
PAYSIM-6169348,CASH_OUT,1,0
PAYSIM-6170318,TRANSFER,1,0
PAYSIM-6170319,CASH_OUT,1,0
PAYSIM-6170481,TRANSFER,1,0
PAYSIM-6170482,CASH_OUT,1,0
PAYSIM-6170520,TRANSFER,1,0
PAYSIM-6170521,CASH_OUT,1,0
PAYSIM-6171063,TRANSFER,1,0
PAYSIM-6171064,CASH_OUT,1,0
PAYSIM-6171375,TRANSFER,1,0
PAYSIM-6171376,CASH_OUT,1,0
PAYSIM-6171502,TRANSFER,1,0
PAYSIM-6171503,CASH_OUT,1,0
PAYSIM-6171541,TRANSFER,1,0
PAYSIM-6171542,CASH_OUT,1,0
PAYSIM-6171723,TRANSFER,1,0
PAYSIM-6171724,CASH_OUT,1,0
PAYSIM-6173012,TRANSFER,1,0
PAYSIM-6173013,CASH_OUT,1,0
PAYSIM-6174268,TRANSFER,1,0
PAYSIM-6174269,CASH_OUT,1,0
PAYSIM-6174412,TRANSFER,1,0
PAYSIM-6174413,CASH_OUT,1,0
PAYSIM-6174552,TRANSFER,1,0
PAYSIM-6174553,CASH_OUT,1,0
PAYSIM-6175133,TRANSFER,1,0
PAYSIM-6175134,CASH_OUT,1,0
PAYSIM-6175135,TRANSFER,1,0
PAYSIM-6175136,CASH_OUT,1,0
PAYSIM-6175272,TRANSFER,1,0
PAYSIM-6175273,CASH_OUT,1,0
PAYSIM-6175293,TRANSFER,1,0
PAYSIM-6175294,CASH_OUT,1,0
PAYSIM-6175795,TRANSFER,1,0
PAYSIM-6175796,CASH_OUT,1,0
PAYSIM-6176230,TRANSFER,1,0
PAYSIM-6176231,CASH_OUT,1,0
PAYSIM-6176727,TRANSFER,1,0
PAYSIM-6176728,CASH_OUT,1,0
PAYSIM-6176879,TRANSFER,1,0
PAYSIM-6176880,CASH_OUT,1,0
PAYSIM-6178608,TRANSFER,1,0
PAYSIM-6178609,CASH_OUT,1,0
PAYSIM-6179147,TRANSFER,1,0
PAYSIM-6179148,CASH_OUT,1,0
PAYSIM-6181228,TRANSFER,1,0
PAYSIM-6181229,CASH_OUT,1,0
PAYSIM-6181420,TRANSFER,1,0
PAYSIM-6181421,CASH_OUT,1,0
PAYSIM-6181536,TRANSFER,1,0
PAYSIM-6181537,CASH_OUT,1,0
PAYSIM-6183492,TRANSFER,1,0
PAYSIM-6183493,CASH_OUT,1,0
PAYSIM-6183882,TRANSFER,1,0
PAYSIM-6183883,CASH_OUT,1,0
PAYSIM-6184564,TRANSFER,1,0
PAYSIM-6184565,CASH_OUT,1,0
PAYSIM-6185980,TRANSFER,1,0
PAYSIM-6185981,CASH_OUT,1,0
PAYSIM-6186042,TRANSFER,1,0
PAYSIM-6186043,CASH_OUT,1,0
PAYSIM-6186774,TRANSFER,1,0
PAYSIM-6186775,CASH_OUT,1,0
PAYSIM-6186776,TRANSFER,1,0
PAYSIM-6186777,CASH_OUT,1,0
PAYSIM-6186778,TRANSFER,1,0
PAYSIM-6186779,CASH_OUT,1,0
PAYSIM-6186780,TRANSFER,1,0
PAYSIM-6186781,CASH_OUT,1,0
PAYSIM-6186782,TRANSFER,1,0
PAYSIM-6186783,CASH_OUT,1,0
PAYSIM-6186784,TRANSFER,1,0
PAYSIM-6186785,CASH_OUT,1,0
PAYSIM-6186786,TRANSFER,1,0
PAYSIM-6186787,CASH_OUT,1,0
PAYSIM-6187035,TRANSFER,1,0
PAYSIM-6187036,CASH_OUT,1,0
PAYSIM-6187205,TRANSFER,1,0
PAYSIM-6187206,CASH_OUT,1,0
PAYSIM-6187233,TRANSFER,1,0
PAYSIM-6187234,CASH_OUT,1,0
PAYSIM-6187268,TRANSFER,1,0
PAYSIM-6187269,CASH_OUT,1,0
PAYSIM-6187831,TRANSFER,1,0
PAYSIM-6187832,CASH_OUT,1,0
PAYSIM-6187833,TRANSFER,1,0
PAYSIM-6187834,CASH_OUT,1,0
PAYSIM-6187839,TRANSFER,1,0
PAYSIM-6187840,CASH_OUT,1,0
PAYSIM-6188083,TRANSFER,1,0
PAYSIM-6188084,CASH_OUT,1,0
PAYSIM-6188787,TRANSFER,1,0
PAYSIM-6188788,CASH_OUT,1,0
PAYSIM-6188957,TRANSFER,1,0
PAYSIM-6188958,CASH_OUT,1,0
PAYSIM-6189312,TRANSFER,1,0
PAYSIM-6189313,CASH_OUT,1,0
PAYSIM-6189344,TRANSFER,1,0
PAYSIM-6189345,CASH_OUT,1,0
PAYSIM-6190128,TRANSFER,1,0
PAYSIM-6190129,CASH_OUT,1,0
PAYSIM-6190349,TRANSFER,1,0
PAYSIM-6190350,CASH_OUT,1,0
PAYSIM-6191303,TRANSFER,1,0
PAYSIM-6191304,CASH_OUT,1,0
PAYSIM-6191330,TRANSFER,1,0
PAYSIM-6191331,CASH_OUT,1,0
PAYSIM-6193323,TRANSFER,1,0
PAYSIM-6193324,CASH_OUT,1,0
PAYSIM-6194191,TRANSFER,1,0
PAYSIM-6194192,CASH_OUT,1,0
PAYSIM-6194193,TRANSFER,1,0
PAYSIM-6194194,CASH_OUT,1,0
PAYSIM-6194195,TRANSFER,1,0
PAYSIM-6194196,CASH_OUT,1,0
PAYSIM-6194197,TRANSFER,1,0
PAYSIM-6194198,CASH_OUT,1,0
PAYSIM-6194199,TRANSFER,1,0
PAYSIM-6194200,CASH_OUT,1,0
PAYSIM-6194201,TRANSFER,1,0
PAYSIM-6194202,CASH_OUT,1,0
PAYSIM-6194203,TRANSFER,1,0
PAYSIM-6194204,CASH_OUT,1,0
PAYSIM-6194205,TRANSFER,1,0
PAYSIM-6194206,CASH_OUT,1,0
PAYSIM-6194207,TRANSFER,1,0
PAYSIM-6194208,CASH_OUT,1,0
PAYSIM-6194798,TRANSFER,1,0
PAYSIM-6194799,CASH_OUT,1,0
PAYSIM-6196335,TRANSFER,1,0
PAYSIM-6196336,CASH_OUT,1,0
PAYSIM-6196491,TRANSFER,1,0
PAYSIM-6196492,CASH_OUT,1,0
PAYSIM-6196590,TRANSFER,1,0
PAYSIM-6196591,CASH_OUT,1,0
PAYSIM-6198455,TRANSFER,1,0
PAYSIM-6198456,CASH_OUT,1,0
PAYSIM-6200004,TRANSFER,1,0
PAYSIM-6200005,CASH_OUT,1,0
PAYSIM-6200310,TRANSFER,1,0
PAYSIM-6200311,CASH_OUT,1,0
PAYSIM-6200312,TRANSFER,1,0
PAYSIM-6200313,CASH_OUT,1,0
PAYSIM-6200314,TRANSFER,1,0
PAYSIM-6200315,CASH_OUT,1,0
PAYSIM-6200316,TRANSFER,1,0
PAYSIM-6200317,CASH_OUT,1,0
PAYSIM-6200490,TRANSFER,1,0
PAYSIM-6200491,CASH_OUT,1,0
PAYSIM-6200560,TRANSFER,1,0
PAYSIM-6200561,CASH_OUT,1,0
PAYSIM-6200816,TRANSFER,1,0
PAYSIM-6200817,CASH_OUT,1,0
PAYSIM-6201007,TRANSFER,1,0
PAYSIM-6201008,CASH_OUT,1,0
PAYSIM-6201025,TRANSFER,1,0
PAYSIM-6201026,CASH_OUT,1,0
PAYSIM-6201127,TRANSFER,1,0
PAYSIM-6201128,CASH_OUT,1,0
PAYSIM-6201186,TRANSFER,1,0
PAYSIM-6201187,CASH_OUT,1,0
PAYSIM-6201210,TRANSFER,1,0
PAYSIM-6201211,CASH_OUT,1,0
PAYSIM-6201286,TRANSFER,1,0
PAYSIM-6201287,CASH_OUT,1,0
PAYSIM-6201410,TRANSFER,1,0
PAYSIM-6201411,CASH_OUT,1,0
PAYSIM-6201415,TRANSFER,1,0
PAYSIM-6201416,CASH_OUT,1,0
PAYSIM-6201469,TRANSFER,1,0
PAYSIM-6201470,CASH_OUT,1,0
PAYSIM-6201541,TRANSFER,1,0
PAYSIM-6201542,CASH_OUT,1,0
PAYSIM-6201643,TRANSFER,1,0
PAYSIM-6201644,CASH_OUT,1,0
PAYSIM-6201645,TRANSFER,1,0
PAYSIM-6201646,CASH_OUT,1,0
PAYSIM-6201651,TRANSFER,1,0
PAYSIM-6201652,CASH_OUT,1,0
PAYSIM-6201654,TRANSFER,1,0
PAYSIM-6201655,CASH_OUT,1,0
PAYSIM-6201661,TRANSFER,1,0
PAYSIM-6201662,CASH_OUT,1,0
PAYSIM-6201707,TRANSFER,1,0
PAYSIM-6201708,CASH_OUT,1,0
PAYSIM-6201734,TRANSFER,1,0
PAYSIM-6201735,CASH_OUT,1,0
PAYSIM-6201740,TRANSFER,1,0
PAYSIM-6201741,CASH_OUT,1,0
PAYSIM-6201754,TRANSFER,1,0
PAYSIM-6201755,CASH_OUT,1,0
PAYSIM-6201756,TRANSFER,1,0
PAYSIM-6201757,CASH_OUT,1,0
PAYSIM-6201828,TRANSFER,1,0
PAYSIM-6201829,CASH_OUT,1,0
PAYSIM-6201830,TRANSFER,1,0
PAYSIM-6201831,CASH_OUT,1,0
PAYSIM-6201832,TRANSFER,1,0
PAYSIM-6201833,CASH_OUT,1,0
PAYSIM-6201834,TRANSFER,1,0
PAYSIM-6201835,CASH_OUT,1,0
PAYSIM-6201836,TRANSFER,1,0
PAYSIM-6201837,CASH_OUT,1,0
PAYSIM-6201838,TRANSFER,1,0
PAYSIM-6201839,CASH_OUT,1,0
PAYSIM-6201876,TRANSFER,1,0
PAYSIM-6201877,CASH_OUT,1,0
PAYSIM-6201879,TRANSFER,1,0
PAYSIM-6201880,CASH_OUT,1,0
PAYSIM-6201882,TRANSFER,1,0
PAYSIM-6201883,CASH_OUT,1,0
PAYSIM-6201885,TRANSFER,1,0
PAYSIM-6201886,CASH_OUT,1,0
PAYSIM-6201890,TRANSFER,1,0
PAYSIM-6201891,CASH_OUT,1,0
PAYSIM-6201898,TRANSFER,1,0
PAYSIM-6201899,CASH_OUT,1,0
PAYSIM-6201900,TRANSFER,1,0
PAYSIM-6201901,CASH_OUT,1,0
PAYSIM-6201902,TRANSFER,1,0
PAYSIM-6201903,CASH_OUT,1,0
PAYSIM-6201904,TRANSFER,1,0
PAYSIM-6201905,CASH_OUT,1,0
PAYSIM-6201906,TRANSFER,1,0
PAYSIM-6201907,CASH_OUT,1,0
PAYSIM-6201998,TRANSFER,1,0
PAYSIM-6201999,CASH_OUT,1,0
PAYSIM-6202042,TRANSFER,1,0
PAYSIM-6202043,CASH_OUT,1,0
PAYSIM-6202224,TRANSFER,1,0
PAYSIM-6202225,CASH_OUT,1,0
PAYSIM-6202287,TRANSFER,1,0
PAYSIM-6202288,CASH_OUT,1,0
PAYSIM-6202290,TRANSFER,1,0
PAYSIM-6202291,CASH_OUT,1,0
PAYSIM-6202385,TRANSFER,1,0
PAYSIM-6202386,CASH_OUT,1,0
PAYSIM-6202393,TRANSFER,1,0
PAYSIM-6202394,CASH_OUT,1,0
PAYSIM-6202670,TRANSFER,1,0
PAYSIM-6202671,CASH_OUT,1,0
PAYSIM-6202683,TRANSFER,1,0
PAYSIM-6202684,CASH_OUT,1,0
PAYSIM-6202685,TRANSFER,1,0
PAYSIM-6202686,CASH_OUT,1,0
PAYSIM-6202687,TRANSFER,1,0
PAYSIM-6202688,CASH_OUT,1,0
PAYSIM-6202689,TRANSFER,1,0
PAYSIM-6202690,CASH_OUT,1,0
PAYSIM-6202691,TRANSFER,1,0
PAYSIM-6202692,CASH_OUT,1,0
PAYSIM-6202693,TRANSFER,1,0
PAYSIM-6202694,CASH_OUT,1,0
PAYSIM-6202695,TRANSFER,1,0
PAYSIM-6202696,CASH_OUT,1,0
PAYSIM-6202697,TRANSFER,1,0
PAYSIM-6202698,CASH_OUT,1,0
PAYSIM-6202774,TRANSFER,1,0
PAYSIM-6202775,CASH_OUT,1,0
PAYSIM-6202791,TRANSFER,1,0
PAYSIM-6202792,CASH_OUT,1,0
PAYSIM-6202822,TRANSFER,1,0
PAYSIM-6202823,CASH_OUT,1,0
PAYSIM-6202843,TRANSFER,1,0
PAYSIM-6202844,CASH_OUT,1,0
PAYSIM-6203410,TRANSFER,1,0
PAYSIM-6203411,CASH_OUT,1,0
PAYSIM-6204444,TRANSFER,1,0
PAYSIM-6204445,CASH_OUT,1,0
PAYSIM-6204605,TRANSFER,1,0
PAYSIM-6204606,CASH_OUT,1,0
PAYSIM-6205434,TRANSFER,1,0
PAYSIM-6205435,CASH_OUT,1,0
PAYSIM-6205436,TRANSFER,1,0
PAYSIM-6205437,CASH_OUT,1,0
PAYSIM-6205438,TRANSFER,1,0
PAYSIM-6205439,CASH_OUT,1,0
PAYSIM-6205440,TRANSFER,1,1
PAYSIM-6206417,TRANSFER,1,0
PAYSIM-6206418,CASH_OUT,1,0
PAYSIM-6206519,TRANSFER,1,0
PAYSIM-6206520,CASH_OUT,1,0
PAYSIM-6207264,TRANSFER,1,0
PAYSIM-6207265,CASH_OUT,1,0
PAYSIM-6207297,TRANSFER,1,0
PAYSIM-6207298,CASH_OUT,1,0
PAYSIM-6207689,TRANSFER,1,0
PAYSIM-6207690,CASH_OUT,1,0
PAYSIM-6209826,TRANSFER,1,0
PAYSIM-6209827,CASH_OUT,1,0
PAYSIM-6210710,TRANSFER,1,0
PAYSIM-6210711,CASH_OUT,1,0
PAYSIM-6212776,TRANSFER,1,0
PAYSIM-6212777,CASH_OUT,1,0
PAYSIM-6213538,TRANSFER,1,0
PAYSIM-6213539,CASH_OUT,1,0
PAYSIM-6213541,TRANSFER,1,0
PAYSIM-6213542,CASH_OUT,1,0
PAYSIM-6213753,TRANSFER,1,0
PAYSIM-6213754,CASH_OUT,1,0
PAYSIM-6216502,TRANSFER,1,0
PAYSIM-6216503,CASH_OUT,1,0
PAYSIM-6221047,TRANSFER,1,0
PAYSIM-6221048,CASH_OUT,1,0
PAYSIM-6221527,TRANSFER,1,0
PAYSIM-6221528,CASH_OUT,1,0
PAYSIM-6223227,TRANSFER,1,0
PAYSIM-6223228,CASH_OUT,1,0
PAYSIM-6226751,TRANSFER,1,0
PAYSIM-6226752,CASH_OUT,1,0
PAYSIM-6227071,TRANSFER,1,0
PAYSIM-6227072,CASH_OUT,1,0
PAYSIM-6227075,TRANSFER,1,0
PAYSIM-6227076,CASH_OUT,1,0
PAYSIM-6227078,TRANSFER,1,0
PAYSIM-6227079,CASH_OUT,1,0
PAYSIM-6227092,TRANSFER,1,0
PAYSIM-6227093,CASH_OUT,1,0
PAYSIM-6227114,TRANSFER,1,0
PAYSIM-6227115,CASH_OUT,1,0
PAYSIM-6227122,TRANSFER,1,0
PAYSIM-6227123,CASH_OUT,1,0
PAYSIM-6228965,TRANSFER,1,0
PAYSIM-6228966,CASH_OUT,1,0
PAYSIM-6231088,TRANSFER,1,0
PAYSIM-6231089,CASH_OUT,1,0
PAYSIM-6231478,TRANSFER,1,0
PAYSIM-6231479,CASH_OUT,1,0
PAYSIM-6232266,TRANSFER,1,0
PAYSIM-6232267,CASH_OUT,1,0
PAYSIM-6232270,TRANSFER,1,0
PAYSIM-6232271,CASH_OUT,1,0
PAYSIM-6232501,TRANSFER,1,0
PAYSIM-6232502,CASH_OUT,1,0
PAYSIM-6232503,TRANSFER,1,0
PAYSIM-6232504,CASH_OUT,1,0
PAYSIM-6233287,TRANSFER,1,0
PAYSIM-6233288,CASH_OUT,1,0
PAYSIM-6235921,TRANSFER,1,0
PAYSIM-6235922,CASH_OUT,1,0
PAYSIM-6237171,TRANSFER,1,0
PAYSIM-6237172,CASH_OUT,1,0
PAYSIM-6238419,TRANSFER,1,0
PAYSIM-6238420,CASH_OUT,1,0
PAYSIM-6238907,TRANSFER,1,0
PAYSIM-6238908,CASH_OUT,1,0
PAYSIM-6239362,TRANSFER,1,0
PAYSIM-6239363,CASH_OUT,1,0
PAYSIM-6240447,TRANSFER,1,0
PAYSIM-6240448,CASH_OUT,1,0
PAYSIM-6242329,TRANSFER,1,0
PAYSIM-6242330,CASH_OUT,1,0
PAYSIM-6242716,TRANSFER,1,0
PAYSIM-6242717,CASH_OUT,1,0
PAYSIM-6243166,TRANSFER,1,0
PAYSIM-6243167,CASH_OUT,1,0
PAYSIM-6243646,TRANSFER,1,0
PAYSIM-6243647,CASH_OUT,1,0
PAYSIM-6245667,TRANSFER,1,0
PAYSIM-6245668,CASH_OUT,1,0
PAYSIM-6248335,TRANSFER,1,0
PAYSIM-6248336,CASH_OUT,1,0
PAYSIM-6249104,TRANSFER,1,0
PAYSIM-6249105,CASH_OUT,1,0
PAYSIM-6252831,TRANSFER,1,0
PAYSIM-6252832,CASH_OUT,1,0
PAYSIM-6254815,TRANSFER,1,0
PAYSIM-6254816,CASH_OUT,1,0
PAYSIM-6255874,TRANSFER,1,0
PAYSIM-6255875,CASH_OUT,1,0
PAYSIM-6256182,TRANSFER,1,0
PAYSIM-6256183,CASH_OUT,1,0
PAYSIM-6256720,TRANSFER,1,0
PAYSIM-6256721,CASH_OUT,1,0
PAYSIM-6256792,TRANSFER,1,0
PAYSIM-6256793,CASH_OUT,1,0
PAYSIM-6258307,TRANSFER,1,0
PAYSIM-6258308,CASH_OUT,1,0
PAYSIM-6258429,TRANSFER,1,0
PAYSIM-6258430,CASH_OUT,1,0
PAYSIM-6258969,TRANSFER,1,0
PAYSIM-6258970,CASH_OUT,1,0
PAYSIM-6259030,TRANSFER,1,0
PAYSIM-6259031,CASH_OUT,1,0
PAYSIM-6259032,TRANSFER,1,0
PAYSIM-6259033,CASH_OUT,1,0
PAYSIM-6259034,TRANSFER,1,0
PAYSIM-6259035,CASH_OUT,1,0
PAYSIM-6259036,TRANSFER,1,0
PAYSIM-6259037,CASH_OUT,1,0
PAYSIM-6259038,TRANSFER,1,0
PAYSIM-6259039,CASH_OUT,1,0
PAYSIM-6259040,TRANSFER,1,0
PAYSIM-6259041,CASH_OUT,1,0
PAYSIM-6259042,TRANSFER,1,0
PAYSIM-6259043,CASH_OUT,1,0
PAYSIM-6259044,TRANSFER,1,0
PAYSIM-6259045,CASH_OUT,1,0
PAYSIM-6259046,TRANSFER,1,0
PAYSIM-6259047,CASH_OUT,1,0
PAYSIM-6259308,TRANSFER,1,0
PAYSIM-6259309,CASH_OUT,1,0
PAYSIM-6259434,TRANSFER,1,0
PAYSIM-6259435,CASH_OUT,1,0
PAYSIM-6259529,TRANSFER,1,0
PAYSIM-6259530,CASH_OUT,1,0
PAYSIM-6259536,TRANSFER,1,0
PAYSIM-6259537,CASH_OUT,1,0
PAYSIM-6259817,TRANSFER,1,0
PAYSIM-6259818,CASH_OUT,1,0
PAYSIM-6259913,TRANSFER,1,0
PAYSIM-6259914,CASH_OUT,1,0
PAYSIM-6259915,TRANSFER,1,0
PAYSIM-6259916,CASH_OUT,1,0
PAYSIM-6259917,TRANSFER,1,0
PAYSIM-6259918,CASH_OUT,1,0
PAYSIM-6259919,TRANSFER,1,0
PAYSIM-6259920,CASH_OUT,1,0
PAYSIM-6259921,TRANSFER,1,0
PAYSIM-6259922,CASH_OUT,1,0
PAYSIM-6259923,TRANSFER,1,0
PAYSIM-6259924,CASH_OUT,1,0
PAYSIM-6259925,TRANSFER,1,0
PAYSIM-6259926,CASH_OUT,1,0
PAYSIM-6259927,TRANSFER,1,0
PAYSIM-6259928,CASH_OUT,1,0
PAYSIM-6259929,TRANSFER,1,0
PAYSIM-6259930,CASH_OUT,1,0
PAYSIM-6259931,TRANSFER,1,0
PAYSIM-6259932,CASH_OUT,1,0
PAYSIM-6259933,TRANSFER,1,0
PAYSIM-6259934,CASH_OUT,1,0
PAYSIM-6259935,TRANSFER,1,0
PAYSIM-6259936,CASH_OUT,1,0
PAYSIM-6259937,TRANSFER,1,0
PAYSIM-6259938,CASH_OUT,1,0
PAYSIM-6259939,TRANSFER,1,0
PAYSIM-6259940,CASH_OUT,1,0
PAYSIM-6259941,TRANSFER,1,0
PAYSIM-6259942,CASH_OUT,1,0
PAYSIM-6259943,TRANSFER,1,0
PAYSIM-6259944,CASH_OUT,1,0
PAYSIM-6259945,TRANSFER,1,0
PAYSIM-6259946,CASH_OUT,1,0
PAYSIM-6259947,TRANSFER,1,0
PAYSIM-6259948,CASH_OUT,1,0
PAYSIM-6259949,TRANSFER,1,0
PAYSIM-6259950,CASH_OUT,1,0
PAYSIM-6259951,TRANSFER,1,0
PAYSIM-6259952,CASH_OUT,1,0
PAYSIM-6259953,TRANSFER,1,0
PAYSIM-6259954,CASH_OUT,1,0
PAYSIM-6259955,TRANSFER,1,0
PAYSIM-6259956,CASH_OUT,1,0
PAYSIM-6259957,TRANSFER,1,0
PAYSIM-6259958,CASH_OUT,1,0
PAYSIM-6259959,TRANSFER,1,0
PAYSIM-6259960,CASH_OUT,1,0
PAYSIM-6259961,TRANSFER,1,0
PAYSIM-6259962,CASH_OUT,1,0
PAYSIM-6259963,TRANSFER,1,0
PAYSIM-6259964,CASH_OUT,1,0
PAYSIM-6259965,TRANSFER,1,0
PAYSIM-6259966,CASH_OUT,1,0
PAYSIM-6259967,TRANSFER,1,0
PAYSIM-6259968,CASH_OUT,1,0
PAYSIM-6259969,TRANSFER,1,0
PAYSIM-6259970,CASH_OUT,1,0
PAYSIM-6259971,TRANSFER,1,0
PAYSIM-6259972,CASH_OUT,1,0
PAYSIM-6259973,TRANSFER,1,0
PAYSIM-6259974,CASH_OUT,1,0
PAYSIM-6259975,TRANSFER,1,0
PAYSIM-6259976,CASH_OUT,1,0
PAYSIM-6259977,TRANSFER,1,0
PAYSIM-6259978,CASH_OUT,1,0
PAYSIM-6259988,TRANSFER,1,0
PAYSIM-6259989,CASH_OUT,1,0
PAYSIM-6260212,TRANSFER,1,0
PAYSIM-6260213,CASH_OUT,1,0
PAYSIM-6260297,TRANSFER,1,0
PAYSIM-6260298,CASH_OUT,1,0
PAYSIM-6260392,TRANSFER,1,0
PAYSIM-6260393,CASH_OUT,1,0
PAYSIM-6260425,TRANSFER,1,0
PAYSIM-6260426,CASH_OUT,1,0
PAYSIM-6260572,TRANSFER,1,0
PAYSIM-6260573,CASH_OUT,1,0
PAYSIM-6260574,TRANSFER,1,0
PAYSIM-6260575,CASH_OUT,1,0
PAYSIM-6260944,TRANSFER,1,0
PAYSIM-6260945,CASH_OUT,1,0
PAYSIM-6261061,TRANSFER,1,0
PAYSIM-6261062,CASH_OUT,1,0
PAYSIM-6261063,TRANSFER,1,0
PAYSIM-6261064,CASH_OUT,1,0
PAYSIM-6261065,TRANSFER,1,0
PAYSIM-6261066,CASH_OUT,1,0
PAYSIM-6261067,TRANSFER,1,0
PAYSIM-6261068,CASH_OUT,1,0
PAYSIM-6261323,TRANSFER,1,0
PAYSIM-6261324,CASH_OUT,1,0
PAYSIM-6261448,TRANSFER,1,0
PAYSIM-6261449,CASH_OUT,1,0
PAYSIM-6261595,TRANSFER,1,0
PAYSIM-6261596,CASH_OUT,1,0
PAYSIM-6261907,TRANSFER,1,0
PAYSIM-6261908,CASH_OUT,1,0
PAYSIM-6262141,TRANSFER,1,0
PAYSIM-6262142,CASH_OUT,1,0
PAYSIM-6262211,TRANSFER,1,0
PAYSIM-6262212,CASH_OUT,1,0
PAYSIM-6262268,TRANSFER,1,0
PAYSIM-6262269,CASH_OUT,1,0
PAYSIM-6262270,TRANSFER,1,0
PAYSIM-6262271,CASH_OUT,1,0
PAYSIM-6262272,TRANSFER,1,0
PAYSIM-6262273,CASH_OUT,1,0
PAYSIM-6262274,TRANSFER,1,0
PAYSIM-6262275,CASH_OUT,1,0
PAYSIM-6262276,TRANSFER,1,0
PAYSIM-6262277,CASH_OUT,1,0
PAYSIM-6262278,TRANSFER,1,0
PAYSIM-6262279,CASH_OUT,1,0
PAYSIM-6262280,TRANSFER,1,0
PAYSIM-6262281,CASH_OUT,1,0
PAYSIM-6262608,TRANSFER,1,0
PAYSIM-6262609,CASH_OUT,1,0
PAYSIM-6262654,TRANSFER,1,0
PAYSIM-6262655,CASH_OUT,1,0
PAYSIM-6262825,TRANSFER,1,0
PAYSIM-6262826,CASH_OUT,1,0
PAYSIM-6262829,TRANSFER,1,0
PAYSIM-6262830,CASH_OUT,1,0
PAYSIM-6262999,TRANSFER,1,0
PAYSIM-6263000,CASH_OUT,1,0
PAYSIM-6264914,TRANSFER,1,0
PAYSIM-6264915,CASH_OUT,1,0
PAYSIM-6264959,TRANSFER,1,0
PAYSIM-6264960,CASH_OUT,1,0
PAYSIM-6264961,TRANSFER,1,0
PAYSIM-6264962,CASH_OUT,1,0
PAYSIM-6264963,TRANSFER,1,0
PAYSIM-6264964,CASH_OUT,1,0
PAYSIM-6264965,TRANSFER,1,0
PAYSIM-6264966,CASH_OUT,1,0
PAYSIM-6264967,TRANSFER,1,0
PAYSIM-6264968,CASH_OUT,1,0
PAYSIM-6264969,TRANSFER,1,0
PAYSIM-6264970,CASH_OUT,1,0
PAYSIM-6264972,TRANSFER,1,0
PAYSIM-6264973,CASH_OUT,1,0
PAYSIM-6264974,TRANSFER,1,0
PAYSIM-6264975,CASH_OUT,1,0
PAYSIM-6264976,TRANSFER,1,0
PAYSIM-6264977,CASH_OUT,1,0
PAYSIM-6265002,TRANSFER,1,0
PAYSIM-6265003,CASH_OUT,1,0
PAYSIM-6265137,TRANSFER,1,0
PAYSIM-6265138,CASH_OUT,1,0
PAYSIM-6265328,TRANSFER,1,0
PAYSIM-6265329,CASH_OUT,1,0
PAYSIM-6265346,TRANSFER,1,0
PAYSIM-6265347,CASH_OUT,1,0
PAYSIM-6265403,TRANSFER,1,0
PAYSIM-6265404,CASH_OUT,1,0
PAYSIM-6265562,TRANSFER,1,0
PAYSIM-6265563,CASH_OUT,1,0
PAYSIM-6265589,TRANSFER,1,0
PAYSIM-6265590,CASH_OUT,1,0
PAYSIM-6265831,TRANSFER,1,0
PAYSIM-6265832,CASH_OUT,1,0
PAYSIM-6266212,TRANSFER,1,0
PAYSIM-6266213,CASH_OUT,1,0
PAYSIM-6266282,TRANSFER,1,0
PAYSIM-6266283,CASH_OUT,1,0
PAYSIM-6266284,TRANSFER,1,0
PAYSIM-6266285,CASH_OUT,1,0
PAYSIM-6266286,TRANSFER,1,0
PAYSIM-6266287,CASH_OUT,1,0
PAYSIM-6266288,TRANSFER,1,0
PAYSIM-6266289,CASH_OUT,1,0
PAYSIM-6266290,TRANSFER,1,0
PAYSIM-6266291,CASH_OUT,1,0
PAYSIM-6266292,TRANSFER,1,0
PAYSIM-6266293,CASH_OUT,1,0
PAYSIM-6266294,TRANSFER,1,0
PAYSIM-6266295,CASH_OUT,1,0
PAYSIM-6266406,TRANSFER,1,0
PAYSIM-6266407,CASH_OUT,1,0
PAYSIM-6266408,TRANSFER,1,0
PAYSIM-6266409,CASH_OUT,1,0
PAYSIM-6266410,TRANSFER,1,0
PAYSIM-6266411,CASH_OUT,1,0
PAYSIM-6266412,TRANSFER,1,0
PAYSIM-6266413,CASH_OUT,1,0
PAYSIM-6266414,TRANSFER,1,1
PAYSIM-6267540,TRANSFER,1,0
PAYSIM-6267541,CASH_OUT,1,0
PAYSIM-6268083,TRANSFER,1,0
PAYSIM-6268084,CASH_OUT,1,0
PAYSIM-6268642,TRANSFER,1,0
PAYSIM-6268643,CASH_OUT,1,0
PAYSIM-6268976,TRANSFER,1,0
PAYSIM-6268977,CASH_OUT,1,0
PAYSIM-6268978,TRANSFER,1,0
PAYSIM-6268979,CASH_OUT,1,0
PAYSIM-6268980,TRANSFER,1,0
PAYSIM-6268981,CASH_OUT,1,0
PAYSIM-6268982,TRANSFER,1,0
PAYSIM-6268983,CASH_OUT,1,0
PAYSIM-6269554,TRANSFER,1,0
PAYSIM-6269555,CASH_OUT,1,0
PAYSIM-6269758,TRANSFER,1,0
PAYSIM-6269759,CASH_OUT,1,0
PAYSIM-6270345,TRANSFER,1,0
PAYSIM-6270346,CASH_OUT,1,0
PAYSIM-6270649,TRANSFER,1,0
PAYSIM-6270650,CASH_OUT,1,0
PAYSIM-6271133,TRANSFER,1,0
PAYSIM-6271134,CASH_OUT,1,0
PAYSIM-6271473,TRANSFER,1,0
PAYSIM-6271474,CASH_OUT,1,0
PAYSIM-6271493,TRANSFER,1,0
PAYSIM-6271494,CASH_OUT,1,0
PAYSIM-6271784,TRANSFER,1,0
PAYSIM-6271785,CASH_OUT,1,0
PAYSIM-6271786,TRANSFER,1,0
PAYSIM-6271787,CASH_OUT,1,0
PAYSIM-6271788,TRANSFER,1,0
PAYSIM-6271789,CASH_OUT,1,0
PAYSIM-6271790,TRANSFER,1,0
PAYSIM-6271791,CASH_OUT,1,0
PAYSIM-6272031,TRANSFER,1,0
PAYSIM-6272032,CASH_OUT,1,0
PAYSIM-6272068,TRANSFER,1,0
PAYSIM-6272069,CASH_OUT,1,0
PAYSIM-6272188,TRANSFER,1,0
PAYSIM-6272189,CASH_OUT,1,0
PAYSIM-6272261,TRANSFER,1,0
PAYSIM-6272262,CASH_OUT,1,0
PAYSIM-6272264,TRANSFER,1,0
PAYSIM-6272265,CASH_OUT,1,0
PAYSIM-6272282,TRANSFER,1,0
PAYSIM-6272283,CASH_OUT,1,0
PAYSIM-6272318,TRANSFER,1,0
PAYSIM-6272319,CASH_OUT,1,0
PAYSIM-6272362,TRANSFER,1,0
PAYSIM-6272363,CASH_OUT,1,0
PAYSIM-6272553,TRANSFER,1,0
PAYSIM-6272554,CASH_OUT,1,0
PAYSIM-6272913,TRANSFER,1,0
PAYSIM-6272914,CASH_OUT,1,0
PAYSIM-6272915,TRANSFER,1,0
PAYSIM-6272916,CASH_OUT,1,0
PAYSIM-6272917,TRANSFER,1,0
PAYSIM-6272918,CASH_OUT,1,0
PAYSIM-6272919,TRANSFER,1,0
PAYSIM-6272920,CASH_OUT,1,0
PAYSIM-6272921,TRANSFER,1,0
PAYSIM-6272922,CASH_OUT,1,0
PAYSIM-6272923,TRANSFER,1,0
PAYSIM-6272924,CASH_OUT,1,0
PAYSIM-6272925,TRANSFER,1,0
PAYSIM-6272926,CASH_OUT,1,0
PAYSIM-6272927,TRANSFER,1,0
PAYSIM-6272928,CASH_OUT,1,0
PAYSIM-6272929,TRANSFER,1,0
PAYSIM-6272930,CASH_OUT,1,0
PAYSIM-6272931,TRANSFER,1,0
PAYSIM-6272932,CASH_OUT,1,0
PAYSIM-6272933,TRANSFER,1,0
PAYSIM-6272934,CASH_OUT,1,0
PAYSIM-6272935,TRANSFER,1,0
PAYSIM-6272936,CASH_OUT,1,0
PAYSIM-6272937,TRANSFER,1,0
PAYSIM-6272938,CASH_OUT,1,0
PAYSIM-6272939,TRANSFER,1,0
PAYSIM-6272940,CASH_OUT,1,0
PAYSIM-6272941,TRANSFER,1,0
PAYSIM-6272942,CASH_OUT,1,0
PAYSIM-6272943,TRANSFER,1,0
PAYSIM-6272944,CASH_OUT,1,0
PAYSIM-6272945,TRANSFER,1,0
PAYSIM-6272946,CASH_OUT,1,0
PAYSIM-6272947,TRANSFER,1,0
PAYSIM-6272948,CASH_OUT,1,0
PAYSIM-6272949,TRANSFER,1,0
PAYSIM-6272950,CASH_OUT,1,0
PAYSIM-6272951,TRANSFER,1,0
PAYSIM-6272952,CASH_OUT,1,0
PAYSIM-6272953,TRANSFER,1,0
PAYSIM-6272954,CASH_OUT,1,0
PAYSIM-6272955,TRANSFER,1,0
PAYSIM-6272956,CASH_OUT,1,0
PAYSIM-6272957,TRANSFER,1,0
PAYSIM-6272958,CASH_OUT,1,0
PAYSIM-6272959,TRANSFER,1,0
PAYSIM-6272960,CASH_OUT,1,0
PAYSIM-6272961,TRANSFER,1,0
PAYSIM-6272962,CASH_OUT,1,0
PAYSIM-6272963,TRANSFER,1,0
PAYSIM-6272964,CASH_OUT,1,0
PAYSIM-6272965,TRANSFER,1,0
PAYSIM-6272966,CASH_OUT,1,0
PAYSIM-6272967,TRANSFER,1,0
PAYSIM-6272968,CASH_OUT,1,0
PAYSIM-6272969,TRANSFER,1,0
PAYSIM-6272970,CASH_OUT,1,0
PAYSIM-6272971,TRANSFER,1,0
PAYSIM-6272972,CASH_OUT,1,0
PAYSIM-6272973,TRANSFER,1,0
PAYSIM-6272974,CASH_OUT,1,0
PAYSIM-6272975,TRANSFER,1,0
PAYSIM-6272976,CASH_OUT,1,0
PAYSIM-6272977,TRANSFER,1,0
PAYSIM-6272978,CASH_OUT,1,0
PAYSIM-6272979,TRANSFER,1,0
PAYSIM-6272980,CASH_OUT,1,0
PAYSIM-6272981,TRANSFER,1,0
PAYSIM-6272982,CASH_OUT,1,0
PAYSIM-6272983,TRANSFER,1,0
PAYSIM-6272984,CASH_OUT,1,0
PAYSIM-6272985,TRANSFER,1,0
PAYSIM-6272986,CASH_OUT,1,0
PAYSIM-6272987,TRANSFER,1,0
PAYSIM-6272988,CASH_OUT,1,0
PAYSIM-6272989,TRANSFER,1,0
PAYSIM-6272990,CASH_OUT,1,0
PAYSIM-6272991,TRANSFER,1,0
PAYSIM-6272992,CASH_OUT,1,0
PAYSIM-6272994,TRANSFER,1,0
PAYSIM-6272995,CASH_OUT,1,0
PAYSIM-6273113,TRANSFER,1,0
PAYSIM-6273114,CASH_OUT,1,0
PAYSIM-6273143,TRANSFER,1,0
PAYSIM-6273144,CASH_OUT,1,0
PAYSIM-6273145,TRANSFER,1,0
PAYSIM-6273146,CASH_OUT,1,0
PAYSIM-6273147,TRANSFER,1,0
PAYSIM-6273148,CASH_OUT,1,0
PAYSIM-6273149,TRANSFER,1,0
PAYSIM-6273150,CASH_OUT,1,0
PAYSIM-6273151,TRANSFER,1,0
PAYSIM-6273152,CASH_OUT,1,0
PAYSIM-6273153,TRANSFER,1,0
PAYSIM-6273154,CASH_OUT,1,0
PAYSIM-6273155,TRANSFER,1,0
PAYSIM-6273156,CASH_OUT,1,0
PAYSIM-6273157,TRANSFER,1,0
PAYSIM-6273158,CASH_OUT,1,0
PAYSIM-6273159,TRANSFER,1,0
PAYSIM-6273160,CASH_OUT,1,0
PAYSIM-6273161,TRANSFER,1,0
PAYSIM-6273162,CASH_OUT,1,0
PAYSIM-6273163,TRANSFER,1,0
PAYSIM-6273164,CASH_OUT,1,0
PAYSIM-6273165,TRANSFER,1,0
PAYSIM-6273166,CASH_OUT,1,0
PAYSIM-6273167,TRANSFER,1,0
PAYSIM-6273168,CASH_OUT,1,0
PAYSIM-6273169,TRANSFER,1,0
PAYSIM-6273170,CASH_OUT,1,0
PAYSIM-6273171,TRANSFER,1,0
PAYSIM-6273172,CASH_OUT,1,0
PAYSIM-6273173,TRANSFER,1,0
PAYSIM-6273174,CASH_OUT,1,0
PAYSIM-6273175,TRANSFER,1,0
PAYSIM-6273176,CASH_OUT,1,0
PAYSIM-6273177,TRANSFER,1,0
PAYSIM-6273178,CASH_OUT,1,0
PAYSIM-6273179,TRANSFER,1,0
PAYSIM-6273180,CASH_OUT,1,0
PAYSIM-6273181,TRANSFER,1,0
PAYSIM-6273182,CASH_OUT,1,0
PAYSIM-6273183,TRANSFER,1,0
PAYSIM-6273184,CASH_OUT,1,0
PAYSIM-6273185,TRANSFER,1,0
PAYSIM-6273186,CASH_OUT,1,0
PAYSIM-6273187,TRANSFER,1,0
PAYSIM-6273188,CASH_OUT,1,0
PAYSIM-6273189,TRANSFER,1,0
PAYSIM-6273190,CASH_OUT,1,0
PAYSIM-6273191,TRANSFER,1,0
PAYSIM-6273192,CASH_OUT,1,0
PAYSIM-6273193,TRANSFER,1,0
PAYSIM-6273194,CASH_OUT,1,0
PAYSIM-6273195,TRANSFER,1,0
PAYSIM-6273196,CASH_OUT,1,0
PAYSIM-6273197,TRANSFER,1,0
PAYSIM-6273198,CASH_OUT,1,0
PAYSIM-6273199,TRANSFER,1,0
PAYSIM-6273200,CASH_OUT,1,0
PAYSIM-6273201,TRANSFER,1,0
PAYSIM-6273202,CASH_OUT,1,0
PAYSIM-6273203,TRANSFER,1,0
PAYSIM-6273204,CASH_OUT,1,0
PAYSIM-6273205,TRANSFER,1,0
PAYSIM-6273206,CASH_OUT,1,0
PAYSIM-6273207,TRANSFER,1,0
PAYSIM-6273208,CASH_OUT,1,0
PAYSIM-6273674,TRANSFER,1,0
PAYSIM-6273675,CASH_OUT,1,0
PAYSIM-6274161,TRANSFER,1,0
PAYSIM-6274162,CASH_OUT,1,0
PAYSIM-6274626,TRANSFER,1,0
PAYSIM-6274627,CASH_OUT,1,0
PAYSIM-6274948,TRANSFER,1,0
PAYSIM-6274949,CASH_OUT,1,0
PAYSIM-6275273,TRANSFER,1,0
PAYSIM-6275274,CASH_OUT,1,0
PAYSIM-6276583,TRANSFER,1,0
PAYSIM-6276584,CASH_OUT,1,0
PAYSIM-6276599,TRANSFER,1,0
PAYSIM-6276600,CASH_OUT,1,0
PAYSIM-6276601,TRANSFER,1,0
PAYSIM-6276602,CASH_OUT,1,0
PAYSIM-6276603,TRANSFER,1,0
PAYSIM-6276604,CASH_OUT,1,0
PAYSIM-6276605,TRANSFER,1,0
PAYSIM-6276606,CASH_OUT,1,0
PAYSIM-6276607,TRANSFER,1,0
PAYSIM-6276608,CASH_OUT,1,0
PAYSIM-6276609,TRANSFER,1,0
PAYSIM-6276610,CASH_OUT,1,0
PAYSIM-6276611,TRANSFER,1,0
PAYSIM-6276612,CASH_OUT,1,0
PAYSIM-6276613,TRANSFER,1,0
PAYSIM-6276614,CASH_OUT,1,0
PAYSIM-6276615,TRANSFER,1,0
PAYSIM-6276616,CASH_OUT,1,0
PAYSIM-6276617,TRANSFER,1,0
PAYSIM-6276618,CASH_OUT,1,0
PAYSIM-6276619,TRANSFER,1,0
PAYSIM-6276620,CASH_OUT,1,0
PAYSIM-6276621,TRANSFER,1,0
PAYSIM-6276622,CASH_OUT,1,0
PAYSIM-6276623,TRANSFER,1,0
PAYSIM-6276624,CASH_OUT,1,0
PAYSIM-6276625,TRANSFER,1,0
PAYSIM-6276626,CASH_OUT,1,0
PAYSIM-6276869,TRANSFER,1,0
PAYSIM-6276870,CASH_OUT,1,0
PAYSIM-6276875,TRANSFER,1,0
PAYSIM-6276876,CASH_OUT,1,0
PAYSIM-6276980,TRANSFER,1,0
PAYSIM-6276981,CASH_OUT,1,0
PAYSIM-6277179,TRANSFER,1,0
PAYSIM-6277180,CASH_OUT,1,0
PAYSIM-6277248,TRANSFER,1,0
PAYSIM-6277249,CASH_OUT,1,0
PAYSIM-6277292,TRANSFER,1,0
PAYSIM-6277293,CASH_OUT,1,0
PAYSIM-6277530,TRANSFER,1,0
PAYSIM-6277531,CASH_OUT,1,0
PAYSIM-6278025,TRANSFER,1,0
PAYSIM-6278026,CASH_OUT,1,0
PAYSIM-6278027,TRANSFER,1,0
PAYSIM-6278028,CASH_OUT,1,0
PAYSIM-6278029,TRANSFER,1,0
PAYSIM-6278030,CASH_OUT,1,0
PAYSIM-6278031,TRANSFER,1,0
PAYSIM-6278032,CASH_OUT,1,0
PAYSIM-6278033,TRANSFER,1,0
PAYSIM-6278034,CASH_OUT,1,0
PAYSIM-6278191,TRANSFER,1,0
PAYSIM-6278192,CASH_OUT,1,0
PAYSIM-6278288,TRANSFER,1,0
PAYSIM-6278289,CASH_OUT,1,0
PAYSIM-6278422,TRANSFER,1,0
PAYSIM-6278423,CASH_OUT,1,0
PAYSIM-6278633,TRANSFER,1,0
PAYSIM-6278634,CASH_OUT,1,0
PAYSIM-6279176,TRANSFER,1,0
PAYSIM-6279177,CASH_OUT,1,0
PAYSIM-6279178,TRANSFER,1,0
PAYSIM-6279179,CASH_OUT,1,0
PAYSIM-6279180,TRANSFER,1,0
PAYSIM-6279181,CASH_OUT,1,0
PAYSIM-6279182,TRANSFER,1,0
PAYSIM-6279183,CASH_OUT,1,0
PAYSIM-6279184,TRANSFER,1,0
PAYSIM-6279185,CASH_OUT,1,0
PAYSIM-6279186,TRANSFER,1,0
PAYSIM-6279187,CASH_OUT,1,0
PAYSIM-6279188,TRANSFER,1,0
PAYSIM-6279189,CASH_OUT,1,0
PAYSIM-6279545,TRANSFER,1,0
PAYSIM-6279546,CASH_OUT,1,0
PAYSIM-6280085,TRANSFER,1,0
PAYSIM-6280086,CASH_OUT,1,0
PAYSIM-6280300,TRANSFER,1,0
PAYSIM-6280301,CASH_OUT,1,0
PAYSIM-6280929,TRANSFER,1,0
PAYSIM-6280930,CASH_OUT,1,0
PAYSIM-6281341,TRANSFER,1,0
PAYSIM-6281342,CASH_OUT,1,0
PAYSIM-6281457,TRANSFER,1,0
PAYSIM-6281458,CASH_OUT,1,0
PAYSIM-6281459,TRANSFER,1,0
PAYSIM-6281460,CASH_OUT,1,0
PAYSIM-6281461,TRANSFER,1,0
PAYSIM-6281462,CASH_OUT,1,0
PAYSIM-6281463,TRANSFER,1,0
PAYSIM-6281464,CASH_OUT,1,0
PAYSIM-6281465,TRANSFER,1,0
PAYSIM-6281466,CASH_OUT,1,0
PAYSIM-6281467,TRANSFER,1,0
PAYSIM-6281468,CASH_OUT,1,0
PAYSIM-6281469,TRANSFER,1,0
PAYSIM-6281470,CASH_OUT,1,0
PAYSIM-6281471,TRANSFER,1,0
PAYSIM-6281472,CASH_OUT,1,0
PAYSIM-6281473,TRANSFER,1,0
PAYSIM-6281474,CASH_OUT,1,0
PAYSIM-6281475,TRANSFER,1,0
PAYSIM-6281476,CASH_OUT,1,0
PAYSIM-6281477,TRANSFER,1,0
PAYSIM-6281478,CASH_OUT,1,0
PAYSIM-6281479,TRANSFER,1,0
PAYSIM-6281480,CASH_OUT,1,0
PAYSIM-6281481,TRANSFER,1,0
PAYSIM-6281482,CASH_OUT,1,0
PAYSIM-6281483,TRANSFER,1,1
PAYSIM-6281485,TRANSFER,1,1
PAYSIM-6281487,TRANSFER,1,0
PAYSIM-6281488,CASH_OUT,1,0
PAYSIM-6281489,TRANSFER,1,0
PAYSIM-6281490,CASH_OUT,1,0
PAYSIM-6281491,TRANSFER,1,0
PAYSIM-6281492,CASH_OUT,1,0
PAYSIM-6281493,TRANSFER,1,0
PAYSIM-6281494,CASH_OUT,1,0
PAYSIM-6281495,TRANSFER,1,0
PAYSIM-6281496,CASH_OUT,1,0
PAYSIM-6281497,TRANSFER,1,0
PAYSIM-6281498,CASH_OUT,1,0
PAYSIM-6281499,TRANSFER,1,0
PAYSIM-6281500,CASH_OUT,1,0
PAYSIM-6281501,TRANSFER,1,0
PAYSIM-6281502,CASH_OUT,1,0
PAYSIM-6281503,TRANSFER,1,0
PAYSIM-6281504,CASH_OUT,1,0
PAYSIM-6281505,TRANSFER,1,0
PAYSIM-6281506,CASH_OUT,1,0
PAYSIM-6281507,TRANSFER,1,0
PAYSIM-6281508,CASH_OUT,1,0
PAYSIM-6281509,TRANSFER,1,0
PAYSIM-6281510,CASH_OUT,1,0
PAYSIM-6281570,TRANSFER,1,0
PAYSIM-6281571,CASH_OUT,1,0
PAYSIM-6281576,TRANSFER,1,0
PAYSIM-6281577,CASH_OUT,1,0
PAYSIM-6281655,TRANSFER,1,0
PAYSIM-6281656,CASH_OUT,1,0
PAYSIM-6281697,TRANSFER,1,0
PAYSIM-6281698,CASH_OUT,1,0
PAYSIM-6281703,TRANSFER,1,0
PAYSIM-6281704,CASH_OUT,1,0
PAYSIM-6281774,TRANSFER,1,0
PAYSIM-6281775,CASH_OUT,1,0
PAYSIM-6281776,TRANSFER,1,0
PAYSIM-6281777,CASH_OUT,1,0
PAYSIM-6281778,TRANSFER,1,0
PAYSIM-6281779,CASH_OUT,1,0
PAYSIM-6281780,TRANSFER,1,0
PAYSIM-6281781,CASH_OUT,1,0
PAYSIM-6281782,TRANSFER,1,0
PAYSIM-6281783,CASH_OUT,1,0
PAYSIM-6281784,TRANSFER,1,0
PAYSIM-6281785,CASH_OUT,1,0
PAYSIM-6281786,TRANSFER,1,0
PAYSIM-6281787,CASH_OUT,1,0
PAYSIM-6281788,TRANSFER,1,0
PAYSIM-6281789,CASH_OUT,1,0
PAYSIM-6281790,TRANSFER,1,0
PAYSIM-6281791,CASH_OUT,1,0
PAYSIM-6281792,TRANSFER,1,0
PAYSIM-6281793,CASH_OUT,1,0
PAYSIM-6281794,TRANSFER,1,0
PAYSIM-6281795,CASH_OUT,1,0
PAYSIM-6281796,TRANSFER,1,0
PAYSIM-6281797,CASH_OUT,1,0
PAYSIM-6281798,TRANSFER,1,0
PAYSIM-6281799,CASH_OUT,1,0
PAYSIM-6281800,TRANSFER,1,0
PAYSIM-6281801,CASH_OUT,1,0
PAYSIM-6281802,TRANSFER,1,0
PAYSIM-6281803,CASH_OUT,1,0
PAYSIM-6281804,TRANSFER,1,0
PAYSIM-6281805,CASH_OUT,1,0
PAYSIM-6281806,TRANSFER,1,0
PAYSIM-6281807,CASH_OUT,1,0
PAYSIM-6281808,TRANSFER,1,0
PAYSIM-6281809,CASH_OUT,1,0
PAYSIM-6281810,TRANSFER,1,0
PAYSIM-6281811,CASH_OUT,1,0
PAYSIM-6281812,TRANSFER,1,0
PAYSIM-6281813,CASH_OUT,1,0
PAYSIM-6281814,TRANSFER,1,0
PAYSIM-6281815,CASH_OUT,1,0
PAYSIM-6281816,TRANSFER,1,0
PAYSIM-6281817,CASH_OUT,1,0
PAYSIM-6281818,TRANSFER,1,0
PAYSIM-6281819,CASH_OUT,1,0
PAYSIM-6281820,TRANSFER,1,0
PAYSIM-6281821,CASH_OUT,1,0
PAYSIM-6281822,TRANSFER,1,0
PAYSIM-6281823,CASH_OUT,1,0
PAYSIM-6281824,TRANSFER,1,0
PAYSIM-6281825,CASH_OUT,1,0
PAYSIM-6281826,TRANSFER,1,0
PAYSIM-6281827,CASH_OUT,1,0
PAYSIM-6281828,TRANSFER,1,0
PAYSIM-6281829,CASH_OUT,1,0
PAYSIM-6281830,TRANSFER,1,0
PAYSIM-6281831,CASH_OUT,1,0
PAYSIM-6281832,TRANSFER,1,0
PAYSIM-6281833,CASH_OUT,1,0
PAYSIM-6282118,TRANSFER,1,0
PAYSIM-6282119,CASH_OUT,1,0
PAYSIM-6282132,TRANSFER,1,0
PAYSIM-6282133,CASH_OUT,1,0
PAYSIM-6282223,TRANSFER,1,0
PAYSIM-6282224,CASH_OUT,1,0
PAYSIM-6282226,TRANSFER,1,0
PAYSIM-6282227,CASH_OUT,1,0
PAYSIM-6282441,TRANSFER,1,0
PAYSIM-6282442,CASH_OUT,1,0
PAYSIM-6282922,TRANSFER,1,0
PAYSIM-6282923,CASH_OUT,1,0
PAYSIM-6282969,TRANSFER,1,0
PAYSIM-6282970,CASH_OUT,1,0
PAYSIM-6283682,TRANSFER,1,0
PAYSIM-6283683,CASH_OUT,1,0
PAYSIM-6283799,TRANSFER,1,0
PAYSIM-6283800,CASH_OUT,1,0
PAYSIM-6283801,TRANSFER,1,0
PAYSIM-6283802,CASH_OUT,1,0
PAYSIM-6283803,TRANSFER,1,0
PAYSIM-6283804,CASH_OUT,1,0
PAYSIM-6283805,TRANSFER,1,0
PAYSIM-6283806,CASH_OUT,1,0
PAYSIM-6283807,TRANSFER,1,0
PAYSIM-6283808,CASH_OUT,1,0
PAYSIM-6283809,TRANSFER,1,0
PAYSIM-6283810,CASH_OUT,1,0
PAYSIM-6283811,TRANSFER,1,0
PAYSIM-6283812,CASH_OUT,1,0
PAYSIM-6283813,TRANSFER,1,0
PAYSIM-6283814,CASH_OUT,1,0
PAYSIM-6283815,TRANSFER,1,0
PAYSIM-6283816,CASH_OUT,1,0
PAYSIM-6283817,TRANSFER,1,0
PAYSIM-6283818,CASH_OUT,1,0
PAYSIM-6283819,TRANSFER,1,0
PAYSIM-6283820,CASH_OUT,1,0
PAYSIM-6283821,TRANSFER,1,0
PAYSIM-6283822,CASH_OUT,1,0
PAYSIM-6284234,TRANSFER,1,0
PAYSIM-6284235,CASH_OUT,1,0
PAYSIM-6284442,TRANSFER,1,0
PAYSIM-6284443,CASH_OUT,1,0
PAYSIM-6284988,TRANSFER,1,0
PAYSIM-6284989,CASH_OUT,1,0
PAYSIM-6285540,TRANSFER,1,0
PAYSIM-6285541,CASH_OUT,1,0
PAYSIM-6286016,TRANSFER,1,0
PAYSIM-6286017,CASH_OUT,1,0
PAYSIM-6286323,TRANSFER,1,0
PAYSIM-6286324,CASH_OUT,1,0
PAYSIM-6286325,TRANSFER,1,0
PAYSIM-6286326,CASH_OUT,1,0
PAYSIM-6286327,TRANSFER,1,0
PAYSIM-6286328,CASH_OUT,1,0
PAYSIM-6286329,TRANSFER,1,0
PAYSIM-6286330,CASH_OUT,1,0
PAYSIM-6286331,TRANSFER,1,0
PAYSIM-6286332,CASH_OUT,1,0
PAYSIM-6286333,TRANSFER,1,0
PAYSIM-6286334,CASH_OUT,1,0
PAYSIM-6288329,TRANSFER,1,0
PAYSIM-6288330,CASH_OUT,1,0
PAYSIM-6290017,TRANSFER,1,0
PAYSIM-6290018,CASH_OUT,1,0
PAYSIM-6290958,TRANSFER,1,0
PAYSIM-6290959,CASH_OUT,1,0
PAYSIM-6290960,TRANSFER,1,0
PAYSIM-6290961,CASH_OUT,1,0
PAYSIM-6291212,TRANSFER,1,0
PAYSIM-6291213,CASH_OUT,1,0
PAYSIM-6291214,TRANSFER,1,0
PAYSIM-6291215,CASH_OUT,1,0
PAYSIM-6291216,TRANSFER,1,0
PAYSIM-6291217,CASH_OUT,1,0
PAYSIM-6291218,TRANSFER,1,0
PAYSIM-6291219,CASH_OUT,1,0
PAYSIM-6291220,TRANSFER,1,0
PAYSIM-6291221,CASH_OUT,1,0
PAYSIM-6291222,TRANSFER,1,0
PAYSIM-6291223,CASH_OUT,1,0
PAYSIM-6291487,TRANSFER,1,0
PAYSIM-6291488,CASH_OUT,1,0
PAYSIM-6291682,TRANSFER,1,0
PAYSIM-6291683,CASH_OUT,1,0
PAYSIM-6291838,TRANSFER,1,0
PAYSIM-6291839,CASH_OUT,1,0
PAYSIM-6291906,TRANSFER,1,0
PAYSIM-6291907,CASH_OUT,1,0
PAYSIM-6292073,TRANSFER,1,0
PAYSIM-6292074,CASH_OUT,1,0
PAYSIM-6292083,TRANSFER,1,0
PAYSIM-6292084,CASH_OUT,1,0
PAYSIM-6292107,TRANSFER,1,0
PAYSIM-6292108,CASH_OUT,1,0
PAYSIM-6292252,TRANSFER,1,0
PAYSIM-6292253,CASH_OUT,1,0
PAYSIM-6292265,TRANSFER,1,0
PAYSIM-6292266,CASH_OUT,1,0
PAYSIM-6292295,TRANSFER,1,0
PAYSIM-6292296,CASH_OUT,1,0
PAYSIM-6292349,TRANSFER,1,0
PAYSIM-6292350,CASH_OUT,1,0
PAYSIM-6292351,TRANSFER,1,0
PAYSIM-6292352,CASH_OUT,1,0
PAYSIM-6292353,TRANSFER,1,0
PAYSIM-6292354,CASH_OUT,1,0
PAYSIM-6292355,TRANSFER,1,0
PAYSIM-6292356,CASH_OUT,1,0
PAYSIM-6292357,TRANSFER,1,0
PAYSIM-6292358,CASH_OUT,1,0
PAYSIM-6292359,TRANSFER,1,0
PAYSIM-6292360,CASH_OUT,1,0
PAYSIM-6292361,TRANSFER,1,0
PAYSIM-6292362,CASH_OUT,1,0
PAYSIM-6292363,TRANSFER,1,0
PAYSIM-6292364,CASH_OUT,1,0
PAYSIM-6292942,TRANSFER,1,0
PAYSIM-6292943,CASH_OUT,1,0
PAYSIM-6292988,TRANSFER,1,0
PAYSIM-6292989,CASH_OUT,1,0
PAYSIM-6293078,TRANSFER,1,0
PAYSIM-6293079,CASH_OUT,1,0
PAYSIM-6293765,TRANSFER,1,0
PAYSIM-6293766,CASH_OUT,1,0
PAYSIM-6293767,TRANSFER,1,0
PAYSIM-6293768,CASH_OUT,1,0
PAYSIM-6293769,TRANSFER,1,0
PAYSIM-6293770,CASH_OUT,1,0
PAYSIM-6293771,TRANSFER,1,0
PAYSIM-6293772,CASH_OUT,1,0
PAYSIM-6294026,TRANSFER,1,0
PAYSIM-6294027,CASH_OUT,1,0
PAYSIM-6294045,TRANSFER,1,0
PAYSIM-6294046,CASH_OUT,1,0
PAYSIM-6294066,TRANSFER,1,0
PAYSIM-6294067,CASH_OUT,1,0
PAYSIM-6294087,TRANSFER,1,0
PAYSIM-6294088,CASH_OUT,1,0
PAYSIM-6294304,TRANSFER,1,0
PAYSIM-6294305,CASH_OUT,1,0
PAYSIM-6294404,TRANSFER,1,0
PAYSIM-6294405,CASH_OUT,1,0
PAYSIM-6295111,TRANSFER,1,0
PAYSIM-6295112,CASH_OUT,1,0
PAYSIM-6295601,TRANSFER,1,0
PAYSIM-6295602,CASH_OUT,1,0
PAYSIM-6295603,TRANSFER,1,0
PAYSIM-6295604,CASH_OUT,1,0
PAYSIM-6295928,TRANSFER,1,0
PAYSIM-6295929,CASH_OUT,1,0
PAYSIM-6296001,TRANSFER,1,0
PAYSIM-6296002,CASH_OUT,1,0
PAYSIM-6296003,TRANSFER,1,0
PAYSIM-6296004,CASH_OUT,1,0
PAYSIM-6296005,TRANSFER,1,0
PAYSIM-6296006,CASH_OUT,1,0
PAYSIM-6296007,TRANSFER,1,0
PAYSIM-6296008,CASH_OUT,1,0
PAYSIM-6296009,TRANSFER,1,0
PAYSIM-6296010,CASH_OUT,1,0
PAYSIM-6296011,TRANSFER,1,0
PAYSIM-6296012,CASH_OUT,1,0
PAYSIM-6296013,TRANSFER,1,0
PAYSIM-6296014,CASH_OUT,1,0
PAYSIM-6296015,TRANSFER,1,1
PAYSIM-6296017,TRANSFER,1,0
PAYSIM-6296018,CASH_OUT,1,0
PAYSIM-6296028,TRANSFER,1,0
PAYSIM-6296029,CASH_OUT,1,0
PAYSIM-6296099,TRANSFER,1,0
PAYSIM-6296100,CASH_OUT,1,0
PAYSIM-6296128,TRANSFER,1,0
PAYSIM-6296129,CASH_OUT,1,0
PAYSIM-6296166,TRANSFER,1,0
PAYSIM-6296167,CASH_OUT,1,0
PAYSIM-6296183,TRANSFER,1,0
PAYSIM-6296184,CASH_OUT,1,0
PAYSIM-6296195,TRANSFER,1,0
PAYSIM-6296196,CASH_OUT,1,0
PAYSIM-6296245,TRANSFER,1,0
PAYSIM-6296246,CASH_OUT,1,0
PAYSIM-6296475,TRANSFER,1,0
PAYSIM-6296476,CASH_OUT,1,0
PAYSIM-6296580,TRANSFER,1,0
PAYSIM-6296581,CASH_OUT,1,0
PAYSIM-6296613,TRANSFER,1,0
PAYSIM-6296614,CASH_OUT,1,0
PAYSIM-6296617,TRANSFER,1,0
PAYSIM-6296618,CASH_OUT,1,0
PAYSIM-6296619,TRANSFER,1,0
PAYSIM-6296620,CASH_OUT,1,0
PAYSIM-6296621,TRANSFER,1,0
PAYSIM-6296622,CASH_OUT,1,0
PAYSIM-6296623,TRANSFER,1,0
PAYSIM-6296624,CASH_OUT,1,0
PAYSIM-6296625,TRANSFER,1,0
PAYSIM-6296626,CASH_OUT,1,0
PAYSIM-6296627,TRANSFER,1,0
PAYSIM-6296628,CASH_OUT,1,0
PAYSIM-6296629,TRANSFER,1,0
PAYSIM-6296630,CASH_OUT,1,0
PAYSIM-6296634,TRANSFER,1,0
PAYSIM-6296635,CASH_OUT,1,0
PAYSIM-6296640,TRANSFER,1,0
PAYSIM-6296641,CASH_OUT,1,0
PAYSIM-6296642,TRANSFER,1,0
PAYSIM-6296643,CASH_OUT,1,0
PAYSIM-6296644,TRANSFER,1,0
PAYSIM-6296645,CASH_OUT,1,0
PAYSIM-6296647,TRANSFER,1,0
PAYSIM-6296648,CASH_OUT,1,0
PAYSIM-6296661,TRANSFER,1,0
PAYSIM-6296662,CASH_OUT,1,0
PAYSIM-6296663,TRANSFER,1,0
PAYSIM-6296664,CASH_OUT,1,0
PAYSIM-6296665,TRANSFER,1,0
PAYSIM-6296666,CASH_OUT,1,0
PAYSIM-6296667,TRANSFER,1,0
PAYSIM-6296668,CASH_OUT,1,0
PAYSIM-6296669,TRANSFER,1,0
PAYSIM-6296670,CASH_OUT,1,0
PAYSIM-6296671,TRANSFER,1,0
PAYSIM-6296672,CASH_OUT,1,0
PAYSIM-6296673,TRANSFER,1,0
PAYSIM-6296674,CASH_OUT,1,0
PAYSIM-6296675,TRANSFER,1,0
PAYSIM-6296676,CASH_OUT,1,0
PAYSIM-6296677,TRANSFER,1,0
PAYSIM-6296678,CASH_OUT,1,0
PAYSIM-6296679,TRANSFER,1,0
PAYSIM-6296680,CASH_OUT,1,0
PAYSIM-6296681,TRANSFER,1,0
PAYSIM-6296682,CASH_OUT,1,0
PAYSIM-6296703,TRANSFER,1,0
PAYSIM-6296704,CASH_OUT,1,0
PAYSIM-6296740,TRANSFER,1,0
PAYSIM-6296741,CASH_OUT,1,0
PAYSIM-6296751,TRANSFER,1,0
PAYSIM-6296752,CASH_OUT,1,0
PAYSIM-6296755,TRANSFER,1,0
PAYSIM-6296756,CASH_OUT,1,0
PAYSIM-6296757,TRANSFER,1,0
PAYSIM-6296758,CASH_OUT,1,0
PAYSIM-6296759,TRANSFER,1,0
PAYSIM-6296760,CASH_OUT,1,0
PAYSIM-6296761,TRANSFER,1,0
PAYSIM-6296762,CASH_OUT,1,0
PAYSIM-6296763,TRANSFER,1,0
PAYSIM-6296764,CASH_OUT,1,0
PAYSIM-6296765,TRANSFER,1,0
PAYSIM-6296766,CASH_OUT,1,0
PAYSIM-6296767,TRANSFER,1,0
PAYSIM-6296768,CASH_OUT,1,0
PAYSIM-6296769,TRANSFER,1,0
PAYSIM-6296770,CASH_OUT,1,0
PAYSIM-6296771,TRANSFER,1,0
PAYSIM-6296772,CASH_OUT,1,0
PAYSIM-6296773,TRANSFER,1,0
PAYSIM-6296774,CASH_OUT,1,0
PAYSIM-6296775,TRANSFER,1,0
PAYSIM-6296776,CASH_OUT,1,0
PAYSIM-6298398,TRANSFER,1,0
PAYSIM-6298399,CASH_OUT,1,0
PAYSIM-6301228,TRANSFER,1,0
PAYSIM-6301229,CASH_OUT,1,0
PAYSIM-6301480,TRANSFER,1,0
PAYSIM-6301481,CASH_OUT,1,0
PAYSIM-6301482,TRANSFER,1,0
PAYSIM-6301483,CASH_OUT,1,0
PAYSIM-6301484,TRANSFER,1,0
PAYSIM-6301485,CASH_OUT,1,0
PAYSIM-6301877,TRANSFER,1,0
PAYSIM-6301878,CASH_OUT,1,0
PAYSIM-6302241,TRANSFER,1,0
PAYSIM-6302242,CASH_OUT,1,0
PAYSIM-6302451,TRANSFER,1,0
PAYSIM-6302452,CASH_OUT,1,0
PAYSIM-6303116,TRANSFER,1,0
PAYSIM-6303117,CASH_OUT,1,0
PAYSIM-6304739,TRANSFER,1,0
PAYSIM-6304740,CASH_OUT,1,0
PAYSIM-6305423,TRANSFER,1,0
PAYSIM-6305424,CASH_OUT,1,0
PAYSIM-6305734,TRANSFER,1,0
PAYSIM-6305735,CASH_OUT,1,0
PAYSIM-6307805,TRANSFER,1,0
PAYSIM-6307806,CASH_OUT,1,0
PAYSIM-6308240,TRANSFER,1,0
PAYSIM-6308241,CASH_OUT,1,0
PAYSIM-6308242,TRANSFER,1,0
PAYSIM-6308243,CASH_OUT,1,0
PAYSIM-6308244,TRANSFER,1,0
PAYSIM-6308245,CASH_OUT,1,0
PAYSIM-6308246,TRANSFER,1,0
PAYSIM-6308247,CASH_OUT,1,0
PAYSIM-6308248,TRANSFER,1,0
PAYSIM-6308249,CASH_OUT,1,0
PAYSIM-6308250,TRANSFER,1,0
PAYSIM-6308251,CASH_OUT,1,0
PAYSIM-6308252,TRANSFER,1,0
PAYSIM-6308253,CASH_OUT,1,0
PAYSIM-6308266,TRANSFER,1,0
PAYSIM-6308267,CASH_OUT,1,0
PAYSIM-6308480,TRANSFER,1,0
PAYSIM-6308481,CASH_OUT,1,0
PAYSIM-6309107,TRANSFER,1,0
PAYSIM-6309108,CASH_OUT,1,0
PAYSIM-6310008,TRANSFER,1,0
PAYSIM-6310009,CASH_OUT,1,0
PAYSIM-6310240,TRANSFER,1,0
PAYSIM-6310241,CASH_OUT,1,0
PAYSIM-6311687,TRANSFER,1,0
PAYSIM-6311688,CASH_OUT,1,0
PAYSIM-6311774,TRANSFER,1,0
PAYSIM-6311775,CASH_OUT,1,0
PAYSIM-6312188,TRANSFER,1,0
PAYSIM-6312189,CASH_OUT,1,0
PAYSIM-6317400,TRANSFER,1,0
PAYSIM-6317401,CASH_OUT,1,0
PAYSIM-6318817,TRANSFER,1,0
PAYSIM-6318818,CASH_OUT,1,0
PAYSIM-6318843,TRANSFER,1,0
PAYSIM-6318844,CASH_OUT,1,0
PAYSIM-6319337,TRANSFER,1,0
PAYSIM-6319338,CASH_OUT,1,0
PAYSIM-6321721,TRANSFER,1,0
PAYSIM-6321722,CASH_OUT,1,0
PAYSIM-6324680,TRANSFER,1,0
PAYSIM-6324681,CASH_OUT,1,0
PAYSIM-6325864,TRANSFER,1,0
PAYSIM-6325865,CASH_OUT,1,0
PAYSIM-6326142,TRANSFER,1,0
PAYSIM-6326143,CASH_OUT,1,0
PAYSIM-6328868,TRANSFER,1,0
PAYSIM-6328869,CASH_OUT,1,0
PAYSIM-6328870,TRANSFER,1,0
PAYSIM-6328871,CASH_OUT,1,0
PAYSIM-6328872,TRANSFER,1,0
PAYSIM-6328873,CASH_OUT,1,0
PAYSIM-6328874,TRANSFER,1,0
PAYSIM-6328875,CASH_OUT,1,0
PAYSIM-6328876,TRANSFER,1,0
PAYSIM-6328877,CASH_OUT,1,0
PAYSIM-6328878,TRANSFER,1,0
PAYSIM-6328879,CASH_OUT,1,0
PAYSIM-6328880,TRANSFER,1,0
PAYSIM-6328881,CASH_OUT,1,0
PAYSIM-6329015,TRANSFER,1,0
PAYSIM-6329016,CASH_OUT,1,0
PAYSIM-6329815,TRANSFER,1,0
PAYSIM-6329816,CASH_OUT,1,0
PAYSIM-6331586,TRANSFER,1,0
PAYSIM-6331587,CASH_OUT,1,0
PAYSIM-6332130,TRANSFER,1,0
PAYSIM-6332131,CASH_OUT,1,0
PAYSIM-6333195,TRANSFER,1,0
PAYSIM-6333196,CASH_OUT,1,0
PAYSIM-6333834,TRANSFER,1,0
PAYSIM-6333835,CASH_OUT,1,0
PAYSIM-6334492,TRANSFER,1,0
PAYSIM-6334493,CASH_OUT,1,0
PAYSIM-6334647,TRANSFER,1,0
PAYSIM-6334648,CASH_OUT,1,0
PAYSIM-6336148,TRANSFER,1,0
PAYSIM-6336149,CASH_OUT,1,0
PAYSIM-6336980,TRANSFER,1,0
PAYSIM-6336981,CASH_OUT,1,0
PAYSIM-6337938,TRANSFER,1,0
PAYSIM-6337939,CASH_OUT,1,0
PAYSIM-6338605,TRANSFER,1,0
PAYSIM-6338606,CASH_OUT,1,0
PAYSIM-6339138,TRANSFER,1,0
PAYSIM-6339139,CASH_OUT,1,0
PAYSIM-6339570,TRANSFER,1,0
PAYSIM-6339571,CASH_OUT,1,0
PAYSIM-6339604,TRANSFER,1,0
PAYSIM-6339605,CASH_OUT,1,0
PAYSIM-6339937,TRANSFER,1,0
PAYSIM-6339938,CASH_OUT,1,0
PAYSIM-6342579,TRANSFER,1,0
PAYSIM-6342580,CASH_OUT,1,0
PAYSIM-6343796,TRANSFER,1,0
PAYSIM-6343797,CASH_OUT,1,0
PAYSIM-6343984,TRANSFER,1,0
PAYSIM-6343985,CASH_OUT,1,0
PAYSIM-6344448,TRANSFER,1,0
PAYSIM-6344449,CASH_OUT,1,0
PAYSIM-6344707,TRANSFER,1,0
PAYSIM-6344708,CASH_OUT,1,0
PAYSIM-6344709,TRANSFER,1,0
PAYSIM-6344710,CASH_OUT,1,0
PAYSIM-6345561,TRANSFER,1,0
PAYSIM-6345562,CASH_OUT,1,0
PAYSIM-6345563,TRANSFER,1,0
PAYSIM-6345564,CASH_OUT,1,0
PAYSIM-6346017,TRANSFER,1,0
PAYSIM-6346018,CASH_OUT,1,0
PAYSIM-6346135,TRANSFER,1,0
PAYSIM-6346136,CASH_OUT,1,0
PAYSIM-6346140,TRANSFER,1,0
PAYSIM-6346141,CASH_OUT,1,0
PAYSIM-6346288,TRANSFER,1,0
PAYSIM-6346289,CASH_OUT,1,0
PAYSIM-6346814,TRANSFER,1,0
PAYSIM-6346815,CASH_OUT,1,0
PAYSIM-6347061,TRANSFER,1,0
PAYSIM-6347062,CASH_OUT,1,0
PAYSIM-6347063,TRANSFER,1,0
PAYSIM-6347064,CASH_OUT,1,0
PAYSIM-6347176,TRANSFER,1,0
PAYSIM-6347177,CASH_OUT,1,0
PAYSIM-6347724,TRANSFER,1,0
PAYSIM-6347725,CASH_OUT,1,0
PAYSIM-6347758,TRANSFER,1,0
PAYSIM-6347759,CASH_OUT,1,0
PAYSIM-6347931,TRANSFER,1,0
PAYSIM-6347932,CASH_OUT,1,0
PAYSIM-6348060,TRANSFER,1,0
PAYSIM-6348061,CASH_OUT,1,0
PAYSIM-6348540,TRANSFER,1,0
PAYSIM-6348541,CASH_OUT,1,0
PAYSIM-6348631,TRANSFER,1,0
PAYSIM-6348632,CASH_OUT,1,0
PAYSIM-6349215,TRANSFER,1,0
PAYSIM-6349216,CASH_OUT,1,0
PAYSIM-6349484,TRANSFER,1,0
PAYSIM-6349485,CASH_OUT,1,0
PAYSIM-6350320,TRANSFER,1,0
PAYSIM-6350321,CASH_OUT,1,0
PAYSIM-6351056,TRANSFER,1,0
PAYSIM-6351057,CASH_OUT,1,0
PAYSIM-6351058,TRANSFER,1,0
PAYSIM-6351059,CASH_OUT,1,0
PAYSIM-6351060,TRANSFER,1,0
PAYSIM-6351061,CASH_OUT,1,0
PAYSIM-6351062,TRANSFER,1,0
PAYSIM-6351063,CASH_OUT,1,0
PAYSIM-6351064,TRANSFER,1,0
PAYSIM-6351065,CASH_OUT,1,0
PAYSIM-6351066,TRANSFER,1,0
PAYSIM-6351067,CASH_OUT,1,0
PAYSIM-6351068,TRANSFER,1,0
PAYSIM-6351069,CASH_OUT,1,0
PAYSIM-6351070,TRANSFER,1,0
PAYSIM-6351071,CASH_OUT,1,0
PAYSIM-6351072,TRANSFER,1,0
PAYSIM-6351073,CASH_OUT,1,0
PAYSIM-6351074,TRANSFER,1,0
PAYSIM-6351075,CASH_OUT,1,0
PAYSIM-6351079,TRANSFER,1,0
PAYSIM-6351080,CASH_OUT,1,0
PAYSIM-6351081,TRANSFER,1,0
PAYSIM-6351082,CASH_OUT,1,0
PAYSIM-6351083,TRANSFER,1,0
PAYSIM-6351084,CASH_OUT,1,0
PAYSIM-6351127,TRANSFER,1,0
PAYSIM-6351128,CASH_OUT,1,0
PAYSIM-6351129,TRANSFER,1,0
PAYSIM-6351130,CASH_OUT,1,0
PAYSIM-6351131,TRANSFER,1,0
PAYSIM-6351132,CASH_OUT,1,0
PAYSIM-6351136,TRANSFER,1,0
PAYSIM-6351137,CASH_OUT,1,0
PAYSIM-6351142,TRANSFER,1,0
PAYSIM-6351143,CASH_OUT,1,0
PAYSIM-6351144,TRANSFER,1,0
PAYSIM-6351145,CASH_OUT,1,0
PAYSIM-6351146,TRANSFER,1,0
PAYSIM-6351147,CASH_OUT,1,0
PAYSIM-6351150,TRANSFER,1,0
PAYSIM-6351151,CASH_OUT,1,0
PAYSIM-6351183,TRANSFER,1,0
PAYSIM-6351184,CASH_OUT,1,0
PAYSIM-6351186,TRANSFER,1,0
PAYSIM-6351187,CASH_OUT,1,0
PAYSIM-6351189,TRANSFER,1,0
PAYSIM-6351190,CASH_OUT,1,0
PAYSIM-6351191,TRANSFER,1,0
PAYSIM-6351192,CASH_OUT,1,0
PAYSIM-6351194,TRANSFER,1,0
PAYSIM-6351195,CASH_OUT,1,0
PAYSIM-6351196,TRANSFER,1,0
PAYSIM-6351197,CASH_OUT,1,0
PAYSIM-6351198,TRANSFER,1,0
PAYSIM-6351199,CASH_OUT,1,0
PAYSIM-6351200,TRANSFER,1,0
PAYSIM-6351201,CASH_OUT,1,0
PAYSIM-6351202,TRANSFER,1,0
PAYSIM-6351203,CASH_OUT,1,0
PAYSIM-6351204,TRANSFER,1,0
PAYSIM-6351205,CASH_OUT,1,0
PAYSIM-6351206,TRANSFER,1,0
PAYSIM-6351207,CASH_OUT,1,0
PAYSIM-6351208,TRANSFER,1,0
PAYSIM-6351209,CASH_OUT,1,0
PAYSIM-6351210,TRANSFER,1,0
PAYSIM-6351211,CASH_OUT,1,0
PAYSIM-6351212,TRANSFER,1,0
PAYSIM-6351213,CASH_OUT,1,0
PAYSIM-6351214,TRANSFER,1,0
PAYSIM-6351215,CASH_OUT,1,0
PAYSIM-6351216,TRANSFER,1,0
PAYSIM-6351217,CASH_OUT,1,0
PAYSIM-6351218,TRANSFER,1,0
PAYSIM-6351219,CASH_OUT,1,0
PAYSIM-6351220,TRANSFER,1,0
PAYSIM-6351221,CASH_OUT,1,0
PAYSIM-6351222,TRANSFER,1,0
PAYSIM-6351223,CASH_OUT,1,0
PAYSIM-6351224,TRANSFER,1,0
PAYSIM-6351225,CASH_OUT,1,0
PAYSIM-6351226,TRANSFER,1,1
PAYSIM-6351228,TRANSFER,1,0
PAYSIM-6351229,CASH_OUT,1,0
PAYSIM-6351230,TRANSFER,1,0
PAYSIM-6351231,CASH_OUT,1,0
PAYSIM-6351232,TRANSFER,1,0
PAYSIM-6351233,CASH_OUT,1,0
PAYSIM-6351234,TRANSFER,1,0
PAYSIM-6351235,CASH_OUT,1,0
PAYSIM-6351236,TRANSFER,1,0
PAYSIM-6351237,CASH_OUT,1,0
PAYSIM-6351238,TRANSFER,1,0
PAYSIM-6351239,CASH_OUT,1,0
PAYSIM-6351240,TRANSFER,1,0
PAYSIM-6351241,CASH_OUT,1,0
PAYSIM-6351242,TRANSFER,1,0
PAYSIM-6351243,CASH_OUT,1,0
PAYSIM-6351244,TRANSFER,1,0
PAYSIM-6351245,CASH_OUT,1,0
PAYSIM-6351246,TRANSFER,1,0
PAYSIM-6351247,CASH_OUT,1,0
PAYSIM-6351248,TRANSFER,1,0
PAYSIM-6351249,CASH_OUT,1,0
PAYSIM-6351250,TRANSFER,1,0
PAYSIM-6351251,CASH_OUT,1,0
PAYSIM-6351252,TRANSFER,1,0
PAYSIM-6351253,CASH_OUT,1,0
PAYSIM-6351254,TRANSFER,1,0
PAYSIM-6351255,CASH_OUT,1,0
PAYSIM-6351303,TRANSFER,1,0
PAYSIM-6351304,CASH_OUT,1,0
PAYSIM-6351544,TRANSFER,1,0
PAYSIM-6351545,CASH_OUT,1,0
PAYSIM-6352863,TRANSFER,1,0
PAYSIM-6352864,CASH_OUT,1,0
PAYSIM-6353186,TRANSFER,1,0
PAYSIM-6353187,CASH_OUT,1,0
PAYSIM-6353396,TRANSFER,1,0
PAYSIM-6353397,CASH_OUT,1,0
PAYSIM-6353618,TRANSFER,1,0
PAYSIM-6353619,CASH_OUT,1,0
PAYSIM-6353620,TRANSFER,1,0
PAYSIM-6353621,CASH_OUT,1,0
PAYSIM-6353676,TRANSFER,1,0
PAYSIM-6353677,CASH_OUT,1,0
PAYSIM-6353755,TRANSFER,1,0
PAYSIM-6353756,CASH_OUT,1,0
PAYSIM-6353758,TRANSFER,1,0
PAYSIM-6353759,CASH_OUT,1,0
PAYSIM-6353848,TRANSFER,1,0
PAYSIM-6353849,CASH_OUT,1,0
PAYSIM-6353885,TRANSFER,1,0
PAYSIM-6353886,CASH_OUT,1,0
PAYSIM-6353931,TRANSFER,1,0
PAYSIM-6353932,CASH_OUT,1,0
PAYSIM-6353933,TRANSFER,1,0
PAYSIM-6353934,CASH_OUT,1,0
PAYSIM-6355230,TRANSFER,1,0
PAYSIM-6355231,CASH_OUT,1,0
PAYSIM-6355836,TRANSFER,1,0
PAYSIM-6355837,CASH_OUT,1,0
PAYSIM-6356155,TRANSFER,1,0
PAYSIM-6356156,CASH_OUT,1,0
PAYSIM-6356174,TRANSFER,1,0
PAYSIM-6356175,CASH_OUT,1,0
PAYSIM-6356309,TRANSFER,1,0
PAYSIM-6356310,CASH_OUT,1,0
PAYSIM-6356871,TRANSFER,1,0
PAYSIM-6356872,CASH_OUT,1,0
PAYSIM-6357391,TRANSFER,1,0
PAYSIM-6357392,CASH_OUT,1,0
PAYSIM-6357393,TRANSFER,1,0
PAYSIM-6357394,CASH_OUT,1,0
PAYSIM-6357395,TRANSFER,1,0
PAYSIM-6357396,CASH_OUT,1,0
PAYSIM-6357397,TRANSFER,1,0
PAYSIM-6357398,CASH_OUT,1,0
PAYSIM-6357491,TRANSFER,1,0
PAYSIM-6357492,CASH_OUT,1,0
PAYSIM-6358036,TRANSFER,1,0
PAYSIM-6358037,CASH_OUT,1,0
PAYSIM-6358038,TRANSFER,1,0
PAYSIM-6358039,CASH_OUT,1,0
PAYSIM-6358040,TRANSFER,1,0
PAYSIM-6358041,CASH_OUT,1,0
PAYSIM-6358042,TRANSFER,1,0
PAYSIM-6358043,CASH_OUT,1,0
PAYSIM-6358044,TRANSFER,1,0
PAYSIM-6358045,CASH_OUT,1,0
PAYSIM-6358047,TRANSFER,1,0
PAYSIM-6358048,CASH_OUT,1,0
PAYSIM-6358053,TRANSFER,1,0
PAYSIM-6358054,CASH_OUT,1,0
PAYSIM-6358055,TRANSFER,1,0
PAYSIM-6358056,CASH_OUT,1,0
PAYSIM-6358057,TRANSFER,1,0
PAYSIM-6358058,CASH_OUT,1,0
PAYSIM-6358060,TRANSFER,1,0
PAYSIM-6358061,CASH_OUT,1,0
PAYSIM-6358067,TRANSFER,1,0
PAYSIM-6358068,CASH_OUT,1,0
PAYSIM-6358069,TRANSFER,1,0
PAYSIM-6358070,CASH_OUT,1,0
PAYSIM-6358071,TRANSFER,1,0
PAYSIM-6358072,CASH_OUT,1,0
PAYSIM-6358073,TRANSFER,1,0
PAYSIM-6358074,CASH_OUT,1,0
PAYSIM-6358380,TRANSFER,1,0
PAYSIM-6358381,CASH_OUT,1,0
PAYSIM-6358555,TRANSFER,1,0
PAYSIM-6358556,CASH_OUT,1,0
PAYSIM-6358605,TRANSFER,1,0
PAYSIM-6358606,CASH_OUT,1,0
PAYSIM-6358609,TRANSFER,1,0
PAYSIM-6358610,CASH_OUT,1,0
PAYSIM-6358611,TRANSFER,1,0
PAYSIM-6358612,CASH_OUT,1,0
PAYSIM-6358711,TRANSFER,1,0
PAYSIM-6358712,CASH_OUT,1,0
PAYSIM-6358745,TRANSFER,1,0
PAYSIM-6358746,CASH_OUT,1,0
PAYSIM-6359044,TRANSFER,1,0
PAYSIM-6359045,CASH_OUT,1,0
PAYSIM-6359257,TRANSFER,1,0
PAYSIM-6359258,CASH_OUT,1,0
PAYSIM-6359400,TRANSFER,1,0
PAYSIM-6359401,CASH_OUT,1,0
PAYSIM-6359827,TRANSFER,1,0
PAYSIM-6359828,CASH_OUT,1,0
PAYSIM-6360384,TRANSFER,1,0
PAYSIM-6360385,CASH_OUT,1,0
PAYSIM-6360681,TRANSFER,1,0
PAYSIM-6360682,CASH_OUT,1,0
PAYSIM-6360698,TRANSFER,1,0
PAYSIM-6360699,CASH_OUT,1,0
PAYSIM-6360705,TRANSFER,1,0
PAYSIM-6360706,CASH_OUT,1,0
PAYSIM-6360741,TRANSFER,1,0
PAYSIM-6360742,CASH_OUT,1,0
PAYSIM-6360893,TRANSFER,1,0
PAYSIM-6360894,CASH_OUT,1,0
PAYSIM-6360920,TRANSFER,1,0
PAYSIM-6360921,CASH_OUT,1,0
PAYSIM-6361048,TRANSFER,1,0
PAYSIM-6361049,CASH_OUT,1,0
PAYSIM-6361143,TRANSFER,1,0
PAYSIM-6361144,CASH_OUT,1,0
PAYSIM-6361196,TRANSFER,1,0
PAYSIM-6361197,CASH_OUT,1,0
PAYSIM-6361198,TRANSFER,1,0
PAYSIM-6361199,CASH_OUT,1,0
PAYSIM-6361419,TRANSFER,1,0
PAYSIM-6361420,CASH_OUT,1,0
PAYSIM-6361505,TRANSFER,1,0
PAYSIM-6361506,CASH_OUT,1,0
PAYSIM-6361624,TRANSFER,1,0
PAYSIM-6361625,CASH_OUT,1,0
PAYSIM-6361722,TRANSFER,1,0
PAYSIM-6361723,CASH_OUT,1,0
PAYSIM-6361724,TRANSFER,1,0
PAYSIM-6361725,CASH_OUT,1,0
PAYSIM-6361833,TRANSFER,1,0
PAYSIM-6361834,CASH_OUT,1,0
PAYSIM-6362139,TRANSFER,1,0
PAYSIM-6362140,CASH_OUT,1,0
PAYSIM-6362239,TRANSFER,1,0
PAYSIM-6362240,CASH_OUT,1,0
PAYSIM-6362325,TRANSFER,1,0
PAYSIM-6362326,CASH_OUT,1,0
PAYSIM-6362327,TRANSFER,1,0
PAYSIM-6362328,CASH_OUT,1,0
PAYSIM-6362329,TRANSFER,1,0
PAYSIM-6362330,CASH_OUT,1,0
PAYSIM-6362331,TRANSFER,1,0
PAYSIM-6362332,CASH_OUT,1,0
PAYSIM-6362333,TRANSFER,1,0
PAYSIM-6362334,CASH_OUT,1,0
PAYSIM-6362335,TRANSFER,1,0
PAYSIM-6362336,CASH_OUT,1,0
PAYSIM-6362337,TRANSFER,1,0
PAYSIM-6362338,CASH_OUT,1,0
PAYSIM-6362339,TRANSFER,1,0
PAYSIM-6362340,CASH_OUT,1,0
PAYSIM-6362341,TRANSFER,1,0
PAYSIM-6362342,CASH_OUT,1,0
PAYSIM-6362343,TRANSFER,1,0
PAYSIM-6362344,CASH_OUT,1,0
PAYSIM-6362345,TRANSFER,1,0
PAYSIM-6362346,CASH_OUT,1,0
PAYSIM-6362347,TRANSFER,1,0
PAYSIM-6362348,CASH_OUT,1,0
PAYSIM-6362349,TRANSFER,1,0
PAYSIM-6362350,CASH_OUT,1,0
PAYSIM-6362351,TRANSFER,1,0
PAYSIM-6362352,CASH_OUT,1,0
PAYSIM-6362353,TRANSFER,1,0
PAYSIM-6362354,CASH_OUT,1,0
PAYSIM-6362355,TRANSFER,1,0
PAYSIM-6362356,CASH_OUT,1,0
PAYSIM-6362357,TRANSFER,1,0
PAYSIM-6362358,CASH_OUT,1,0
PAYSIM-6362359,TRANSFER,1,0
PAYSIM-6362360,CASH_OUT,1,0
PAYSIM-6362361,TRANSFER,1,0
PAYSIM-6362362,CASH_OUT,1,0
PAYSIM-6362363,TRANSFER,1,0
PAYSIM-6362364,CASH_OUT,1,0
PAYSIM-6362365,TRANSFER,1,0
PAYSIM-6362366,CASH_OUT,1,0
PAYSIM-6362367,TRANSFER,1,0
PAYSIM-6362368,CASH_OUT,1,0
PAYSIM-6362369,TRANSFER,1,0
PAYSIM-6362370,CASH_OUT,1,0
PAYSIM-6362371,TRANSFER,1,0
PAYSIM-6362372,CASH_OUT,1,0
PAYSIM-6362373,TRANSFER,1,0
PAYSIM-6362374,CASH_OUT,1,0
PAYSIM-6362375,TRANSFER,1,0
PAYSIM-6362376,CASH_OUT,1,0
PAYSIM-6362377,TRANSFER,1,0
PAYSIM-6362378,CASH_OUT,1,0
PAYSIM-6362379,TRANSFER,1,0
PAYSIM-6362380,CASH_OUT,1,0
PAYSIM-6362381,TRANSFER,1,0
PAYSIM-6362382,CASH_OUT,1,0
PAYSIM-6362383,TRANSFER,1,0
PAYSIM-6362384,CASH_OUT,1,0
PAYSIM-6362385,TRANSFER,1,0
PAYSIM-6362386,CASH_OUT,1,0
PAYSIM-6362387,TRANSFER,1,0
PAYSIM-6362388,CASH_OUT,1,0
PAYSIM-6362389,TRANSFER,1,0
PAYSIM-6362390,CASH_OUT,1,0
PAYSIM-6362391,TRANSFER,1,0
PAYSIM-6362392,CASH_OUT,1,0
PAYSIM-6362393,TRANSFER,1,0
PAYSIM-6362394,CASH_OUT,1,0
PAYSIM-6362395,TRANSFER,1,0
PAYSIM-6362396,CASH_OUT,1,0
PAYSIM-6362397,TRANSFER,1,0
PAYSIM-6362398,CASH_OUT,1,0
PAYSIM-6362399,TRANSFER,1,0
PAYSIM-6362400,CASH_OUT,1,0
PAYSIM-6362401,TRANSFER,1,0
PAYSIM-6362402,CASH_OUT,1,0
PAYSIM-6362403,TRANSFER,1,0
PAYSIM-6362404,CASH_OUT,1,0
PAYSIM-6362405,TRANSFER,1,0
PAYSIM-6362406,CASH_OUT,1,0
PAYSIM-6362407,TRANSFER,1,0
PAYSIM-6362408,CASH_OUT,1,0
PAYSIM-6362409,TRANSFER,1,0
PAYSIM-6362410,CASH_OUT,1,0
PAYSIM-6362411,TRANSFER,1,0
PAYSIM-6362412,CASH_OUT,1,0
PAYSIM-6362413,TRANSFER,1,0
PAYSIM-6362414,CASH_OUT,1,0
PAYSIM-6362415,TRANSFER,1,0
PAYSIM-6362416,CASH_OUT,1,0
PAYSIM-6362417,TRANSFER,1,0
PAYSIM-6362418,CASH_OUT,1,0
PAYSIM-6362419,TRANSFER,1,0
PAYSIM-6362420,CASH_OUT,1,0
PAYSIM-6362421,TRANSFER,1,0
PAYSIM-6362422,CASH_OUT,1,0
PAYSIM-6362423,TRANSFER,1,0
PAYSIM-6362424,CASH_OUT,1,0
PAYSIM-6362425,TRANSFER,1,0
PAYSIM-6362426,CASH_OUT,1,0
PAYSIM-6362427,TRANSFER,1,0
PAYSIM-6362428,CASH_OUT,1,0
PAYSIM-6362429,TRANSFER,1,0
PAYSIM-6362430,CASH_OUT,1,0
PAYSIM-6362431,TRANSFER,1,0
PAYSIM-6362432,CASH_OUT,1,0
PAYSIM-6362433,TRANSFER,1,0
PAYSIM-6362434,CASH_OUT,1,0
PAYSIM-6362435,TRANSFER,1,0
PAYSIM-6362436,CASH_OUT,1,0
PAYSIM-6362437,TRANSFER,1,0
PAYSIM-6362438,CASH_OUT,1,0
PAYSIM-6362439,TRANSFER,1,0
PAYSIM-6362440,CASH_OUT,1,0
PAYSIM-6362441,TRANSFER,1,0
PAYSIM-6362442,CASH_OUT,1,0
PAYSIM-6362443,TRANSFER,1,0
PAYSIM-6362444,CASH_OUT,1,0
PAYSIM-6362445,TRANSFER,1,0
PAYSIM-6362446,CASH_OUT,1,0
PAYSIM-6362447,TRANSFER,1,0
PAYSIM-6362448,CASH_OUT,1,0
PAYSIM-6362449,TRANSFER,1,0
PAYSIM-6362450,CASH_OUT,1,0
PAYSIM-6362451,TRANSFER,1,0
PAYSIM-6362452,CASH_OUT,1,0
PAYSIM-6362453,TRANSFER,1,0
PAYSIM-6362454,CASH_OUT,1,0
PAYSIM-6362455,TRANSFER,1,0
PAYSIM-6362456,CASH_OUT,1,0
PAYSIM-6362457,TRANSFER,1,0
PAYSIM-6362458,CASH_OUT,1,0
PAYSIM-6362459,TRANSFER,1,0
PAYSIM-6362460,CASH_OUT,1,0
PAYSIM-6362461,TRANSFER,1,1
PAYSIM-6362463,TRANSFER,1,1
PAYSIM-6362465,TRANSFER,1,0
PAYSIM-6362466,CASH_OUT,1,0
PAYSIM-6362467,TRANSFER,1,0
PAYSIM-6362468,CASH_OUT,1,0
PAYSIM-6362469,TRANSFER,1,0
PAYSIM-6362470,CASH_OUT,1,0
PAYSIM-6362471,TRANSFER,1,0
PAYSIM-6362472,CASH_OUT,1,0
PAYSIM-6362473,TRANSFER,1,0
PAYSIM-6362474,CASH_OUT,1,0
PAYSIM-6362475,TRANSFER,1,0
PAYSIM-6362476,CASH_OUT,1,0
PAYSIM-6362477,TRANSFER,1,0
PAYSIM-6362478,CASH_OUT,1,0
PAYSIM-6362479,TRANSFER,1,0
PAYSIM-6362480,CASH_OUT,1,0
PAYSIM-6362481,TRANSFER,1,0
PAYSIM-6362482,CASH_OUT,1,0
PAYSIM-6362483,TRANSFER,1,0
PAYSIM-6362484,CASH_OUT,1,0
PAYSIM-6362485,TRANSFER,1,0
PAYSIM-6362486,CASH_OUT,1,0
PAYSIM-6362487,TRANSFER,1,0
PAYSIM-6362488,CASH_OUT,1,0
PAYSIM-6362489,TRANSFER,1,0
PAYSIM-6362490,CASH_OUT,1,0
PAYSIM-6362491,TRANSFER,1,0
PAYSIM-6362492,CASH_OUT,1,0
PAYSIM-6362493,TRANSFER,1,0
PAYSIM-6362494,CASH_OUT,1,0
PAYSIM-6362495,TRANSFER,1,0
PAYSIM-6362496,CASH_OUT,1,0
PAYSIM-6362497,TRANSFER,1,0
PAYSIM-6362498,CASH_OUT,1,0
PAYSIM-6362499,TRANSFER,1,0
PAYSIM-6362500,CASH_OUT,1,0
PAYSIM-6362501,TRANSFER,1,0
PAYSIM-6362502,CASH_OUT,1,0
PAYSIM-6362503,TRANSFER,1,0
PAYSIM-6362504,CASH_OUT,1,0
PAYSIM-6362505,TRANSFER,1,0
PAYSIM-6362506,CASH_OUT,1,0
PAYSIM-6362507,TRANSFER,1,0
PAYSIM-6362508,CASH_OUT,1,0
PAYSIM-6362509,TRANSFER,1,0
PAYSIM-6362510,CASH_OUT,1,0
PAYSIM-6362511,TRANSFER,1,0
PAYSIM-6362512,CASH_OUT,1,0
PAYSIM-6362513,TRANSFER,1,0
PAYSIM-6362514,CASH_OUT,1,0
PAYSIM-6362515,TRANSFER,1,0
PAYSIM-6362516,CASH_OUT,1,0
PAYSIM-6362517,TRANSFER,1,0
PAYSIM-6362518,CASH_OUT,1,0
PAYSIM-6362519,TRANSFER,1,0
PAYSIM-6362520,CASH_OUT,1,0
PAYSIM-6362521,TRANSFER,1,0
PAYSIM-6362522,CASH_OUT,1,0
PAYSIM-6362523,TRANSFER,1,0
PAYSIM-6362524,CASH_OUT,1,0
PAYSIM-6362525,TRANSFER,1,0
PAYSIM-6362526,CASH_OUT,1,0
PAYSIM-6362527,TRANSFER,1,0
PAYSIM-6362528,CASH_OUT,1,0
PAYSIM-6362529,TRANSFER,1,0
PAYSIM-6362530,CASH_OUT,1,0
PAYSIM-6362531,TRANSFER,1,0
PAYSIM-6362532,CASH_OUT,1,0
PAYSIM-6362533,TRANSFER,1,0
PAYSIM-6362534,CASH_OUT,1,0
PAYSIM-6362535,TRANSFER,1,0
PAYSIM-6362536,CASH_OUT,1,0
PAYSIM-6362537,TRANSFER,1,0
PAYSIM-6362538,CASH_OUT,1,0
PAYSIM-6362539,TRANSFER,1,0
PAYSIM-6362540,CASH_OUT,1,0
PAYSIM-6362541,TRANSFER,1,0
PAYSIM-6362542,CASH_OUT,1,0
PAYSIM-6362543,TRANSFER,1,0
PAYSIM-6362544,CASH_OUT,1,0
PAYSIM-6362545,TRANSFER,1,0
PAYSIM-6362546,CASH_OUT,1,0
PAYSIM-6362547,TRANSFER,1,0
PAYSIM-6362548,CASH_OUT,1,0
PAYSIM-6362549,TRANSFER,1,0
PAYSIM-6362550,CASH_OUT,1,0
PAYSIM-6362551,TRANSFER,1,0
PAYSIM-6362552,CASH_OUT,1,0
PAYSIM-6362553,TRANSFER,1,0
PAYSIM-6362554,CASH_OUT,1,0
PAYSIM-6362555,TRANSFER,1,0
PAYSIM-6362556,CASH_OUT,1,0
PAYSIM-6362557,TRANSFER,1,0
PAYSIM-6362558,CASH_OUT,1,0
PAYSIM-6362559,TRANSFER,1,0
PAYSIM-6362560,CASH_OUT,1,0
PAYSIM-6362561,TRANSFER,1,0
PAYSIM-6362562,CASH_OUT,1,0
PAYSIM-6362563,TRANSFER,1,0
PAYSIM-6362564,CASH_OUT,1,0
PAYSIM-6362565,TRANSFER,1,0
PAYSIM-6362566,CASH_OUT,1,0
PAYSIM-6362567,TRANSFER,1,0
PAYSIM-6362568,CASH_OUT,1,0
PAYSIM-6362569,TRANSFER,1,0
PAYSIM-6362570,CASH_OUT,1,0
PAYSIM-6362571,TRANSFER,1,0
PAYSIM-6362572,CASH_OUT,1,0
PAYSIM-6362573,TRANSFER,1,0
PAYSIM-6362574,CASH_OUT,1,0
PAYSIM-6362575,TRANSFER,1,0
PAYSIM-6362576,CASH_OUT,1,0
PAYSIM-6362577,TRANSFER,1,0
PAYSIM-6362578,CASH_OUT,1,0
PAYSIM-6362579,TRANSFER,1,0
PAYSIM-6362580,CASH_OUT,1,0
PAYSIM-6362581,TRANSFER,1,0
PAYSIM-6362582,CASH_OUT,1,0
PAYSIM-6362583,TRANSFER,1,0
PAYSIM-6362584,CASH_OUT,1,0
PAYSIM-6362585,TRANSFER,1,1
PAYSIM-6362587,TRANSFER,1,0
PAYSIM-6362588,CASH_OUT,1,0
PAYSIM-6362589,TRANSFER,1,0
PAYSIM-6362590,CASH_OUT,1,0
PAYSIM-6362591,TRANSFER,1,0
PAYSIM-6362592,CASH_OUT,1,0
PAYSIM-6362593,TRANSFER,1,0
PAYSIM-6362594,CASH_OUT,1,0
PAYSIM-6362595,TRANSFER,1,0
PAYSIM-6362596,CASH_OUT,1,0
PAYSIM-6362597,TRANSFER,1,0
PAYSIM-6362598,CASH_OUT,1,0
PAYSIM-6362599,TRANSFER,1,0
PAYSIM-6362600,CASH_OUT,1,0
PAYSIM-6362601,TRANSFER,1,0
PAYSIM-6362602,CASH_OUT,1,0
PAYSIM-6362603,TRANSFER,1,0
PAYSIM-6362604,CASH_OUT,1,0
PAYSIM-6362605,TRANSFER,1,0
PAYSIM-6362606,CASH_OUT,1,0
PAYSIM-6362607,TRANSFER,1,0
PAYSIM-6362608,CASH_OUT,1,0
PAYSIM-6362609,TRANSFER,1,0
PAYSIM-6362610,CASH_OUT,1,0
PAYSIM-6362611,TRANSFER,1,0
PAYSIM-6362612,CASH_OUT,1,0
PAYSIM-6362613,TRANSFER,1,0
PAYSIM-6362614,CASH_OUT,1,0
PAYSIM-6362615,TRANSFER,1,0
PAYSIM-6362616,CASH_OUT,1,0
PAYSIM-6362617,TRANSFER,1,0
PAYSIM-6362618,CASH_OUT,1,0
PAYSIM-6362619,TRANSFER,1,0
PAYSIM-6362620,CASH_OUT,1,0
